[2026-01-06 16:46:29.274] [INFO ][main][LibraryAdminApplication] Starting LibraryAdminApplication using Java 21.0.6 with PID 25456 (E:\library\library\library-admin\target\classes started by shent in E:\library\library)
[2026-01-06 16:46:29.279] [INFO ][main][LibraryAdminApplication] The following 1 profile is active: "dev"
[2026-01-06 16:46:29.802] [INFO ][main][Http11NioProtocol] Initializing ProtocolHandler ["http-nio-8081"]
[2026-01-06 16:46:29.803] [INFO ][main][StandardService] Starting service [Tomcat]
[2026-01-06 16:46:29.803] [INFO ][main][StandardEngine] Starting Servlet engine: [Apache Tomcat/10.1.50]
[2026-01-06 16:46:29.832] [INFO ][main][[/api/library]] Initializing Spring embedded WebApplicationContext
[2026-01-06 16:46:30.076] [INFO ][main][Http11NioProtocol] Starting ProtocolHandler ["http-nio-8081"]
[2026-01-06 16:46:30.096] [INFO ][main][LibraryAdminApplication] Started LibraryAdminApplication in 1.11 seconds (process running for 1.875)
[2026-01-06 16:46:58.933] [INFO ][main][LibraryAdminApplication] Starting LibraryAdminApplication using Java 21.0.6 with PID 13832 (E:\library\library\library-admin\target\classes started by shent in E:\library\library)
[2026-01-06 16:46:58.939] [INFO ][main][LibraryAdminApplication] The following 1 profile is active: "dev"
[2026-01-06 16:46:59.443] [INFO ][main][Http11NioProtocol] Initializing ProtocolHandler ["http-nio-8081"]
[2026-01-06 16:46:59.444] [INFO ][main][StandardService] Starting service [Tomcat]
[2026-01-06 16:46:59.444] [INFO ][main][StandardEngine] Starting Servlet engine: [Apache Tomcat/10.1.50]
[2026-01-06 16:46:59.472] [INFO ][main][[/api/library]] Initializing Spring embedded WebApplicationContext
[2026-01-06 16:46:59.698] [INFO ][main][Http11NioProtocol] Starting ProtocolHandler ["http-nio-8081"]
[2026-01-06 16:46:59.717] [INFO ][main][LibraryAdminApplication] Started LibraryAdminApplication in 1.079 seconds (process running for 1.905)
[2026-01-06 16:47:13.101] [INFO ][main][LibraryAdminApplication] Starting LibraryAdminApplication using Java 21.0.6 with PID 33556 (E:\library\library\library-admin\target\classes started by shent in E:\library\library)
[2026-01-06 16:47:13.105] [INFO ][main][LibraryAdminApplication] The following 1 profile is active: "dev"
[2026-01-06 16:47:13.524] [INFO ][main][Http11NioProtocol] Initializing ProtocolHandler ["http-nio-8081"]
[2026-01-06 16:47:13.524] [INFO ][main][StandardService] Starting service [Tomcat]
[2026-01-06 16:47:13.525] [INFO ][main][StandardEngine] Starting Servlet engine: [Apache Tomcat/10.1.50]
[2026-01-06 16:47:13.558] [INFO ][main][[/api/library]] Initializing Spring embedded WebApplicationContext
[2026-01-06 16:47:13.740] [INFO ][main][Http11NioProtocol] Starting ProtocolHandler ["http-nio-8081"]
[2026-01-06 16:47:13.756] [INFO ][main][LibraryAdminApplication] Started LibraryAdminApplication in 0.908 seconds (process running for 1.474)
[2026-01-06 17:08:36.392] [INFO ][main][LibraryAdminApplication] Starting LibraryAdminApplication using Java 21.0.6 with PID 30920 (E:\library\library\library-admin\target\classes started by shent in E:\library\library)
[2026-01-06 17:08:36.397] [INFO ][main][LibraryAdminApplication] The following 1 profile is active: "dev"
[2026-01-06 17:08:37.065] [INFO ][main][Http11NioProtocol] Initializing ProtocolHandler ["http-nio-8081"]
[2026-01-06 17:08:37.066] [INFO ][main][StandardService] Starting service [Tomcat]
[2026-01-06 17:08:37.066] [INFO ][main][StandardEngine] Starting Servlet engine: [Apache Tomcat/10.1.50]
[2026-01-06 17:08:37.094] [INFO ][main][[/api/library]] Initializing Spring embedded WebApplicationContext
[2026-01-06 17:08:37.310] [INFO ][main][StandardService] Stopping service [Tomcat]
[2026-01-09 15:18:14.259] [INFO ][main][LibraryAdminApplication] Starting LibraryAdminApplication using Java 21.0.6 with PID 4200 (E:\library\library\library-admin\target\classes started by shent in E:\library\library)
[2026-01-09 15:18:14.265] [INFO ][main][LibraryAdminApplication] The following 1 profile is active: "dev"
[2026-01-09 15:18:15.160] [INFO ][main][Http11NioProtocol] Initializing ProtocolHandler ["http-nio-8080"]
[2026-01-09 15:18:15.161] [INFO ][main][StandardService] Starting service [Tomcat]
[2026-01-09 15:18:15.161] [INFO ][main][StandardEngine] Starting Servlet engine: [Apache Tomcat/10.1.50]
[2026-01-09 15:18:15.197] [INFO ][main][[/api/library]] Initializing Spring embedded WebApplicationContext
[2026-01-09 15:18:15.459] [INFO ][main][StandardService] Stopping service [Tomcat]
[2026-01-09 15:23:46.674] [INFO ][main][LibraryAdminApplication] Starting LibraryAdminApplication using Java 21.0.6 with PID 252 (E:\library\library\library-admin\target\classes started by shent in E:\library\library)
[2026-01-09 15:23:46.679] [INFO ][main][LibraryAdminApplication] The following 1 profile is active: "dev"
[2026-01-09 15:23:47.353] [INFO ][main][Http11NioProtocol] Initializing ProtocolHandler ["http-nio-8080"]
[2026-01-09 15:23:47.354] [INFO ][main][StandardService] Starting service [Tomcat]
[2026-01-09 15:23:47.354] [INFO ][main][StandardEngine] Starting Servlet engine: [Apache Tomcat/10.1.50]
[2026-01-09 15:23:47.389] [INFO ][main][[/api/library]] Initializing Spring embedded WebApplicationContext
[2026-01-09 15:23:47.775] [INFO ][main][Http11NioProtocol] Starting ProtocolHandler ["http-nio-8080"]
[2026-01-09 15:23:47.796] [INFO ][main][LibraryAdminApplication] Started LibraryAdminApplication in 1.463 seconds (process running for 2.309)
[2026-01-09 15:23:47.823] [INFO ][main][DruidDataSource] {dataSource-0} closing ...
[2026-01-09 15:24:04.842] [INFO ][main][LibraryAdminApplication] Starting LibraryAdminApplication using Java 21.0.6 with PID 14792 (E:\library\library\library-admin\target\classes started by shent in E:\library\library)
[2026-01-09 15:24:04.849] [INFO ][main][LibraryAdminApplication] The following 1 profile is active: "dev"
[2026-01-09 15:24:05.534] [INFO ][main][Http11NioProtocol] Initializing ProtocolHandler ["http-nio-8080"]
[2026-01-09 15:24:05.535] [INFO ][main][StandardService] Starting service [Tomcat]
[2026-01-09 15:24:05.535] [INFO ][main][StandardEngine] Starting Servlet engine: [Apache Tomcat/10.1.50]
[2026-01-09 15:24:05.565] [INFO ][main][[/api/library]] Initializing Spring embedded WebApplicationContext
[2026-01-09 15:24:05.924] [INFO ][main][Http11NioProtocol] Starting ProtocolHandler ["http-nio-8080"]
[2026-01-09 15:24:05.943] [INFO ][main][LibraryAdminApplication] Started LibraryAdminApplication in 1.409 seconds (process running for 2.203)
[2026-01-09 15:24:05.970] [INFO ][main][DruidDataSource] {dataSource-0} closing ...
[2026-01-09 15:24:17.679] [INFO ][main][LibraryAdminApplication] Starting LibraryAdminApplication using Java 21.0.6 with PID 22128 (E:\library\library\library-admin\target\classes started by shent in E:\library\library)
[2026-01-09 15:24:17.683] [INFO ][main][LibraryAdminApplication] The following 1 profile is active: "dev"
[2026-01-09 15:24:18.287] [INFO ][main][Http11NioProtocol] Initializing ProtocolHandler ["http-nio-8080"]
[2026-01-09 15:24:18.288] [INFO ][main][StandardService] Starting service [Tomcat]
[2026-01-09 15:24:18.289] [INFO ][main][StandardEngine] Starting Servlet engine: [Apache Tomcat/10.1.50]
[2026-01-09 15:24:18.315] [INFO ][main][[/api/library]] Initializing Spring embedded WebApplicationContext
[2026-01-09 15:24:18.638] [INFO ][main][Http11NioProtocol] Starting ProtocolHandler ["http-nio-8080"]
[2026-01-09 15:24:18.653] [INFO ][main][LibraryAdminApplication] Started LibraryAdminApplication in 1.246 seconds (process running for 1.851)
[2026-01-09 15:24:18.677] [INFO ][main][DruidDataSource] {dataSource-0} closing ...
[2026-01-09 15:25:09.142] [INFO ][main][LibraryAdminApplication] Starting LibraryAdminApplication using Java 21.0.6 with PID 16940 (E:\library\library\library-admin\target\classes started by shent in E:\library\library)
[2026-01-09 15:25:09.148] [INFO ][main][LibraryAdminApplication] The following 1 profile is active: "dev"
[2026-01-09 15:25:09.736] [INFO ][main][Http11NioProtocol] Initializing ProtocolHandler ["http-nio-8080"]
[2026-01-09 15:25:09.737] [INFO ][main][StandardService] Starting service [Tomcat]
[2026-01-09 15:25:09.737] [INFO ][main][StandardEngine] Starting Servlet engine: [Apache Tomcat/10.1.50]
[2026-01-09 15:25:09.763] [INFO ][main][[/api/library]] Initializing Spring embedded WebApplicationContext
[2026-01-09 15:25:10.082] [INFO ][main][Http11NioProtocol] Starting ProtocolHandler ["http-nio-8080"]
[2026-01-09 15:25:10.098] [INFO ][main][LibraryAdminApplication] Started LibraryAdminApplication in 1.236 seconds (process running for 1.822)
[2026-01-09 15:25:10.121] [INFO ][main][DruidDataSource] {dataSource-0} closing ...
[2026-01-09 15:31:36.559] [INFO ][main][LibraryAdminApplication] Starting LibraryAdminApplication using Java 21.0.6 with PID 26160 (E:\library\library\library-admin\target\classes started by shent in E:\library\library)
[2026-01-09 15:31:36.565] [INFO ][main][LibraryAdminApplication] The following 1 profile is active: "dev"
[2026-01-09 15:31:37.253] [INFO ][main][Http11NioProtocol] Initializing ProtocolHandler ["http-nio-8080"]
[2026-01-09 15:31:37.254] [INFO ][main][StandardService] Starting service [Tomcat]
[2026-01-09 15:31:37.254] [INFO ][main][StandardEngine] Starting Servlet engine: [Apache Tomcat/10.1.50]
[2026-01-09 15:31:37.285] [INFO ][main][[/api/library]] Initializing Spring embedded WebApplicationContext
[2026-01-09 15:31:37.492] [INFO ][main][StandardService] Stopping service [Tomcat]
[2026-01-09 15:32:52.960] [INFO ][main][LibraryAdminApplication] Starting LibraryAdminApplication using Java 21.0.6 with PID 11944 (E:\library\library\library-admin\target\classes started by shent in E:\library\library)
[2026-01-09 15:32:52.968] [INFO ][main][LibraryAdminApplication] The following 1 profile is active: "dev"
[2026-01-09 15:32:53.660] [INFO ][main][Http11NioProtocol] Initializing ProtocolHandler ["http-nio-8080"]
[2026-01-09 15:32:53.661] [INFO ][main][StandardService] Starting service [Tomcat]
[2026-01-09 15:32:53.661] [INFO ][main][StandardEngine] Starting Servlet engine: [Apache Tomcat/10.1.50]
[2026-01-09 15:32:53.692] [INFO ][main][[/api/library]] Initializing Spring embedded WebApplicationContext
[2026-01-09 15:32:53.902] [INFO ][main][StandardService] Stopping service [Tomcat]
[2026-01-09 15:33:49.622] [INFO ][main][LibraryAdminApplication] Starting LibraryAdminApplication using Java 21.0.6 with PID 18616 (E:\library\library\library-admin\target\classes started by shent in E:\library\library)
[2026-01-09 15:33:49.628] [INFO ][main][LibraryAdminApplication] The following 1 profile is active: "dev"
[2026-01-09 15:33:50.325] [INFO ][main][Http11NioProtocol] Initializing ProtocolHandler ["http-nio-8080"]
[2026-01-09 15:33:50.326] [INFO ][main][StandardService] Starting service [Tomcat]
[2026-01-09 15:33:50.326] [INFO ][main][StandardEngine] Starting Servlet engine: [Apache Tomcat/10.1.50]
[2026-01-09 15:33:50.355] [INFO ][main][[/api/library]] Initializing Spring embedded WebApplicationContext
[2026-01-09 15:33:50.565] [INFO ][main][StandardService] Stopping service [Tomcat]
[2026-01-09 15:34:21.484] [INFO ][main][LibraryAdminApplication] Starting LibraryAdminApplication using Java 21.0.6 with PID 26184 (E:\library\library\library-admin\target\classes started by shent in E:\library\library)
[2026-01-09 15:34:21.491] [INFO ][main][LibraryAdminApplication] The following 1 profile is active: "dev"
[2026-01-09 15:34:22.175] [INFO ][main][Http11NioProtocol] Initializing ProtocolHandler ["http-nio-8080"]
[2026-01-09 15:34:22.176] [INFO ][main][StandardService] Starting service [Tomcat]
[2026-01-09 15:34:22.176] [INFO ][main][StandardEngine] Starting Servlet engine: [Apache Tomcat/10.1.50]
[2026-01-09 15:34:22.207] [INFO ][main][[/api/library]] Initializing Spring embedded WebApplicationContext
[2026-01-09 15:34:22.562] [INFO ][main][Http11NioProtocol] Starting ProtocolHandler ["http-nio-8080"]
[2026-01-09 15:34:22.583] [INFO ][main][LibraryAdminApplication] Started LibraryAdminApplication in 1.437 seconds (process running for 2.243)
[2026-01-09 15:34:22.612] [INFO ][main][DruidDataSource] {dataSource-0} closing ...
[2026-01-09 15:38:22.361] [INFO ][main][LibraryAdminApplication] Starting LibraryAdminApplication using Java 21.0.6 with PID 3128 (E:\library\library\library-admin\target\classes started by shent in E:\library\library)
[2026-01-09 15:38:22.366] [INFO ][main][LibraryAdminApplication] The following 1 profile is active: "dev"
[2026-01-09 15:38:23.027] [INFO ][main][Http11NioProtocol] Initializing ProtocolHandler ["http-nio-8080"]
[2026-01-09 15:38:23.028] [INFO ][main][StandardService] Starting service [Tomcat]
[2026-01-09 15:38:23.029] [INFO ][main][StandardEngine] Starting Servlet engine: [Apache Tomcat/10.1.50]
[2026-01-09 15:38:23.061] [INFO ][main][[/api/library]] Initializing Spring embedded WebApplicationContext
[2026-01-09 15:38:23.425] [INFO ][main][Http11NioProtocol] Starting ProtocolHandler ["http-nio-8080"]
[2026-01-09 15:38:23.445] [INFO ][main][LibraryAdminApplication] Started LibraryAdminApplication in 1.403 seconds (process running for 2.251)
[2026-01-09 16:10:07.160] [INFO ][SpringApplicationShutdownHook][DruidDataSource] {dataSource-0} closing ...
[2026-01-09 16:10:15.840] [INFO ][main][LibraryAdminApplication] Starting LibraryAdminApplication using Java 21.0.6 with PID 26348 (E:\library\library\library-admin\target\classes started by shent in E:\library\library)
[2026-01-09 16:10:15.846] [INFO ][main][LibraryAdminApplication] The following 1 profile is active: "dev"
[2026-01-09 16:10:16.570] [INFO ][main][Http11NioProtocol] Initializing ProtocolHandler ["http-nio-8080"]
[2026-01-09 16:10:16.571] [INFO ][main][StandardService] Starting service [Tomcat]
[2026-01-09 16:10:16.571] [INFO ][main][StandardEngine] Starting Servlet engine: [Apache Tomcat/10.1.50]
[2026-01-09 16:10:16.601] [INFO ][main][[/api/library]] Initializing Spring embedded WebApplicationContext
[2026-01-09 16:10:16.857] [INFO ][main][DruidDataSourceAutoConfigure] Init DruidDataSource
[2026-01-09 16:10:17.231] [INFO ][main][DruidDataSource] {dataSource-1} inited
[2026-01-09 16:10:17.366] [INFO ][main][Http11NioProtocol] Starting ProtocolHandler ["http-nio-8080"]
[2026-01-09 16:10:17.384] [INFO ][main][LibraryAdminApplication] Started LibraryAdminApplication in 1.862 seconds (process running for 2.702)
[2026-01-09 16:13:08.704] [INFO ][SpringApplicationShutdownHook][DruidDataSource] {dataSource-1} closing ...
[2026-01-09 16:13:08.709] [INFO ][SpringApplicationShutdownHook][DruidDataSource] {dataSource-1} closed
[2026-01-13 20:14:20.278] [INFO ][main][LibraryAdminApplication] Starting LibraryAdminApplication using Java 21.0.6 with PID 22808 (E:\library\library\library-admin\target\classes started by shent in E:\library\library)
[2026-01-13 20:14:20.285] [INFO ][main][LibraryAdminApplication] The following 1 profile is active: "dev"
[2026-01-13 20:14:21.180] [INFO ][main][Http11NioProtocol] Initializing ProtocolHandler ["http-nio-8080"]
[2026-01-13 20:14:21.182] [INFO ][main][StandardService] Starting service [Tomcat]
[2026-01-13 20:14:21.182] [INFO ][main][StandardEngine] Starting Servlet engine: [Apache Tomcat/10.1.50]
[2026-01-13 20:14:21.219] [INFO ][main][[/api/library]] Initializing Spring embedded WebApplicationContext
[2026-01-13 20:14:21.511] [INFO ][main][DruidDataSourceAutoConfigure] Init DruidDataSource
[2026-01-13 20:14:22.022] [INFO ][main][DruidDataSource] {dataSource-1} inited
[2026-01-13 20:14:22.192] [INFO ][main][Http11NioProtocol] Starting ProtocolHandler ["http-nio-8080"]
[2026-01-13 20:14:22.212] [INFO ][main][LibraryAdminApplication] Started LibraryAdminApplication in 2.311 seconds (process running for 3.836)
[2026-01-13 20:14:28.126] [INFO ][SpringApplicationShutdownHook][DruidDataSource] {dataSource-1} closing ...
[2026-01-13 20:14:28.131] [INFO ][SpringApplicationShutdownHook][DruidDataSource] {dataSource-1} closed
[2026-01-17 00:52:47.656] [INFO ][main][LibraryAdminApplication] Starting LibraryAdminApplication using Java 21.0.6 with PID 15876 (E:\library\library\library-admin\target\classes started by shent in E:\library\library)
[2026-01-17 00:52:47.663] [INFO ][main][LibraryAdminApplication] The following 1 profile is active: "dev"
[2026-01-17 00:52:48.491] [INFO ][main][Http11NioProtocol] Initializing ProtocolHandler ["http-nio-8080"]
[2026-01-17 00:52:48.492] [INFO ][main][StandardService] Starting service [Tomcat]
[2026-01-17 00:52:48.492] [INFO ][main][StandardEngine] Starting Servlet engine: [Apache Tomcat/10.1.50]
[2026-01-17 00:52:48.536] [INFO ][main][[/api/library]] Initializing Spring embedded WebApplicationContext
[2026-01-17 00:52:48.813] [INFO ][main][DruidDataSourceAutoConfigure] Init DruidDataSource
[2026-01-17 00:52:49.296] [INFO ][main][DruidDataSource] {dataSource-1} inited
[2026-01-17 00:52:49.451] [INFO ][main][Http11NioProtocol] Starting ProtocolHandler ["http-nio-8080"]
[2026-01-17 00:52:49.470] [INFO ][main][LibraryAdminApplication] Started LibraryAdminApplication in 2.186 seconds (process running for 3.25)
[2026-01-17 00:52:51.762] [INFO ][SpringApplicationShutdownHook][DruidDataSource] {dataSource-1} closing ...
[2026-01-17 00:52:51.766] [INFO ][SpringApplicationShutdownHook][DruidDataSource] {dataSource-1} closed
[2026-01-17 01:09:07.687] [INFO ][background-preinit][Version] HV000001: Hibernate Validator 8.0.3.Final
[2026-01-17 01:09:07.711] [INFO ][main][LibraryAdminApplication] Starting LibraryAdminApplication using Java 21.0.6 with PID 26776 (E:\library\library\library-admin\target\classes started by shent in E:\library\library)
[2026-01-17 01:09:07.715] [INFO ][main][LibraryAdminApplication] The following 1 profile is active: "dev"
[2026-01-17 01:14:17.874] [INFO ][background-preinit][Version] HV000001: Hibernate Validator 8.0.3.Final
[2026-01-17 01:14:17.908] [INFO ][main][LibraryAdminApplication] Starting LibraryAdminApplication using Java 21.0.6 with PID 22876 (E:\library\library\library-admin\target\classes started by shent in E:\library\library)
[2026-01-17 01:14:17.910] [INFO ][main][LibraryAdminApplication] The following 1 profile is active: "dev"
[2026-01-17 01:14:18.724] [INFO ][main][Http11NioProtocol] Initializing ProtocolHandler ["http-nio-8080"]
[2026-01-17 01:14:18.725] [INFO ][main][StandardService] Starting service [Tomcat]
[2026-01-17 01:14:18.725] [INFO ][main][StandardEngine] Starting Servlet engine: [Apache Tomcat/10.1.50]
[2026-01-17 01:14:18.757] [INFO ][main][[/api/library]] Initializing Spring embedded WebApplicationContext
[2026-01-17 01:14:18.855] [INFO ][main][DruidDataSourceAutoConfigure] Init DruidDataSource
[2026-01-17 01:14:19.231] [INFO ][main][DruidDataSource] {dataSource-1} inited
[2026-01-17 01:14:19.691] [INFO ][main][Http11NioProtocol] Starting ProtocolHandler ["http-nio-8080"]
[2026-01-17 01:14:19.708] [INFO ][main][LibraryAdminApplication] Started LibraryAdminApplication in 2.136 seconds (process running for 3.157)
[2026-01-17 01:15:56.924] [INFO ][SpringApplicationShutdownHook][DruidDataSource] {dataSource-1} closing ...
[2026-01-17 01:15:56.928] [INFO ][SpringApplicationShutdownHook][DruidDataSource] {dataSource-1} closed
[2026-01-28 00:21:34.481] [INFO ][background-preinit][Version] HV000001: Hibernate Validator 8.0.3.Final
[2026-01-28 00:21:34.521] [INFO ][main][LibraryAdminApplication] Starting LibraryAdminApplication using Java 21.0.6 with PID 14524 (E:\library\library\library-admin\target\classes started by shent in E:\library\library)
[2026-01-28 00:21:34.526] [INFO ][main][LibraryAdminApplication] The following 1 profile is active: "dev"
[2026-01-28 00:21:35.498] [INFO ][main][Http11NioProtocol] Initializing ProtocolHandler ["http-nio-8080"]
[2026-01-28 00:21:35.499] [INFO ][main][StandardService] Starting service [Tomcat]
[2026-01-28 00:21:35.500] [INFO ][main][StandardEngine] Starting Servlet engine: [Apache Tomcat/10.1.50]
[2026-01-28 00:21:35.539] [INFO ][main][[/api/library]] Initializing Spring embedded WebApplicationContext
[2026-01-28 00:21:35.659] [INFO ][main][DruidDataSourceAutoConfigure] Init DruidDataSource
[2026-01-28 00:21:35.931] [ERROR][main][DruidDataSource] init datasource error, url: jdbc:mysql://127.0.0.1:3307/library_v1?useUnicode=true&characterEncoding=UTF-8&serverTimezone=Asia/Taipei&rewriteBatchedStatements=true&allowPublicKeyRetrieval=true&useSSL=false
java.sql.SQLException: Access denied for user 'mike'@'172.18.0.1' (using password: YES)
	at com.mysql.cj.jdbc.exceptions.SQLError.createSQLException(SQLError.java:130) ~[mysql-connector-j-8.0.33.jar:8.0.33]
	at com.mysql.cj.jdbc.exceptions.SQLExceptionsMapping.translateException(SQLExceptionsMapping.java:122) ~[mysql-connector-j-8.0.33.jar:8.0.33]
	at com.mysql.cj.jdbc.ConnectionImpl.createNewIO(ConnectionImpl.java:825) ~[mysql-connector-j-8.0.33.jar:8.0.33]
	at com.mysql.cj.jdbc.ConnectionImpl.<init>(ConnectionImpl.java:446) ~[mysql-connector-j-8.0.33.jar:8.0.33]
	at com.mysql.cj.jdbc.ConnectionImpl.getInstance(ConnectionImpl.java:239) ~[mysql-connector-j-8.0.33.jar:8.0.33]
	at com.mysql.cj.jdbc.NonRegisteringDriver.connect(NonRegisteringDriver.java:188) ~[mysql-connector-j-8.0.33.jar:8.0.33]
	at com.alibaba.druid.filter.FilterChainImpl.connection_connect(FilterChainImpl.java:132) ~[druid-1.2.27.jar:?]
	at com.alibaba.druid.filter.FilterAdapter.connection_connect(FilterAdapter.java:764) ~[druid-1.2.27.jar:?]
	at com.alibaba.druid.filter.FilterEventAdapter.connection_connect(FilterEventAdapter.java:33) ~[druid-1.2.27.jar:?]
	at com.alibaba.druid.filter.FilterChainImpl.connection_connect(FilterChainImpl.java:126) ~[druid-1.2.27.jar:?]
	at com.alibaba.druid.filter.FilterAdapter.connection_connect(FilterAdapter.java:764) ~[druid-1.2.27.jar:?]
	at com.alibaba.druid.filter.FilterChainImpl.connection_connect(FilterChainImpl.java:126) ~[druid-1.2.27.jar:?]
	at com.alibaba.druid.filter.stat.StatFilter.connection_connect(StatFilter.java:244) ~[druid-1.2.27.jar:?]
	at com.alibaba.druid.filter.FilterChainImpl.connection_connect(FilterChainImpl.java:126) ~[druid-1.2.27.jar:?]
	at com.alibaba.druid.pool.DruidAbstractDataSource.createPhysicalConnection(DruidAbstractDataSource.java:1695) ~[druid-1.2.27.jar:?]
	at com.alibaba.druid.pool.DruidAbstractDataSource.createPhysicalConnection(DruidAbstractDataSource.java:1811) ~[druid-1.2.27.jar:?]
	at com.alibaba.druid.pool.DruidDataSource.init(DruidDataSource.java:787) ~[druid-1.2.27.jar:?]
	at com.alibaba.druid.spring.boot3.autoconfigure.DruidDataSourceWrapper.afterPropertiesSet(DruidDataSourceWrapper.java:51) ~[druid-spring-boot-3-starter-1.2.27.jar:?]
	at org.springframework.beans.factory.support.AbstractAutowireCapableBeanFactory.invokeInitMethods(AbstractAutowireCapableBeanFactory.java:1873) ~[spring-beans-6.2.15.jar:6.2.15]
	at org.springframework.beans.factory.support.AbstractAutowireCapableBeanFactory.initializeBean(AbstractAutowireCapableBeanFactory.java:1822) ~[spring-beans-6.2.15.jar:6.2.15]
	at org.springframework.beans.factory.support.AbstractAutowireCapableBeanFactory.doCreateBean(AbstractAutowireCapableBeanFactory.java:607) ~[spring-beans-6.2.15.jar:6.2.15]
	at org.springframework.beans.factory.support.AbstractAutowireCapableBeanFactory.createBean(AbstractAutowireCapableBeanFactory.java:529) ~[spring-beans-6.2.15.jar:6.2.15]
	at org.springframework.beans.factory.support.AbstractBeanFactory.lambda$doGetBean$0(AbstractBeanFactory.java:339) ~[spring-beans-6.2.15.jar:6.2.15]
	at org.springframework.beans.factory.support.DefaultSingletonBeanRegistry.getSingleton(DefaultSingletonBeanRegistry.java:373) ~[spring-beans-6.2.15.jar:6.2.15]
	at org.springframework.beans.factory.support.AbstractBeanFactory.doGetBean(AbstractBeanFactory.java:337) ~[spring-beans-6.2.15.jar:6.2.15]
	at org.springframework.beans.factory.support.AbstractBeanFactory.getBean(AbstractBeanFactory.java:202) ~[spring-beans-6.2.15.jar:6.2.15]
	at org.springframework.beans.factory.support.DefaultListableBeanFactory.doResolveDependency(DefaultListableBeanFactory.java:1708) ~[spring-beans-6.2.15.jar:6.2.15]
	at org.springframework.beans.factory.support.DefaultListableBeanFactory.resolveDependency(DefaultListableBeanFactory.java:1653) ~[spring-beans-6.2.15.jar:6.2.15]
	at org.springframework.beans.factory.support.ConstructorResolver.resolveAutowiredArgument(ConstructorResolver.java:913) ~[spring-beans-6.2.15.jar:6.2.15]
	at org.springframework.beans.factory.support.ConstructorResolver.createArgumentArray(ConstructorResolver.java:791) ~[spring-beans-6.2.15.jar:6.2.15]
	at org.springframework.beans.factory.support.ConstructorResolver.instantiateUsingFactoryMethod(ConstructorResolver.java:546) ~[spring-beans-6.2.15.jar:6.2.15]
	at org.springframework.beans.factory.support.AbstractAutowireCapableBeanFactory.instantiateUsingFactoryMethod(AbstractAutowireCapableBeanFactory.java:1375) ~[spring-beans-6.2.15.jar:6.2.15]
	at org.springframework.beans.factory.support.AbstractAutowireCapableBeanFactory.createBeanInstance(AbstractAutowireCapableBeanFactory.java:1205) ~[spring-beans-6.2.15.jar:6.2.15]
	at org.springframework.beans.factory.support.AbstractAutowireCapableBeanFactory.doCreateBean(AbstractAutowireCapableBeanFactory.java:569) ~[spring-beans-6.2.15.jar:6.2.15]
	at org.springframework.beans.factory.support.AbstractAutowireCapableBeanFactory.createBean(AbstractAutowireCapableBeanFactory.java:529) ~[spring-beans-6.2.15.jar:6.2.15]
	at org.springframework.beans.factory.support.AbstractBeanFactory.lambda$doGetBean$0(AbstractBeanFactory.java:339) ~[spring-beans-6.2.15.jar:6.2.15]
	at org.springframework.beans.factory.support.DefaultSingletonBeanRegistry.getSingleton(DefaultSingletonBeanRegistry.java:373) ~[spring-beans-6.2.15.jar:6.2.15]
	at org.springframework.beans.factory.support.AbstractBeanFactory.doGetBean(AbstractBeanFactory.java:337) ~[spring-beans-6.2.15.jar:6.2.15]
	at org.springframework.beans.factory.support.AbstractBeanFactory.getBean(AbstractBeanFactory.java:202) ~[spring-beans-6.2.15.jar:6.2.15]
	at org.springframework.beans.factory.config.DependencyDescriptor.resolveCandidate(DependencyDescriptor.java:254) ~[spring-beans-6.2.15.jar:6.2.15]
	at org.springframework.beans.factory.support.DefaultListableBeanFactory.doResolveDependency(DefaultListableBeanFactory.java:1770) ~[spring-beans-6.2.15.jar:6.2.15]
	at org.springframework.beans.factory.support.DefaultListableBeanFactory.resolveDependency(DefaultListableBeanFactory.java:1653) ~[spring-beans-6.2.15.jar:6.2.15]
	at org.springframework.beans.factory.support.AbstractAutowireCapableBeanFactory.autowireByType(AbstractAutowireCapableBeanFactory.java:1541) ~[spring-beans-6.2.15.jar:6.2.15]
	at org.springframework.beans.factory.support.AbstractAutowireCapableBeanFactory.populateBean(AbstractAutowireCapableBeanFactory.java:1450) ~[spring-beans-6.2.15.jar:6.2.15]
	at org.springframework.beans.factory.support.AbstractAutowireCapableBeanFactory.doCreateBean(AbstractAutowireCapableBeanFactory.java:606) ~[spring-beans-6.2.15.jar:6.2.15]
	at org.springframework.beans.factory.support.AbstractAutowireCapableBeanFactory.createBean(AbstractAutowireCapableBeanFactory.java:529) ~[spring-beans-6.2.15.jar:6.2.15]
	at org.springframework.beans.factory.support.AbstractBeanFactory.lambda$doGetBean$0(AbstractBeanFactory.java:339) ~[spring-beans-6.2.15.jar:6.2.15]
	at org.springframework.beans.factory.support.DefaultSingletonBeanRegistry.getSingleton(DefaultSingletonBeanRegistry.java:373) ~[spring-beans-6.2.15.jar:6.2.15]
	at org.springframework.beans.factory.support.AbstractBeanFactory.doGetBean(AbstractBeanFactory.java:337) ~[spring-beans-6.2.15.jar:6.2.15]
	at org.springframework.beans.factory.support.AbstractBeanFactory.getBean(AbstractBeanFactory.java:207) ~[spring-beans-6.2.15.jar:6.2.15]
	at org.springframework.beans.factory.support.AbstractAutowireCapableBeanFactory.resolveBeanByName(AbstractAutowireCapableBeanFactory.java:468) ~[spring-beans-6.2.15.jar:6.2.15]
	at org.springframework.context.annotation.CommonAnnotationBeanPostProcessor.autowireResource(CommonAnnotationBeanPostProcessor.java:605) ~[spring-context-6.2.15.jar:6.2.15]
	at org.springframework.context.annotation.CommonAnnotationBeanPostProcessor.getResource(CommonAnnotationBeanPostProcessor.java:576) ~[spring-context-6.2.15.jar:6.2.15]
	at org.springframework.context.annotation.CommonAnnotationBeanPostProcessor$ResourceElement.getResourceToInject(CommonAnnotationBeanPostProcessor.java:738) ~[spring-context-6.2.15.jar:6.2.15]
	at org.springframework.beans.factory.annotation.InjectionMetadata$InjectedElement.inject(InjectionMetadata.java:272) ~[spring-beans-6.2.15.jar:6.2.15]
	at org.springframework.beans.factory.annotation.InjectionMetadata.inject(InjectionMetadata.java:146) ~[spring-beans-6.2.15.jar:6.2.15]
	at org.springframework.context.annotation.CommonAnnotationBeanPostProcessor.postProcessProperties(CommonAnnotationBeanPostProcessor.java:369) ~[spring-context-6.2.15.jar:6.2.15]
	at org.springframework.beans.factory.support.AbstractAutowireCapableBeanFactory.populateBean(AbstractAutowireCapableBeanFactory.java:1459) ~[spring-beans-6.2.15.jar:6.2.15]
	at org.springframework.beans.factory.support.AbstractAutowireCapableBeanFactory.doCreateBean(AbstractAutowireCapableBeanFactory.java:606) ~[spring-beans-6.2.15.jar:6.2.15]
	at org.springframework.beans.factory.support.AbstractAutowireCapableBeanFactory.createBean(AbstractAutowireCapableBeanFactory.java:529) ~[spring-beans-6.2.15.jar:6.2.15]
	at org.springframework.beans.factory.support.AbstractBeanFactory.lambda$doGetBean$0(AbstractBeanFactory.java:339) ~[spring-beans-6.2.15.jar:6.2.15]
	at org.springframework.beans.factory.support.DefaultSingletonBeanRegistry.getSingleton(DefaultSingletonBeanRegistry.java:373) ~[spring-beans-6.2.15.jar:6.2.15]
	at org.springframework.beans.factory.support.AbstractBeanFactory.doGetBean(AbstractBeanFactory.java:337) ~[spring-beans-6.2.15.jar:6.2.15]
	at org.springframework.beans.factory.support.AbstractBeanFactory.getBean(AbstractBeanFactory.java:207) ~[spring-beans-6.2.15.jar:6.2.15]
	at org.springframework.beans.factory.support.AbstractAutowireCapableBeanFactory.resolveBeanByName(AbstractAutowireCapableBeanFactory.java:468) ~[spring-beans-6.2.15.jar:6.2.15]
	at org.springframework.context.annotation.CommonAnnotationBeanPostProcessor.autowireResource(CommonAnnotationBeanPostProcessor.java:605) ~[spring-context-6.2.15.jar:6.2.15]
	at org.springframework.context.annotation.CommonAnnotationBeanPostProcessor.getResource(CommonAnnotationBeanPostProcessor.java:576) ~[spring-context-6.2.15.jar:6.2.15]
	at org.springframework.context.annotation.CommonAnnotationBeanPostProcessor$ResourceElement.getResourceToInject(CommonAnnotationBeanPostProcessor.java:738) ~[spring-context-6.2.15.jar:6.2.15]
	at org.springframework.beans.factory.annotation.InjectionMetadata$InjectedElement.inject(InjectionMetadata.java:272) ~[spring-beans-6.2.15.jar:6.2.15]
	at org.springframework.beans.factory.annotation.InjectionMetadata.inject(InjectionMetadata.java:146) ~[spring-beans-6.2.15.jar:6.2.15]
	at org.springframework.context.annotation.CommonAnnotationBeanPostProcessor.postProcessProperties(CommonAnnotationBeanPostProcessor.java:369) ~[spring-context-6.2.15.jar:6.2.15]
	at org.springframework.beans.factory.support.AbstractAutowireCapableBeanFactory.populateBean(AbstractAutowireCapableBeanFactory.java:1459) ~[spring-beans-6.2.15.jar:6.2.15]
	at org.springframework.beans.factory.support.AbstractAutowireCapableBeanFactory.doCreateBean(AbstractAutowireCapableBeanFactory.java:606) ~[spring-beans-6.2.15.jar:6.2.15]
	at org.springframework.beans.factory.support.AbstractAutowireCapableBeanFactory.createBean(AbstractAutowireCapableBeanFactory.java:529) ~[spring-beans-6.2.15.jar:6.2.15]
	at org.springframework.beans.factory.support.AbstractBeanFactory.lambda$doGetBean$0(AbstractBeanFactory.java:339) ~[spring-beans-6.2.15.jar:6.2.15]
	at org.springframework.beans.factory.support.DefaultSingletonBeanRegistry.getSingleton(DefaultSingletonBeanRegistry.java:373) ~[spring-beans-6.2.15.jar:6.2.15]
	at org.springframework.beans.factory.support.AbstractBeanFactory.doGetBean(AbstractBeanFactory.java:337) ~[spring-beans-6.2.15.jar:6.2.15]
	at org.springframework.beans.factory.support.AbstractBeanFactory.getBean(AbstractBeanFactory.java:202) ~[spring-beans-6.2.15.jar:6.2.15]
	at org.springframework.beans.factory.support.DefaultListableBeanFactory.instantiateSingleton(DefaultListableBeanFactory.java:1228) ~[spring-beans-6.2.15.jar:6.2.15]
	at org.springframework.beans.factory.support.DefaultListableBeanFactory.preInstantiateSingleton(DefaultListableBeanFactory.java:1194) ~[spring-beans-6.2.15.jar:6.2.15]
	at org.springframework.beans.factory.support.DefaultListableBeanFactory.preInstantiateSingletons(DefaultListableBeanFactory.java:1130) ~[spring-beans-6.2.15.jar:6.2.15]
	at org.springframework.context.support.AbstractApplicationContext.finishBeanFactoryInitialization(AbstractApplicationContext.java:990) ~[spring-context-6.2.15.jar:6.2.15]
	at org.springframework.context.support.AbstractApplicationContext.refresh(AbstractApplicationContext.java:627) ~[spring-context-6.2.15.jar:6.2.15]
	at org.springframework.boot.web.servlet.context.ServletWebServerApplicationContext.refresh(ServletWebServerApplicationContext.java:146) ~[spring-boot-3.5.9.jar:3.5.9]
	at org.springframework.boot.SpringApplication.refresh(SpringApplication.java:752) ~[spring-boot-3.5.9.jar:3.5.9]
	at org.springframework.boot.SpringApplication.refreshContext(SpringApplication.java:439) ~[spring-boot-3.5.9.jar:3.5.9]
	at org.springframework.boot.SpringApplication.run(SpringApplication.java:318) ~[spring-boot-3.5.9.jar:3.5.9]
	at org.springframework.boot.SpringApplication.run(SpringApplication.java:1361) ~[spring-boot-3.5.9.jar:3.5.9]
	at org.springframework.boot.SpringApplication.run(SpringApplication.java:1350) ~[spring-boot-3.5.9.jar:3.5.9]
	at com.library.admin.LibraryAdminApplication.main(LibraryAdminApplication.java:12) ~[classes/:?]
[2026-01-28 00:21:35.934] [ERROR][main][DruidDataSource] {dataSource-1} init error
java.sql.SQLException: Access denied for user 'mike'@'172.18.0.1' (using password: YES)
	at com.mysql.cj.jdbc.exceptions.SQLError.createSQLException(SQLError.java:130) ~[mysql-connector-j-8.0.33.jar:8.0.33]
	at com.mysql.cj.jdbc.exceptions.SQLExceptionsMapping.translateException(SQLExceptionsMapping.java:122) ~[mysql-connector-j-8.0.33.jar:8.0.33]
	at com.mysql.cj.jdbc.ConnectionImpl.createNewIO(ConnectionImpl.java:825) ~[mysql-connector-j-8.0.33.jar:8.0.33]
	at com.mysql.cj.jdbc.ConnectionImpl.<init>(ConnectionImpl.java:446) ~[mysql-connector-j-8.0.33.jar:8.0.33]
	at com.mysql.cj.jdbc.ConnectionImpl.getInstance(ConnectionImpl.java:239) ~[mysql-connector-j-8.0.33.jar:8.0.33]
	at com.mysql.cj.jdbc.NonRegisteringDriver.connect(NonRegisteringDriver.java:188) ~[mysql-connector-j-8.0.33.jar:8.0.33]
	at com.alibaba.druid.filter.FilterChainImpl.connection_connect(FilterChainImpl.java:132) ~[druid-1.2.27.jar:?]
	at com.alibaba.druid.filter.FilterAdapter.connection_connect(FilterAdapter.java:764) ~[druid-1.2.27.jar:?]
	at com.alibaba.druid.filter.FilterEventAdapter.connection_connect(FilterEventAdapter.java:33) ~[druid-1.2.27.jar:?]
	at com.alibaba.druid.filter.FilterChainImpl.connection_connect(FilterChainImpl.java:126) ~[druid-1.2.27.jar:?]
	at com.alibaba.druid.filter.FilterAdapter.connection_connect(FilterAdapter.java:764) ~[druid-1.2.27.jar:?]
	at com.alibaba.druid.filter.FilterChainImpl.connection_connect(FilterChainImpl.java:126) ~[druid-1.2.27.jar:?]
	at com.alibaba.druid.filter.stat.StatFilter.connection_connect(StatFilter.java:244) ~[druid-1.2.27.jar:?]
	at com.alibaba.druid.filter.FilterChainImpl.connection_connect(FilterChainImpl.java:126) ~[druid-1.2.27.jar:?]
	at com.alibaba.druid.pool.DruidAbstractDataSource.createPhysicalConnection(DruidAbstractDataSource.java:1695) ~[druid-1.2.27.jar:?]
	at com.alibaba.druid.pool.DruidAbstractDataSource.createPhysicalConnection(DruidAbstractDataSource.java:1811) ~[druid-1.2.27.jar:?]
	at com.alibaba.druid.pool.DruidDataSource.init(DruidDataSource.java:787) ~[druid-1.2.27.jar:?]
	at com.alibaba.druid.spring.boot3.autoconfigure.DruidDataSourceWrapper.afterPropertiesSet(DruidDataSourceWrapper.java:51) ~[druid-spring-boot-3-starter-1.2.27.jar:?]
	at org.springframework.beans.factory.support.AbstractAutowireCapableBeanFactory.invokeInitMethods(AbstractAutowireCapableBeanFactory.java:1873) ~[spring-beans-6.2.15.jar:6.2.15]
	at org.springframework.beans.factory.support.AbstractAutowireCapableBeanFactory.initializeBean(AbstractAutowireCapableBeanFactory.java:1822) ~[spring-beans-6.2.15.jar:6.2.15]
	at org.springframework.beans.factory.support.AbstractAutowireCapableBeanFactory.doCreateBean(AbstractAutowireCapableBeanFactory.java:607) ~[spring-beans-6.2.15.jar:6.2.15]
	at org.springframework.beans.factory.support.AbstractAutowireCapableBeanFactory.createBean(AbstractAutowireCapableBeanFactory.java:529) ~[spring-beans-6.2.15.jar:6.2.15]
	at org.springframework.beans.factory.support.AbstractBeanFactory.lambda$doGetBean$0(AbstractBeanFactory.java:339) ~[spring-beans-6.2.15.jar:6.2.15]
	at org.springframework.beans.factory.support.DefaultSingletonBeanRegistry.getSingleton(DefaultSingletonBeanRegistry.java:373) ~[spring-beans-6.2.15.jar:6.2.15]
	at org.springframework.beans.factory.support.AbstractBeanFactory.doGetBean(AbstractBeanFactory.java:337) ~[spring-beans-6.2.15.jar:6.2.15]
	at org.springframework.beans.factory.support.AbstractBeanFactory.getBean(AbstractBeanFactory.java:202) ~[spring-beans-6.2.15.jar:6.2.15]
	at org.springframework.beans.factory.support.DefaultListableBeanFactory.doResolveDependency(DefaultListableBeanFactory.java:1708) ~[spring-beans-6.2.15.jar:6.2.15]
	at org.springframework.beans.factory.support.DefaultListableBeanFactory.resolveDependency(DefaultListableBeanFactory.java:1653) ~[spring-beans-6.2.15.jar:6.2.15]
	at org.springframework.beans.factory.support.ConstructorResolver.resolveAutowiredArgument(ConstructorResolver.java:913) ~[spring-beans-6.2.15.jar:6.2.15]
	at org.springframework.beans.factory.support.ConstructorResolver.createArgumentArray(ConstructorResolver.java:791) ~[spring-beans-6.2.15.jar:6.2.15]
	at org.springframework.beans.factory.support.ConstructorResolver.instantiateUsingFactoryMethod(ConstructorResolver.java:546) ~[spring-beans-6.2.15.jar:6.2.15]
	at org.springframework.beans.factory.support.AbstractAutowireCapableBeanFactory.instantiateUsingFactoryMethod(AbstractAutowireCapableBeanFactory.java:1375) ~[spring-beans-6.2.15.jar:6.2.15]
	at org.springframework.beans.factory.support.AbstractAutowireCapableBeanFactory.createBeanInstance(AbstractAutowireCapableBeanFactory.java:1205) ~[spring-beans-6.2.15.jar:6.2.15]
	at org.springframework.beans.factory.support.AbstractAutowireCapableBeanFactory.doCreateBean(AbstractAutowireCapableBeanFactory.java:569) ~[spring-beans-6.2.15.jar:6.2.15]
	at org.springframework.beans.factory.support.AbstractAutowireCapableBeanFactory.createBean(AbstractAutowireCapableBeanFactory.java:529) ~[spring-beans-6.2.15.jar:6.2.15]
	at org.springframework.beans.factory.support.AbstractBeanFactory.lambda$doGetBean$0(AbstractBeanFactory.java:339) ~[spring-beans-6.2.15.jar:6.2.15]
	at org.springframework.beans.factory.support.DefaultSingletonBeanRegistry.getSingleton(DefaultSingletonBeanRegistry.java:373) ~[spring-beans-6.2.15.jar:6.2.15]
	at org.springframework.beans.factory.support.AbstractBeanFactory.doGetBean(AbstractBeanFactory.java:337) ~[spring-beans-6.2.15.jar:6.2.15]
	at org.springframework.beans.factory.support.AbstractBeanFactory.getBean(AbstractBeanFactory.java:202) ~[spring-beans-6.2.15.jar:6.2.15]
	at org.springframework.beans.factory.config.DependencyDescriptor.resolveCandidate(DependencyDescriptor.java:254) ~[spring-beans-6.2.15.jar:6.2.15]
	at org.springframework.beans.factory.support.DefaultListableBeanFactory.doResolveDependency(DefaultListableBeanFactory.java:1770) ~[spring-beans-6.2.15.jar:6.2.15]
	at org.springframework.beans.factory.support.DefaultListableBeanFactory.resolveDependency(DefaultListableBeanFactory.java:1653) ~[spring-beans-6.2.15.jar:6.2.15]
	at org.springframework.beans.factory.support.AbstractAutowireCapableBeanFactory.autowireByType(AbstractAutowireCapableBeanFactory.java:1541) ~[spring-beans-6.2.15.jar:6.2.15]
	at org.springframework.beans.factory.support.AbstractAutowireCapableBeanFactory.populateBean(AbstractAutowireCapableBeanFactory.java:1450) ~[spring-beans-6.2.15.jar:6.2.15]
	at org.springframework.beans.factory.support.AbstractAutowireCapableBeanFactory.doCreateBean(AbstractAutowireCapableBeanFactory.java:606) ~[spring-beans-6.2.15.jar:6.2.15]
	at org.springframework.beans.factory.support.AbstractAutowireCapableBeanFactory.createBean(AbstractAutowireCapableBeanFactory.java:529) ~[spring-beans-6.2.15.jar:6.2.15]
	at org.springframework.beans.factory.support.AbstractBeanFactory.lambda$doGetBean$0(AbstractBeanFactory.java:339) ~[spring-beans-6.2.15.jar:6.2.15]
	at org.springframework.beans.factory.support.DefaultSingletonBeanRegistry.getSingleton(DefaultSingletonBeanRegistry.java:373) ~[spring-beans-6.2.15.jar:6.2.15]
	at org.springframework.beans.factory.support.AbstractBeanFactory.doGetBean(AbstractBeanFactory.java:337) ~[spring-beans-6.2.15.jar:6.2.15]
	at org.springframework.beans.factory.support.AbstractBeanFactory.getBean(AbstractBeanFactory.java:207) ~[spring-beans-6.2.15.jar:6.2.15]
	at org.springframework.beans.factory.support.AbstractAutowireCapableBeanFactory.resolveBeanByName(AbstractAutowireCapableBeanFactory.java:468) ~[spring-beans-6.2.15.jar:6.2.15]
	at org.springframework.context.annotation.CommonAnnotationBeanPostProcessor.autowireResource(CommonAnnotationBeanPostProcessor.java:605) ~[spring-context-6.2.15.jar:6.2.15]
	at org.springframework.context.annotation.CommonAnnotationBeanPostProcessor.getResource(CommonAnnotationBeanPostProcessor.java:576) ~[spring-context-6.2.15.jar:6.2.15]
	at org.springframework.context.annotation.CommonAnnotationBeanPostProcessor$ResourceElement.getResourceToInject(CommonAnnotationBeanPostProcessor.java:738) ~[spring-context-6.2.15.jar:6.2.15]
	at org.springframework.beans.factory.annotation.InjectionMetadata$InjectedElement.inject(InjectionMetadata.java:272) ~[spring-beans-6.2.15.jar:6.2.15]
	at org.springframework.beans.factory.annotation.InjectionMetadata.inject(InjectionMetadata.java:146) ~[spring-beans-6.2.15.jar:6.2.15]
	at org.springframework.context.annotation.CommonAnnotationBeanPostProcessor.postProcessProperties(CommonAnnotationBeanPostProcessor.java:369) ~[spring-context-6.2.15.jar:6.2.15]
	at org.springframework.beans.factory.support.AbstractAutowireCapableBeanFactory.populateBean(AbstractAutowireCapableBeanFactory.java:1459) ~[spring-beans-6.2.15.jar:6.2.15]
	at org.springframework.beans.factory.support.AbstractAutowireCapableBeanFactory.doCreateBean(AbstractAutowireCapableBeanFactory.java:606) ~[spring-beans-6.2.15.jar:6.2.15]
	at org.springframework.beans.factory.support.AbstractAutowireCapableBeanFactory.createBean(AbstractAutowireCapableBeanFactory.java:529) ~[spring-beans-6.2.15.jar:6.2.15]
	at org.springframework.beans.factory.support.AbstractBeanFactory.lambda$doGetBean$0(AbstractBeanFactory.java:339) ~[spring-beans-6.2.15.jar:6.2.15]
	at org.springframework.beans.factory.support.DefaultSingletonBeanRegistry.getSingleton(DefaultSingletonBeanRegistry.java:373) ~[spring-beans-6.2.15.jar:6.2.15]
	at org.springframework.beans.factory.support.AbstractBeanFactory.doGetBean(AbstractBeanFactory.java:337) ~[spring-beans-6.2.15.jar:6.2.15]
	at org.springframework.beans.factory.support.AbstractBeanFactory.getBean(AbstractBeanFactory.java:207) ~[spring-beans-6.2.15.jar:6.2.15]
	at org.springframework.beans.factory.support.AbstractAutowireCapableBeanFactory.resolveBeanByName(AbstractAutowireCapableBeanFactory.java:468) ~[spring-beans-6.2.15.jar:6.2.15]
	at org.springframework.context.annotation.CommonAnnotationBeanPostProcessor.autowireResource(CommonAnnotationBeanPostProcessor.java:605) ~[spring-context-6.2.15.jar:6.2.15]
	at org.springframework.context.annotation.CommonAnnotationBeanPostProcessor.getResource(CommonAnnotationBeanPostProcessor.java:576) ~[spring-context-6.2.15.jar:6.2.15]
	at org.springframework.context.annotation.CommonAnnotationBeanPostProcessor$ResourceElement.getResourceToInject(CommonAnnotationBeanPostProcessor.java:738) ~[spring-context-6.2.15.jar:6.2.15]
	at org.springframework.beans.factory.annotation.InjectionMetadata$InjectedElement.inject(InjectionMetadata.java:272) ~[spring-beans-6.2.15.jar:6.2.15]
	at org.springframework.beans.factory.annotation.InjectionMetadata.inject(InjectionMetadata.java:146) ~[spring-beans-6.2.15.jar:6.2.15]
	at org.springframework.context.annotation.CommonAnnotationBeanPostProcessor.postProcessProperties(CommonAnnotationBeanPostProcessor.java:369) ~[spring-context-6.2.15.jar:6.2.15]
	at org.springframework.beans.factory.support.AbstractAutowireCapableBeanFactory.populateBean(AbstractAutowireCapableBeanFactory.java:1459) ~[spring-beans-6.2.15.jar:6.2.15]
	at org.springframework.beans.factory.support.AbstractAutowireCapableBeanFactory.doCreateBean(AbstractAutowireCapableBeanFactory.java:606) ~[spring-beans-6.2.15.jar:6.2.15]
	at org.springframework.beans.factory.support.AbstractAutowireCapableBeanFactory.createBean(AbstractAutowireCapableBeanFactory.java:529) ~[spring-beans-6.2.15.jar:6.2.15]
	at org.springframework.beans.factory.support.AbstractBeanFactory.lambda$doGetBean$0(AbstractBeanFactory.java:339) ~[spring-beans-6.2.15.jar:6.2.15]
	at org.springframework.beans.factory.support.DefaultSingletonBeanRegistry.getSingleton(DefaultSingletonBeanRegistry.java:373) ~[spring-beans-6.2.15.jar:6.2.15]
	at org.springframework.beans.factory.support.AbstractBeanFactory.doGetBean(AbstractBeanFactory.java:337) ~[spring-beans-6.2.15.jar:6.2.15]
	at org.springframework.beans.factory.support.AbstractBeanFactory.getBean(AbstractBeanFactory.java:202) ~[spring-beans-6.2.15.jar:6.2.15]
	at org.springframework.beans.factory.support.DefaultListableBeanFactory.instantiateSingleton(DefaultListableBeanFactory.java:1228) ~[spring-beans-6.2.15.jar:6.2.15]
	at org.springframework.beans.factory.support.DefaultListableBeanFactory.preInstantiateSingleton(DefaultListableBeanFactory.java:1194) ~[spring-beans-6.2.15.jar:6.2.15]
	at org.springframework.beans.factory.support.DefaultListableBeanFactory.preInstantiateSingletons(DefaultListableBeanFactory.java:1130) ~[spring-beans-6.2.15.jar:6.2.15]
	at org.springframework.context.support.AbstractApplicationContext.finishBeanFactoryInitialization(AbstractApplicationContext.java:990) ~[spring-context-6.2.15.jar:6.2.15]
	at org.springframework.context.support.AbstractApplicationContext.refresh(AbstractApplicationContext.java:627) ~[spring-context-6.2.15.jar:6.2.15]
	at org.springframework.boot.web.servlet.context.ServletWebServerApplicationContext.refresh(ServletWebServerApplicationContext.java:146) ~[spring-boot-3.5.9.jar:3.5.9]
	at org.springframework.boot.SpringApplication.refresh(SpringApplication.java:752) ~[spring-boot-3.5.9.jar:3.5.9]
	at org.springframework.boot.SpringApplication.refreshContext(SpringApplication.java:439) ~[spring-boot-3.5.9.jar:3.5.9]
	at org.springframework.boot.SpringApplication.run(SpringApplication.java:318) ~[spring-boot-3.5.9.jar:3.5.9]
	at org.springframework.boot.SpringApplication.run(SpringApplication.java:1361) ~[spring-boot-3.5.9.jar:3.5.9]
	at org.springframework.boot.SpringApplication.run(SpringApplication.java:1350) ~[spring-boot-3.5.9.jar:3.5.9]
	at com.library.admin.LibraryAdminApplication.main(LibraryAdminApplication.java:12) ~[classes/:?]
[2026-01-28 00:21:35.934] [INFO ][main][DruidDataSource] {dataSource-1} inited
[2026-01-28 00:21:35.937] [INFO ][main][StandardService] Stopping service [Tomcat]
[2026-01-28 00:21:35.941] [ERROR][Druid-ConnectionPool-Create-318558192][DruidDataSource] create connection SQLException, url: jdbc:mysql://127.0.0.1:3307/library_v1?useUnicode=true&characterEncoding=UTF-8&serverTimezone=Asia/Taipei&rewriteBatchedStatements=true&allowPublicKeyRetrieval=true&useSSL=false, errorCode 1045, state 28000
java.sql.SQLException: Access denied for user 'mike'@'172.18.0.1' (using password: YES)
	at com.mysql.cj.jdbc.exceptions.SQLError.createSQLException(SQLError.java:130) ~[mysql-connector-j-8.0.33.jar:8.0.33]
	at com.mysql.cj.jdbc.exceptions.SQLExceptionsMapping.translateException(SQLExceptionsMapping.java:122) ~[mysql-connector-j-8.0.33.jar:8.0.33]
	at com.mysql.cj.jdbc.ConnectionImpl.createNewIO(ConnectionImpl.java:825) ~[mysql-connector-j-8.0.33.jar:8.0.33]
	at com.mysql.cj.jdbc.ConnectionImpl.<init>(ConnectionImpl.java:446) ~[mysql-connector-j-8.0.33.jar:8.0.33]
	at com.mysql.cj.jdbc.ConnectionImpl.getInstance(ConnectionImpl.java:239) ~[mysql-connector-j-8.0.33.jar:8.0.33]
	at com.mysql.cj.jdbc.NonRegisteringDriver.connect(NonRegisteringDriver.java:188) ~[mysql-connector-j-8.0.33.jar:8.0.33]
	at com.alibaba.druid.filter.FilterChainImpl.connection_connect(FilterChainImpl.java:132) ~[druid-1.2.27.jar:?]
	at com.alibaba.druid.filter.FilterAdapter.connection_connect(FilterAdapter.java:764) ~[druid-1.2.27.jar:?]
	at com.alibaba.druid.filter.FilterEventAdapter.connection_connect(FilterEventAdapter.java:33) ~[druid-1.2.27.jar:?]
	at com.alibaba.druid.filter.FilterChainImpl.connection_connect(FilterChainImpl.java:126) ~[druid-1.2.27.jar:?]
	at com.alibaba.druid.filter.FilterAdapter.connection_connect(FilterAdapter.java:764) ~[druid-1.2.27.jar:?]
	at com.alibaba.druid.filter.FilterChainImpl.connection_connect(FilterChainImpl.java:126) ~[druid-1.2.27.jar:?]
	at com.alibaba.druid.filter.stat.StatFilter.connection_connect(StatFilter.java:244) ~[druid-1.2.27.jar:?]
	at com.alibaba.druid.filter.FilterChainImpl.connection_connect(FilterChainImpl.java:126) ~[druid-1.2.27.jar:?]
	at com.alibaba.druid.pool.DruidAbstractDataSource.createPhysicalConnection(DruidAbstractDataSource.java:1695) ~[druid-1.2.27.jar:?]
	at com.alibaba.druid.pool.DruidAbstractDataSource.createPhysicalConnection(DruidAbstractDataSource.java:1811) ~[druid-1.2.27.jar:?]
	at com.alibaba.druid.pool.DruidDataSource$CreateConnectionThread.run(DruidDataSource.java:2793) ~[druid-1.2.27.jar:?]
[2026-01-28 00:21:35.947] [ERROR][Druid-ConnectionPool-Create-318558192][DruidDataSource] create connection SQLException, url: jdbc:mysql://127.0.0.1:3307/library_v1?useUnicode=true&characterEncoding=UTF-8&serverTimezone=Asia/Taipei&rewriteBatchedStatements=true&allowPublicKeyRetrieval=true&useSSL=false, errorCode 1045, state 28000
java.sql.SQLException: Access denied for user 'mike'@'172.18.0.1' (using password: YES)
	at com.mysql.cj.jdbc.exceptions.SQLError.createSQLException(SQLError.java:130) ~[mysql-connector-j-8.0.33.jar:8.0.33]
	at com.mysql.cj.jdbc.exceptions.SQLExceptionsMapping.translateException(SQLExceptionsMapping.java:122) ~[mysql-connector-j-8.0.33.jar:8.0.33]
	at com.mysql.cj.jdbc.ConnectionImpl.createNewIO(ConnectionImpl.java:825) ~[mysql-connector-j-8.0.33.jar:8.0.33]
	at com.mysql.cj.jdbc.ConnectionImpl.<init>(ConnectionImpl.java:446) ~[mysql-connector-j-8.0.33.jar:8.0.33]
	at com.mysql.cj.jdbc.ConnectionImpl.getInstance(ConnectionImpl.java:239) ~[mysql-connector-j-8.0.33.jar:8.0.33]
	at com.mysql.cj.jdbc.NonRegisteringDriver.connect(NonRegisteringDriver.java:188) ~[mysql-connector-j-8.0.33.jar:8.0.33]
	at com.alibaba.druid.filter.FilterChainImpl.connection_connect(FilterChainImpl.java:132) ~[druid-1.2.27.jar:?]
	at com.alibaba.druid.filter.FilterAdapter.connection_connect(FilterAdapter.java:764) ~[druid-1.2.27.jar:?]
	at com.alibaba.druid.filter.FilterEventAdapter.connection_connect(FilterEventAdapter.java:33) ~[druid-1.2.27.jar:?]
	at com.alibaba.druid.filter.FilterChainImpl.connection_connect(FilterChainImpl.java:126) ~[druid-1.2.27.jar:?]
	at com.alibaba.druid.filter.FilterAdapter.connection_connect(FilterAdapter.java:764) ~[druid-1.2.27.jar:?]
	at com.alibaba.druid.filter.FilterChainImpl.connection_connect(FilterChainImpl.java:126) ~[druid-1.2.27.jar:?]
	at com.alibaba.druid.filter.stat.StatFilter.connection_connect(StatFilter.java:244) ~[druid-1.2.27.jar:?]
	at com.alibaba.druid.filter.FilterChainImpl.connection_connect(FilterChainImpl.java:126) ~[druid-1.2.27.jar:?]
	at com.alibaba.druid.pool.DruidAbstractDataSource.createPhysicalConnection(DruidAbstractDataSource.java:1695) ~[druid-1.2.27.jar:?]
	at com.alibaba.druid.pool.DruidAbstractDataSource.createPhysicalConnection(DruidAbstractDataSource.java:1811) ~[druid-1.2.27.jar:?]
	at com.alibaba.druid.pool.DruidDataSource$CreateConnectionThread.run(DruidDataSource.java:2793) ~[druid-1.2.27.jar:?]
[2026-01-28 00:21:35.948] [INFO ][Druid-ConnectionPool-Create-318558192][DruidAbstractDataSource] {dataSource-1} failContinuous is true
[2026-01-28 00:23:02.444] [INFO ][background-preinit][Version] HV000001: Hibernate Validator 8.0.3.Final
[2026-01-28 00:23:02.484] [INFO ][main][LibraryAdminApplication] Starting LibraryAdminApplication using Java 21.0.6 with PID 36420 (E:\library\library\library-admin\target\classes started by shent in E:\library\library)
[2026-01-28 00:23:02.487] [INFO ][main][LibraryAdminApplication] The following 1 profile is active: "dev"
[2026-01-28 00:23:03.386] [INFO ][main][Http11NioProtocol] Initializing ProtocolHandler ["http-nio-8080"]
[2026-01-28 00:23:03.387] [INFO ][main][StandardService] Starting service [Tomcat]
[2026-01-28 00:23:03.387] [INFO ][main][StandardEngine] Starting Servlet engine: [Apache Tomcat/10.1.50]
[2026-01-28 00:23:03.423] [INFO ][main][[/api/library]] Initializing Spring embedded WebApplicationContext
[2026-01-28 00:23:03.529] [INFO ][main][DruidDataSourceAutoConfigure] Init DruidDataSource
[2026-01-28 00:23:03.777] [ERROR][main][DruidDataSource] init datasource error, url: jdbc:mysql://127.0.0.1:3307/library_v1?useUnicode=true&characterEncoding=UTF-8&serverTimezone=Asia/Taipei&rewriteBatchedStatements=true&allowPublicKeyRetrieval=true&useSSL=false
java.sql.SQLException: Access denied for user 'root'@'172.18.0.1' (using password: YES)
	at com.mysql.cj.jdbc.exceptions.SQLError.createSQLException(SQLError.java:130) ~[mysql-connector-j-8.0.33.jar:8.0.33]
	at com.mysql.cj.jdbc.exceptions.SQLExceptionsMapping.translateException(SQLExceptionsMapping.java:122) ~[mysql-connector-j-8.0.33.jar:8.0.33]
	at com.mysql.cj.jdbc.ConnectionImpl.createNewIO(ConnectionImpl.java:825) ~[mysql-connector-j-8.0.33.jar:8.0.33]
	at com.mysql.cj.jdbc.ConnectionImpl.<init>(ConnectionImpl.java:446) ~[mysql-connector-j-8.0.33.jar:8.0.33]
	at com.mysql.cj.jdbc.ConnectionImpl.getInstance(ConnectionImpl.java:239) ~[mysql-connector-j-8.0.33.jar:8.0.33]
	at com.mysql.cj.jdbc.NonRegisteringDriver.connect(NonRegisteringDriver.java:188) ~[mysql-connector-j-8.0.33.jar:8.0.33]
	at com.alibaba.druid.filter.FilterChainImpl.connection_connect(FilterChainImpl.java:132) ~[druid-1.2.27.jar:?]
	at com.alibaba.druid.filter.FilterAdapter.connection_connect(FilterAdapter.java:764) ~[druid-1.2.27.jar:?]
	at com.alibaba.druid.filter.FilterEventAdapter.connection_connect(FilterEventAdapter.java:33) ~[druid-1.2.27.jar:?]
	at com.alibaba.druid.filter.FilterChainImpl.connection_connect(FilterChainImpl.java:126) ~[druid-1.2.27.jar:?]
	at com.alibaba.druid.filter.FilterAdapter.connection_connect(FilterAdapter.java:764) ~[druid-1.2.27.jar:?]
	at com.alibaba.druid.filter.FilterChainImpl.connection_connect(FilterChainImpl.java:126) ~[druid-1.2.27.jar:?]
	at com.alibaba.druid.filter.stat.StatFilter.connection_connect(StatFilter.java:244) ~[druid-1.2.27.jar:?]
	at com.alibaba.druid.filter.FilterChainImpl.connection_connect(FilterChainImpl.java:126) ~[druid-1.2.27.jar:?]
	at com.alibaba.druid.pool.DruidAbstractDataSource.createPhysicalConnection(DruidAbstractDataSource.java:1695) ~[druid-1.2.27.jar:?]
	at com.alibaba.druid.pool.DruidAbstractDataSource.createPhysicalConnection(DruidAbstractDataSource.java:1811) ~[druid-1.2.27.jar:?]
	at com.alibaba.druid.pool.DruidDataSource.init(DruidDataSource.java:787) ~[druid-1.2.27.jar:?]
	at com.alibaba.druid.spring.boot3.autoconfigure.DruidDataSourceWrapper.afterPropertiesSet(DruidDataSourceWrapper.java:51) ~[druid-spring-boot-3-starter-1.2.27.jar:?]
	at org.springframework.beans.factory.support.AbstractAutowireCapableBeanFactory.invokeInitMethods(AbstractAutowireCapableBeanFactory.java:1873) ~[spring-beans-6.2.15.jar:6.2.15]
	at org.springframework.beans.factory.support.AbstractAutowireCapableBeanFactory.initializeBean(AbstractAutowireCapableBeanFactory.java:1822) ~[spring-beans-6.2.15.jar:6.2.15]
	at org.springframework.beans.factory.support.AbstractAutowireCapableBeanFactory.doCreateBean(AbstractAutowireCapableBeanFactory.java:607) ~[spring-beans-6.2.15.jar:6.2.15]
	at org.springframework.beans.factory.support.AbstractAutowireCapableBeanFactory.createBean(AbstractAutowireCapableBeanFactory.java:529) ~[spring-beans-6.2.15.jar:6.2.15]
	at org.springframework.beans.factory.support.AbstractBeanFactory.lambda$doGetBean$0(AbstractBeanFactory.java:339) ~[spring-beans-6.2.15.jar:6.2.15]
	at org.springframework.beans.factory.support.DefaultSingletonBeanRegistry.getSingleton(DefaultSingletonBeanRegistry.java:373) ~[spring-beans-6.2.15.jar:6.2.15]
	at org.springframework.beans.factory.support.AbstractBeanFactory.doGetBean(AbstractBeanFactory.java:337) ~[spring-beans-6.2.15.jar:6.2.15]
	at org.springframework.beans.factory.support.AbstractBeanFactory.getBean(AbstractBeanFactory.java:202) ~[spring-beans-6.2.15.jar:6.2.15]
	at org.springframework.beans.factory.support.DefaultListableBeanFactory.doResolveDependency(DefaultListableBeanFactory.java:1708) ~[spring-beans-6.2.15.jar:6.2.15]
	at org.springframework.beans.factory.support.DefaultListableBeanFactory.resolveDependency(DefaultListableBeanFactory.java:1653) ~[spring-beans-6.2.15.jar:6.2.15]
	at org.springframework.beans.factory.support.ConstructorResolver.resolveAutowiredArgument(ConstructorResolver.java:913) ~[spring-beans-6.2.15.jar:6.2.15]
	at org.springframework.beans.factory.support.ConstructorResolver.createArgumentArray(ConstructorResolver.java:791) ~[spring-beans-6.2.15.jar:6.2.15]
	at org.springframework.beans.factory.support.ConstructorResolver.instantiateUsingFactoryMethod(ConstructorResolver.java:546) ~[spring-beans-6.2.15.jar:6.2.15]
	at org.springframework.beans.factory.support.AbstractAutowireCapableBeanFactory.instantiateUsingFactoryMethod(AbstractAutowireCapableBeanFactory.java:1375) ~[spring-beans-6.2.15.jar:6.2.15]
	at org.springframework.beans.factory.support.AbstractAutowireCapableBeanFactory.createBeanInstance(AbstractAutowireCapableBeanFactory.java:1205) ~[spring-beans-6.2.15.jar:6.2.15]
	at org.springframework.beans.factory.support.AbstractAutowireCapableBeanFactory.doCreateBean(AbstractAutowireCapableBeanFactory.java:569) ~[spring-beans-6.2.15.jar:6.2.15]
	at org.springframework.beans.factory.support.AbstractAutowireCapableBeanFactory.createBean(AbstractAutowireCapableBeanFactory.java:529) ~[spring-beans-6.2.15.jar:6.2.15]
	at org.springframework.beans.factory.support.AbstractBeanFactory.lambda$doGetBean$0(AbstractBeanFactory.java:339) ~[spring-beans-6.2.15.jar:6.2.15]
	at org.springframework.beans.factory.support.DefaultSingletonBeanRegistry.getSingleton(DefaultSingletonBeanRegistry.java:373) ~[spring-beans-6.2.15.jar:6.2.15]
	at org.springframework.beans.factory.support.AbstractBeanFactory.doGetBean(AbstractBeanFactory.java:337) ~[spring-beans-6.2.15.jar:6.2.15]
	at org.springframework.beans.factory.support.AbstractBeanFactory.getBean(AbstractBeanFactory.java:202) ~[spring-beans-6.2.15.jar:6.2.15]
	at org.springframework.beans.factory.config.DependencyDescriptor.resolveCandidate(DependencyDescriptor.java:254) ~[spring-beans-6.2.15.jar:6.2.15]
	at org.springframework.beans.factory.support.DefaultListableBeanFactory.doResolveDependency(DefaultListableBeanFactory.java:1770) ~[spring-beans-6.2.15.jar:6.2.15]
	at org.springframework.beans.factory.support.DefaultListableBeanFactory.resolveDependency(DefaultListableBeanFactory.java:1653) ~[spring-beans-6.2.15.jar:6.2.15]
	at org.springframework.beans.factory.support.AbstractAutowireCapableBeanFactory.autowireByType(AbstractAutowireCapableBeanFactory.java:1541) ~[spring-beans-6.2.15.jar:6.2.15]
	at org.springframework.beans.factory.support.AbstractAutowireCapableBeanFactory.populateBean(AbstractAutowireCapableBeanFactory.java:1450) ~[spring-beans-6.2.15.jar:6.2.15]
	at org.springframework.beans.factory.support.AbstractAutowireCapableBeanFactory.doCreateBean(AbstractAutowireCapableBeanFactory.java:606) ~[spring-beans-6.2.15.jar:6.2.15]
	at org.springframework.beans.factory.support.AbstractAutowireCapableBeanFactory.createBean(AbstractAutowireCapableBeanFactory.java:529) ~[spring-beans-6.2.15.jar:6.2.15]
	at org.springframework.beans.factory.support.AbstractBeanFactory.lambda$doGetBean$0(AbstractBeanFactory.java:339) ~[spring-beans-6.2.15.jar:6.2.15]
	at org.springframework.beans.factory.support.DefaultSingletonBeanRegistry.getSingleton(DefaultSingletonBeanRegistry.java:373) ~[spring-beans-6.2.15.jar:6.2.15]
	at org.springframework.beans.factory.support.AbstractBeanFactory.doGetBean(AbstractBeanFactory.java:337) ~[spring-beans-6.2.15.jar:6.2.15]
	at org.springframework.beans.factory.support.AbstractBeanFactory.getBean(AbstractBeanFactory.java:207) ~[spring-beans-6.2.15.jar:6.2.15]
	at org.springframework.beans.factory.support.AbstractAutowireCapableBeanFactory.resolveBeanByName(AbstractAutowireCapableBeanFactory.java:468) ~[spring-beans-6.2.15.jar:6.2.15]
	at org.springframework.context.annotation.CommonAnnotationBeanPostProcessor.autowireResource(CommonAnnotationBeanPostProcessor.java:605) ~[spring-context-6.2.15.jar:6.2.15]
	at org.springframework.context.annotation.CommonAnnotationBeanPostProcessor.getResource(CommonAnnotationBeanPostProcessor.java:576) ~[spring-context-6.2.15.jar:6.2.15]
	at org.springframework.context.annotation.CommonAnnotationBeanPostProcessor$ResourceElement.getResourceToInject(CommonAnnotationBeanPostProcessor.java:738) ~[spring-context-6.2.15.jar:6.2.15]
	at org.springframework.beans.factory.annotation.InjectionMetadata$InjectedElement.inject(InjectionMetadata.java:272) ~[spring-beans-6.2.15.jar:6.2.15]
	at org.springframework.beans.factory.annotation.InjectionMetadata.inject(InjectionMetadata.java:146) ~[spring-beans-6.2.15.jar:6.2.15]
	at org.springframework.context.annotation.CommonAnnotationBeanPostProcessor.postProcessProperties(CommonAnnotationBeanPostProcessor.java:369) ~[spring-context-6.2.15.jar:6.2.15]
	at org.springframework.beans.factory.support.AbstractAutowireCapableBeanFactory.populateBean(AbstractAutowireCapableBeanFactory.java:1459) ~[spring-beans-6.2.15.jar:6.2.15]
	at org.springframework.beans.factory.support.AbstractAutowireCapableBeanFactory.doCreateBean(AbstractAutowireCapableBeanFactory.java:606) ~[spring-beans-6.2.15.jar:6.2.15]
	at org.springframework.beans.factory.support.AbstractAutowireCapableBeanFactory.createBean(AbstractAutowireCapableBeanFactory.java:529) ~[spring-beans-6.2.15.jar:6.2.15]
	at org.springframework.beans.factory.support.AbstractBeanFactory.lambda$doGetBean$0(AbstractBeanFactory.java:339) ~[spring-beans-6.2.15.jar:6.2.15]
	at org.springframework.beans.factory.support.DefaultSingletonBeanRegistry.getSingleton(DefaultSingletonBeanRegistry.java:373) ~[spring-beans-6.2.15.jar:6.2.15]
	at org.springframework.beans.factory.support.AbstractBeanFactory.doGetBean(AbstractBeanFactory.java:337) ~[spring-beans-6.2.15.jar:6.2.15]
	at org.springframework.beans.factory.support.AbstractBeanFactory.getBean(AbstractBeanFactory.java:207) ~[spring-beans-6.2.15.jar:6.2.15]
	at org.springframework.beans.factory.support.AbstractAutowireCapableBeanFactory.resolveBeanByName(AbstractAutowireCapableBeanFactory.java:468) ~[spring-beans-6.2.15.jar:6.2.15]
	at org.springframework.context.annotation.CommonAnnotationBeanPostProcessor.autowireResource(CommonAnnotationBeanPostProcessor.java:605) ~[spring-context-6.2.15.jar:6.2.15]
	at org.springframework.context.annotation.CommonAnnotationBeanPostProcessor.getResource(CommonAnnotationBeanPostProcessor.java:576) ~[spring-context-6.2.15.jar:6.2.15]
	at org.springframework.context.annotation.CommonAnnotationBeanPostProcessor$ResourceElement.getResourceToInject(CommonAnnotationBeanPostProcessor.java:738) ~[spring-context-6.2.15.jar:6.2.15]
	at org.springframework.beans.factory.annotation.InjectionMetadata$InjectedElement.inject(InjectionMetadata.java:272) ~[spring-beans-6.2.15.jar:6.2.15]
	at org.springframework.beans.factory.annotation.InjectionMetadata.inject(InjectionMetadata.java:146) ~[spring-beans-6.2.15.jar:6.2.15]
	at org.springframework.context.annotation.CommonAnnotationBeanPostProcessor.postProcessProperties(CommonAnnotationBeanPostProcessor.java:369) ~[spring-context-6.2.15.jar:6.2.15]
	at org.springframework.beans.factory.support.AbstractAutowireCapableBeanFactory.populateBean(AbstractAutowireCapableBeanFactory.java:1459) ~[spring-beans-6.2.15.jar:6.2.15]
	at org.springframework.beans.factory.support.AbstractAutowireCapableBeanFactory.doCreateBean(AbstractAutowireCapableBeanFactory.java:606) ~[spring-beans-6.2.15.jar:6.2.15]
	at org.springframework.beans.factory.support.AbstractAutowireCapableBeanFactory.createBean(AbstractAutowireCapableBeanFactory.java:529) ~[spring-beans-6.2.15.jar:6.2.15]
	at org.springframework.beans.factory.support.AbstractBeanFactory.lambda$doGetBean$0(AbstractBeanFactory.java:339) ~[spring-beans-6.2.15.jar:6.2.15]
	at org.springframework.beans.factory.support.DefaultSingletonBeanRegistry.getSingleton(DefaultSingletonBeanRegistry.java:373) ~[spring-beans-6.2.15.jar:6.2.15]
	at org.springframework.beans.factory.support.AbstractBeanFactory.doGetBean(AbstractBeanFactory.java:337) ~[spring-beans-6.2.15.jar:6.2.15]
	at org.springframework.beans.factory.support.AbstractBeanFactory.getBean(AbstractBeanFactory.java:202) ~[spring-beans-6.2.15.jar:6.2.15]
	at org.springframework.beans.factory.support.DefaultListableBeanFactory.instantiateSingleton(DefaultListableBeanFactory.java:1228) ~[spring-beans-6.2.15.jar:6.2.15]
	at org.springframework.beans.factory.support.DefaultListableBeanFactory.preInstantiateSingleton(DefaultListableBeanFactory.java:1194) ~[spring-beans-6.2.15.jar:6.2.15]
	at org.springframework.beans.factory.support.DefaultListableBeanFactory.preInstantiateSingletons(DefaultListableBeanFactory.java:1130) ~[spring-beans-6.2.15.jar:6.2.15]
	at org.springframework.context.support.AbstractApplicationContext.finishBeanFactoryInitialization(AbstractApplicationContext.java:990) ~[spring-context-6.2.15.jar:6.2.15]
	at org.springframework.context.support.AbstractApplicationContext.refresh(AbstractApplicationContext.java:627) ~[spring-context-6.2.15.jar:6.2.15]
	at org.springframework.boot.web.servlet.context.ServletWebServerApplicationContext.refresh(ServletWebServerApplicationContext.java:146) ~[spring-boot-3.5.9.jar:3.5.9]
	at org.springframework.boot.SpringApplication.refresh(SpringApplication.java:752) ~[spring-boot-3.5.9.jar:3.5.9]
	at org.springframework.boot.SpringApplication.refreshContext(SpringApplication.java:439) ~[spring-boot-3.5.9.jar:3.5.9]
	at org.springframework.boot.SpringApplication.run(SpringApplication.java:318) ~[spring-boot-3.5.9.jar:3.5.9]
	at org.springframework.boot.SpringApplication.run(SpringApplication.java:1361) ~[spring-boot-3.5.9.jar:3.5.9]
	at org.springframework.boot.SpringApplication.run(SpringApplication.java:1350) ~[spring-boot-3.5.9.jar:3.5.9]
	at com.library.admin.LibraryAdminApplication.main(LibraryAdminApplication.java:12) ~[classes/:?]
[2026-01-28 00:23:03.778] [ERROR][main][DruidDataSource] {dataSource-1} init error
java.sql.SQLException: Access denied for user 'root'@'172.18.0.1' (using password: YES)
	at com.mysql.cj.jdbc.exceptions.SQLError.createSQLException(SQLError.java:130) ~[mysql-connector-j-8.0.33.jar:8.0.33]
	at com.mysql.cj.jdbc.exceptions.SQLExceptionsMapping.translateException(SQLExceptionsMapping.java:122) ~[mysql-connector-j-8.0.33.jar:8.0.33]
	at com.mysql.cj.jdbc.ConnectionImpl.createNewIO(ConnectionImpl.java:825) ~[mysql-connector-j-8.0.33.jar:8.0.33]
	at com.mysql.cj.jdbc.ConnectionImpl.<init>(ConnectionImpl.java:446) ~[mysql-connector-j-8.0.33.jar:8.0.33]
	at com.mysql.cj.jdbc.ConnectionImpl.getInstance(ConnectionImpl.java:239) ~[mysql-connector-j-8.0.33.jar:8.0.33]
	at com.mysql.cj.jdbc.NonRegisteringDriver.connect(NonRegisteringDriver.java:188) ~[mysql-connector-j-8.0.33.jar:8.0.33]
	at com.alibaba.druid.filter.FilterChainImpl.connection_connect(FilterChainImpl.java:132) ~[druid-1.2.27.jar:?]
	at com.alibaba.druid.filter.FilterAdapter.connection_connect(FilterAdapter.java:764) ~[druid-1.2.27.jar:?]
	at com.alibaba.druid.filter.FilterEventAdapter.connection_connect(FilterEventAdapter.java:33) ~[druid-1.2.27.jar:?]
	at com.alibaba.druid.filter.FilterChainImpl.connection_connect(FilterChainImpl.java:126) ~[druid-1.2.27.jar:?]
	at com.alibaba.druid.filter.FilterAdapter.connection_connect(FilterAdapter.java:764) ~[druid-1.2.27.jar:?]
	at com.alibaba.druid.filter.FilterChainImpl.connection_connect(FilterChainImpl.java:126) ~[druid-1.2.27.jar:?]
	at com.alibaba.druid.filter.stat.StatFilter.connection_connect(StatFilter.java:244) ~[druid-1.2.27.jar:?]
	at com.alibaba.druid.filter.FilterChainImpl.connection_connect(FilterChainImpl.java:126) ~[druid-1.2.27.jar:?]
	at com.alibaba.druid.pool.DruidAbstractDataSource.createPhysicalConnection(DruidAbstractDataSource.java:1695) ~[druid-1.2.27.jar:?]
	at com.alibaba.druid.pool.DruidAbstractDataSource.createPhysicalConnection(DruidAbstractDataSource.java:1811) ~[druid-1.2.27.jar:?]
	at com.alibaba.druid.pool.DruidDataSource.init(DruidDataSource.java:787) ~[druid-1.2.27.jar:?]
	at com.alibaba.druid.spring.boot3.autoconfigure.DruidDataSourceWrapper.afterPropertiesSet(DruidDataSourceWrapper.java:51) ~[druid-spring-boot-3-starter-1.2.27.jar:?]
	at org.springframework.beans.factory.support.AbstractAutowireCapableBeanFactory.invokeInitMethods(AbstractAutowireCapableBeanFactory.java:1873) ~[spring-beans-6.2.15.jar:6.2.15]
	at org.springframework.beans.factory.support.AbstractAutowireCapableBeanFactory.initializeBean(AbstractAutowireCapableBeanFactory.java:1822) ~[spring-beans-6.2.15.jar:6.2.15]
	at org.springframework.beans.factory.support.AbstractAutowireCapableBeanFactory.doCreateBean(AbstractAutowireCapableBeanFactory.java:607) ~[spring-beans-6.2.15.jar:6.2.15]
	at org.springframework.beans.factory.support.AbstractAutowireCapableBeanFactory.createBean(AbstractAutowireCapableBeanFactory.java:529) ~[spring-beans-6.2.15.jar:6.2.15]
	at org.springframework.beans.factory.support.AbstractBeanFactory.lambda$doGetBean$0(AbstractBeanFactory.java:339) ~[spring-beans-6.2.15.jar:6.2.15]
	at org.springframework.beans.factory.support.DefaultSingletonBeanRegistry.getSingleton(DefaultSingletonBeanRegistry.java:373) ~[spring-beans-6.2.15.jar:6.2.15]
	at org.springframework.beans.factory.support.AbstractBeanFactory.doGetBean(AbstractBeanFactory.java:337) ~[spring-beans-6.2.15.jar:6.2.15]
	at org.springframework.beans.factory.support.AbstractBeanFactory.getBean(AbstractBeanFactory.java:202) ~[spring-beans-6.2.15.jar:6.2.15]
	at org.springframework.beans.factory.support.DefaultListableBeanFactory.doResolveDependency(DefaultListableBeanFactory.java:1708) ~[spring-beans-6.2.15.jar:6.2.15]
	at org.springframework.beans.factory.support.DefaultListableBeanFactory.resolveDependency(DefaultListableBeanFactory.java:1653) ~[spring-beans-6.2.15.jar:6.2.15]
	at org.springframework.beans.factory.support.ConstructorResolver.resolveAutowiredArgument(ConstructorResolver.java:913) ~[spring-beans-6.2.15.jar:6.2.15]
	at org.springframework.beans.factory.support.ConstructorResolver.createArgumentArray(ConstructorResolver.java:791) ~[spring-beans-6.2.15.jar:6.2.15]
	at org.springframework.beans.factory.support.ConstructorResolver.instantiateUsingFactoryMethod(ConstructorResolver.java:546) ~[spring-beans-6.2.15.jar:6.2.15]
	at org.springframework.beans.factory.support.AbstractAutowireCapableBeanFactory.instantiateUsingFactoryMethod(AbstractAutowireCapableBeanFactory.java:1375) ~[spring-beans-6.2.15.jar:6.2.15]
	at org.springframework.beans.factory.support.AbstractAutowireCapableBeanFactory.createBeanInstance(AbstractAutowireCapableBeanFactory.java:1205) ~[spring-beans-6.2.15.jar:6.2.15]
	at org.springframework.beans.factory.support.AbstractAutowireCapableBeanFactory.doCreateBean(AbstractAutowireCapableBeanFactory.java:569) ~[spring-beans-6.2.15.jar:6.2.15]
	at org.springframework.beans.factory.support.AbstractAutowireCapableBeanFactory.createBean(AbstractAutowireCapableBeanFactory.java:529) ~[spring-beans-6.2.15.jar:6.2.15]
	at org.springframework.beans.factory.support.AbstractBeanFactory.lambda$doGetBean$0(AbstractBeanFactory.java:339) ~[spring-beans-6.2.15.jar:6.2.15]
	at org.springframework.beans.factory.support.DefaultSingletonBeanRegistry.getSingleton(DefaultSingletonBeanRegistry.java:373) ~[spring-beans-6.2.15.jar:6.2.15]
	at org.springframework.beans.factory.support.AbstractBeanFactory.doGetBean(AbstractBeanFactory.java:337) ~[spring-beans-6.2.15.jar:6.2.15]
	at org.springframework.beans.factory.support.AbstractBeanFactory.getBean(AbstractBeanFactory.java:202) ~[spring-beans-6.2.15.jar:6.2.15]
	at org.springframework.beans.factory.config.DependencyDescriptor.resolveCandidate(DependencyDescriptor.java:254) ~[spring-beans-6.2.15.jar:6.2.15]
	at org.springframework.beans.factory.support.DefaultListableBeanFactory.doResolveDependency(DefaultListableBeanFactory.java:1770) ~[spring-beans-6.2.15.jar:6.2.15]
	at org.springframework.beans.factory.support.DefaultListableBeanFactory.resolveDependency(DefaultListableBeanFactory.java:1653) ~[spring-beans-6.2.15.jar:6.2.15]
	at org.springframework.beans.factory.support.AbstractAutowireCapableBeanFactory.autowireByType(AbstractAutowireCapableBeanFactory.java:1541) ~[spring-beans-6.2.15.jar:6.2.15]
	at org.springframework.beans.factory.support.AbstractAutowireCapableBeanFactory.populateBean(AbstractAutowireCapableBeanFactory.java:1450) ~[spring-beans-6.2.15.jar:6.2.15]
	at org.springframework.beans.factory.support.AbstractAutowireCapableBeanFactory.doCreateBean(AbstractAutowireCapableBeanFactory.java:606) ~[spring-beans-6.2.15.jar:6.2.15]
	at org.springframework.beans.factory.support.AbstractAutowireCapableBeanFactory.createBean(AbstractAutowireCapableBeanFactory.java:529) ~[spring-beans-6.2.15.jar:6.2.15]
	at org.springframework.beans.factory.support.AbstractBeanFactory.lambda$doGetBean$0(AbstractBeanFactory.java:339) ~[spring-beans-6.2.15.jar:6.2.15]
	at org.springframework.beans.factory.support.DefaultSingletonBeanRegistry.getSingleton(DefaultSingletonBeanRegistry.java:373) ~[spring-beans-6.2.15.jar:6.2.15]
	at org.springframework.beans.factory.support.AbstractBeanFactory.doGetBean(AbstractBeanFactory.java:337) ~[spring-beans-6.2.15.jar:6.2.15]
	at org.springframework.beans.factory.support.AbstractBeanFactory.getBean(AbstractBeanFactory.java:207) ~[spring-beans-6.2.15.jar:6.2.15]
	at org.springframework.beans.factory.support.AbstractAutowireCapableBeanFactory.resolveBeanByName(AbstractAutowireCapableBeanFactory.java:468) ~[spring-beans-6.2.15.jar:6.2.15]
	at org.springframework.context.annotation.CommonAnnotationBeanPostProcessor.autowireResource(CommonAnnotationBeanPostProcessor.java:605) ~[spring-context-6.2.15.jar:6.2.15]
	at org.springframework.context.annotation.CommonAnnotationBeanPostProcessor.getResource(CommonAnnotationBeanPostProcessor.java:576) ~[spring-context-6.2.15.jar:6.2.15]
	at org.springframework.context.annotation.CommonAnnotationBeanPostProcessor$ResourceElement.getResourceToInject(CommonAnnotationBeanPostProcessor.java:738) ~[spring-context-6.2.15.jar:6.2.15]
	at org.springframework.beans.factory.annotation.InjectionMetadata$InjectedElement.inject(InjectionMetadata.java:272) ~[spring-beans-6.2.15.jar:6.2.15]
	at org.springframework.beans.factory.annotation.InjectionMetadata.inject(InjectionMetadata.java:146) ~[spring-beans-6.2.15.jar:6.2.15]
	at org.springframework.context.annotation.CommonAnnotationBeanPostProcessor.postProcessProperties(CommonAnnotationBeanPostProcessor.java:369) ~[spring-context-6.2.15.jar:6.2.15]
	at org.springframework.beans.factory.support.AbstractAutowireCapableBeanFactory.populateBean(AbstractAutowireCapableBeanFactory.java:1459) ~[spring-beans-6.2.15.jar:6.2.15]
	at org.springframework.beans.factory.support.AbstractAutowireCapableBeanFactory.doCreateBean(AbstractAutowireCapableBeanFactory.java:606) ~[spring-beans-6.2.15.jar:6.2.15]
	at org.springframework.beans.factory.support.AbstractAutowireCapableBeanFactory.createBean(AbstractAutowireCapableBeanFactory.java:529) ~[spring-beans-6.2.15.jar:6.2.15]
	at org.springframework.beans.factory.support.AbstractBeanFactory.lambda$doGetBean$0(AbstractBeanFactory.java:339) ~[spring-beans-6.2.15.jar:6.2.15]
	at org.springframework.beans.factory.support.DefaultSingletonBeanRegistry.getSingleton(DefaultSingletonBeanRegistry.java:373) ~[spring-beans-6.2.15.jar:6.2.15]
	at org.springframework.beans.factory.support.AbstractBeanFactory.doGetBean(AbstractBeanFactory.java:337) ~[spring-beans-6.2.15.jar:6.2.15]
	at org.springframework.beans.factory.support.AbstractBeanFactory.getBean(AbstractBeanFactory.java:207) ~[spring-beans-6.2.15.jar:6.2.15]
	at org.springframework.beans.factory.support.AbstractAutowireCapableBeanFactory.resolveBeanByName(AbstractAutowireCapableBeanFactory.java:468) ~[spring-beans-6.2.15.jar:6.2.15]
	at org.springframework.context.annotation.CommonAnnotationBeanPostProcessor.autowireResource(CommonAnnotationBeanPostProcessor.java:605) ~[spring-context-6.2.15.jar:6.2.15]
	at org.springframework.context.annotation.CommonAnnotationBeanPostProcessor.getResource(CommonAnnotationBeanPostProcessor.java:576) ~[spring-context-6.2.15.jar:6.2.15]
	at org.springframework.context.annotation.CommonAnnotationBeanPostProcessor$ResourceElement.getResourceToInject(CommonAnnotationBeanPostProcessor.java:738) ~[spring-context-6.2.15.jar:6.2.15]
	at org.springframework.beans.factory.annotation.InjectionMetadata$InjectedElement.inject(InjectionMetadata.java:272) ~[spring-beans-6.2.15.jar:6.2.15]
	at org.springframework.beans.factory.annotation.InjectionMetadata.inject(InjectionMetadata.java:146) ~[spring-beans-6.2.15.jar:6.2.15]
	at org.springframework.context.annotation.CommonAnnotationBeanPostProcessor.postProcessProperties(CommonAnnotationBeanPostProcessor.java:369) ~[spring-context-6.2.15.jar:6.2.15]
	at org.springframework.beans.factory.support.AbstractAutowireCapableBeanFactory.populateBean(AbstractAutowireCapableBeanFactory.java:1459) ~[spring-beans-6.2.15.jar:6.2.15]
	at org.springframework.beans.factory.support.AbstractAutowireCapableBeanFactory.doCreateBean(AbstractAutowireCapableBeanFactory.java:606) ~[spring-beans-6.2.15.jar:6.2.15]
	at org.springframework.beans.factory.support.AbstractAutowireCapableBeanFactory.createBean(AbstractAutowireCapableBeanFactory.java:529) ~[spring-beans-6.2.15.jar:6.2.15]
	at org.springframework.beans.factory.support.AbstractBeanFactory.lambda$doGetBean$0(AbstractBeanFactory.java:339) ~[spring-beans-6.2.15.jar:6.2.15]
	at org.springframework.beans.factory.support.DefaultSingletonBeanRegistry.getSingleton(DefaultSingletonBeanRegistry.java:373) ~[spring-beans-6.2.15.jar:6.2.15]
	at org.springframework.beans.factory.support.AbstractBeanFactory.doGetBean(AbstractBeanFactory.java:337) ~[spring-beans-6.2.15.jar:6.2.15]
	at org.springframework.beans.factory.support.AbstractBeanFactory.getBean(AbstractBeanFactory.java:202) ~[spring-beans-6.2.15.jar:6.2.15]
	at org.springframework.beans.factory.support.DefaultListableBeanFactory.instantiateSingleton(DefaultListableBeanFactory.java:1228) ~[spring-beans-6.2.15.jar:6.2.15]
	at org.springframework.beans.factory.support.DefaultListableBeanFactory.preInstantiateSingleton(DefaultListableBeanFactory.java:1194) ~[spring-beans-6.2.15.jar:6.2.15]
	at org.springframework.beans.factory.support.DefaultListableBeanFactory.preInstantiateSingletons(DefaultListableBeanFactory.java:1130) ~[spring-beans-6.2.15.jar:6.2.15]
	at org.springframework.context.support.AbstractApplicationContext.finishBeanFactoryInitialization(AbstractApplicationContext.java:990) ~[spring-context-6.2.15.jar:6.2.15]
	at org.springframework.context.support.AbstractApplicationContext.refresh(AbstractApplicationContext.java:627) ~[spring-context-6.2.15.jar:6.2.15]
	at org.springframework.boot.web.servlet.context.ServletWebServerApplicationContext.refresh(ServletWebServerApplicationContext.java:146) ~[spring-boot-3.5.9.jar:3.5.9]
	at org.springframework.boot.SpringApplication.refresh(SpringApplication.java:752) ~[spring-boot-3.5.9.jar:3.5.9]
	at org.springframework.boot.SpringApplication.refreshContext(SpringApplication.java:439) ~[spring-boot-3.5.9.jar:3.5.9]
	at org.springframework.boot.SpringApplication.run(SpringApplication.java:318) ~[spring-boot-3.5.9.jar:3.5.9]
	at org.springframework.boot.SpringApplication.run(SpringApplication.java:1361) ~[spring-boot-3.5.9.jar:3.5.9]
	at org.springframework.boot.SpringApplication.run(SpringApplication.java:1350) ~[spring-boot-3.5.9.jar:3.5.9]
	at com.library.admin.LibraryAdminApplication.main(LibraryAdminApplication.java:12) ~[classes/:?]
[2026-01-28 00:23:03.778] [INFO ][main][DruidDataSource] {dataSource-1} inited
[2026-01-28 00:23:03.782] [INFO ][main][StandardService] Stopping service [Tomcat]
[2026-01-28 00:23:03.788] [ERROR][Druid-ConnectionPool-Create-143830798][DruidDataSource] create connection SQLException, url: jdbc:mysql://127.0.0.1:3307/library_v1?useUnicode=true&characterEncoding=UTF-8&serverTimezone=Asia/Taipei&rewriteBatchedStatements=true&allowPublicKeyRetrieval=true&useSSL=false, errorCode 1045, state 28000
java.sql.SQLException: Access denied for user 'root'@'172.18.0.1' (using password: YES)
	at com.mysql.cj.jdbc.exceptions.SQLError.createSQLException(SQLError.java:130) ~[mysql-connector-j-8.0.33.jar:8.0.33]
	at com.mysql.cj.jdbc.exceptions.SQLExceptionsMapping.translateException(SQLExceptionsMapping.java:122) ~[mysql-connector-j-8.0.33.jar:8.0.33]
	at com.mysql.cj.jdbc.ConnectionImpl.createNewIO(ConnectionImpl.java:825) ~[mysql-connector-j-8.0.33.jar:8.0.33]
	at com.mysql.cj.jdbc.ConnectionImpl.<init>(ConnectionImpl.java:446) ~[mysql-connector-j-8.0.33.jar:8.0.33]
	at com.mysql.cj.jdbc.ConnectionImpl.getInstance(ConnectionImpl.java:239) ~[mysql-connector-j-8.0.33.jar:8.0.33]
	at com.mysql.cj.jdbc.NonRegisteringDriver.connect(NonRegisteringDriver.java:188) ~[mysql-connector-j-8.0.33.jar:8.0.33]
	at com.alibaba.druid.filter.FilterChainImpl.connection_connect(FilterChainImpl.java:132) ~[druid-1.2.27.jar:?]
	at com.alibaba.druid.filter.FilterAdapter.connection_connect(FilterAdapter.java:764) ~[druid-1.2.27.jar:?]
	at com.alibaba.druid.filter.FilterEventAdapter.connection_connect(FilterEventAdapter.java:33) ~[druid-1.2.27.jar:?]
	at com.alibaba.druid.filter.FilterChainImpl.connection_connect(FilterChainImpl.java:126) ~[druid-1.2.27.jar:?]
	at com.alibaba.druid.filter.FilterAdapter.connection_connect(FilterAdapter.java:764) ~[druid-1.2.27.jar:?]
	at com.alibaba.druid.filter.FilterChainImpl.connection_connect(FilterChainImpl.java:126) ~[druid-1.2.27.jar:?]
	at com.alibaba.druid.filter.stat.StatFilter.connection_connect(StatFilter.java:244) ~[druid-1.2.27.jar:?]
	at com.alibaba.druid.filter.FilterChainImpl.connection_connect(FilterChainImpl.java:126) ~[druid-1.2.27.jar:?]
	at com.alibaba.druid.pool.DruidAbstractDataSource.createPhysicalConnection(DruidAbstractDataSource.java:1695) ~[druid-1.2.27.jar:?]
	at com.alibaba.druid.pool.DruidAbstractDataSource.createPhysicalConnection(DruidAbstractDataSource.java:1811) ~[druid-1.2.27.jar:?]
	at com.alibaba.druid.pool.DruidDataSource$CreateConnectionThread.run(DruidDataSource.java:2793) ~[druid-1.2.27.jar:?]
[2026-01-28 00:23:03.796] [ERROR][Druid-ConnectionPool-Create-143830798][DruidDataSource] create connection SQLException, url: jdbc:mysql://127.0.0.1:3307/library_v1?useUnicode=true&characterEncoding=UTF-8&serverTimezone=Asia/Taipei&rewriteBatchedStatements=true&allowPublicKeyRetrieval=true&useSSL=false, errorCode 1045, state 28000
java.sql.SQLException: Access denied for user 'root'@'172.18.0.1' (using password: YES)
	at com.mysql.cj.jdbc.exceptions.SQLError.createSQLException(SQLError.java:130) ~[mysql-connector-j-8.0.33.jar:8.0.33]
	at com.mysql.cj.jdbc.exceptions.SQLExceptionsMapping.translateException(SQLExceptionsMapping.java:122) ~[mysql-connector-j-8.0.33.jar:8.0.33]
	at com.mysql.cj.jdbc.ConnectionImpl.createNewIO(ConnectionImpl.java:825) ~[mysql-connector-j-8.0.33.jar:8.0.33]
	at com.mysql.cj.jdbc.ConnectionImpl.<init>(ConnectionImpl.java:446) ~[mysql-connector-j-8.0.33.jar:8.0.33]
	at com.mysql.cj.jdbc.ConnectionImpl.getInstance(ConnectionImpl.java:239) ~[mysql-connector-j-8.0.33.jar:8.0.33]
	at com.mysql.cj.jdbc.NonRegisteringDriver.connect(NonRegisteringDriver.java:188) ~[mysql-connector-j-8.0.33.jar:8.0.33]
	at com.alibaba.druid.filter.FilterChainImpl.connection_connect(FilterChainImpl.java:132) ~[druid-1.2.27.jar:?]
	at com.alibaba.druid.filter.FilterAdapter.connection_connect(FilterAdapter.java:764) ~[druid-1.2.27.jar:?]
	at com.alibaba.druid.filter.FilterEventAdapter.connection_connect(FilterEventAdapter.java:33) ~[druid-1.2.27.jar:?]
	at com.alibaba.druid.filter.FilterChainImpl.connection_connect(FilterChainImpl.java:126) ~[druid-1.2.27.jar:?]
	at com.alibaba.druid.filter.FilterAdapter.connection_connect(FilterAdapter.java:764) ~[druid-1.2.27.jar:?]
	at com.alibaba.druid.filter.FilterChainImpl.connection_connect(FilterChainImpl.java:126) ~[druid-1.2.27.jar:?]
	at com.alibaba.druid.filter.stat.StatFilter.connection_connect(StatFilter.java:244) ~[druid-1.2.27.jar:?]
	at com.alibaba.druid.filter.FilterChainImpl.connection_connect(FilterChainImpl.java:126) ~[druid-1.2.27.jar:?]
	at com.alibaba.druid.pool.DruidAbstractDataSource.createPhysicalConnection(DruidAbstractDataSource.java:1695) ~[druid-1.2.27.jar:?]
	at com.alibaba.druid.pool.DruidAbstractDataSource.createPhysicalConnection(DruidAbstractDataSource.java:1811) ~[druid-1.2.27.jar:?]
	at com.alibaba.druid.pool.DruidDataSource$CreateConnectionThread.run(DruidDataSource.java:2793) ~[druid-1.2.27.jar:?]
[2026-01-28 00:23:03.796] [INFO ][Druid-ConnectionPool-Create-143830798][DruidAbstractDataSource] {dataSource-1} failContinuous is true
[2026-01-28 00:23:23.748] [INFO ][background-preinit][Version] HV000001: Hibernate Validator 8.0.3.Final
[2026-01-28 00:23:23.784] [INFO ][main][LibraryAdminApplication] Starting LibraryAdminApplication using Java 21.0.6 with PID 32832 (E:\library\library\library-admin\target\classes started by shent in E:\library\library)
[2026-01-28 00:23:23.788] [INFO ][main][LibraryAdminApplication] The following 1 profile is active: "dev"
[2026-01-28 00:23:24.636] [INFO ][main][Http11NioProtocol] Initializing ProtocolHandler ["http-nio-8080"]
[2026-01-28 00:23:24.637] [INFO ][main][StandardService] Starting service [Tomcat]
[2026-01-28 00:23:24.638] [INFO ][main][StandardEngine] Starting Servlet engine: [Apache Tomcat/10.1.50]
[2026-01-28 00:23:24.674] [INFO ][main][[/api/library]] Initializing Spring embedded WebApplicationContext
[2026-01-28 00:23:24.791] [INFO ][main][DruidDataSourceAutoConfigure] Init DruidDataSource
[2026-01-28 00:23:25.042] [INFO ][main][DruidDataSource] {dataSource-1} inited
[2026-01-28 00:23:25.578] [INFO ][main][Http11NioProtocol] Starting ProtocolHandler ["http-nio-8080"]
[2026-01-28 00:23:25.597] [INFO ][main][LibraryAdminApplication] Started LibraryAdminApplication in 2.173 seconds (process running for 3.122)
[2026-01-28 00:23:43.280] [INFO ][SpringApplicationShutdownHook][DruidDataSource] {dataSource-1} closing ...
[2026-01-28 00:23:43.283] [INFO ][SpringApplicationShutdownHook][DruidDataSource] {dataSource-1} closed
[2026-01-28 00:32:07.852] [INFO ][background-preinit][Version] HV000001: Hibernate Validator 8.0.3.Final
[2026-01-28 00:32:07.891] [INFO ][main][LibraryAdminApplication] Starting LibraryAdminApplication using Java 21.0.6 with PID 23680 (E:\library\library\library-admin\target\classes started by shent in E:\library\library)
[2026-01-28 00:32:07.894] [INFO ][main][LibraryAdminApplication] The following 1 profile is active: "dev"
[2026-01-28 00:32:08.747] [INFO ][main][Http11NioProtocol] Initializing ProtocolHandler ["http-nio-8080"]
[2026-01-28 00:32:08.748] [INFO ][main][StandardService] Starting service [Tomcat]
[2026-01-28 00:32:08.748] [INFO ][main][StandardEngine] Starting Servlet engine: [Apache Tomcat/10.1.50]
[2026-01-28 00:32:08.784] [INFO ][main][[/api/library]] Initializing Spring embedded WebApplicationContext
[2026-01-28 00:32:08.888] [INFO ][main][DruidDataSourceAutoConfigure] Init DruidDataSource
[2026-01-28 00:32:09.133] [INFO ][main][DruidDataSource] {dataSource-1} inited
[2026-01-28 00:32:09.562] [INFO ][main][Http11NioProtocol] Starting ProtocolHandler ["http-nio-8080"]
[2026-01-28 00:32:09.580] [INFO ][main][LibraryAdminApplication] Started LibraryAdminApplication in 2.025 seconds (process running for 2.906)
[2026-01-28 00:41:33.001] [INFO ][SpringApplicationShutdownHook][DruidDataSource] {dataSource-1} closing ...
[2026-01-28 00:41:33.011] [INFO ][SpringApplicationShutdownHook][DruidDataSource] {dataSource-1} closed
[2026-01-28 00:45:45.804] [INFO ][background-preinit][Version] HV000001: Hibernate Validator 8.0.3.Final
[2026-01-28 00:45:45.840] [INFO ][main][LibraryAdminApplication] Starting LibraryAdminApplication using Java 21.0.6 with PID 11656 (E:\library\library\library-admin\target\classes started by shent in E:\library\library)
[2026-01-28 00:45:45.843] [INFO ][main][LibraryAdminApplication] The following 1 profile is active: "dev"
[2026-01-28 00:45:46.704] [INFO ][main][Http11NioProtocol] Initializing ProtocolHandler ["http-nio-8080"]
[2026-01-28 00:45:46.706] [INFO ][main][StandardService] Starting service [Tomcat]
[2026-01-28 00:45:46.706] [INFO ][main][StandardEngine] Starting Servlet engine: [Apache Tomcat/10.1.50]
[2026-01-28 00:45:46.750] [INFO ][main][[/api/library]] Initializing Spring embedded WebApplicationContext
[2026-01-28 00:45:46.858] [INFO ][main][DruidDataSourceAutoConfigure] Init DruidDataSource
[2026-01-28 00:45:47.117] [INFO ][main][DruidDataSource] {dataSource-1} inited
[2026-01-28 00:45:47.571] [INFO ][main][Http11NioProtocol] Starting ProtocolHandler ["http-nio-8080"]
[2026-01-28 00:45:47.592] [INFO ][main][LibraryAdminApplication] Started LibraryAdminApplication in 2.081 seconds (process running for 5.199)
[2026-01-28 01:30:01.802] [INFO ][SpringApplicationShutdownHook][DruidDataSource] {dataSource-1} closing ...
[2026-01-28 01:30:01.803] [INFO ][SpringApplicationShutdownHook][DruidDataSource] {dataSource-1} closed
[2026-02-24 00:30:48.578] [INFO ][background-preinit][Version] HV000001: Hibernate Validator 8.0.3.Final
[2026-02-24 00:30:48.618] [INFO ][main][LibraryAdminApplication] Starting LibraryAdminApplication using Java 21.0.6 with PID 14956 (E:\library\library\library-admin\target\classes started by shent in E:\library\library)
[2026-02-24 00:30:48.623] [INFO ][main][LibraryAdminApplication] The following 1 profile is active: "dev"
[2026-02-24 00:30:49.912] [INFO ][main][Http11NioProtocol] Initializing ProtocolHandler ["http-nio-8080"]
[2026-02-24 00:30:49.913] [INFO ][main][StandardService] Starting service [Tomcat]
[2026-02-24 00:30:49.913] [INFO ][main][StandardEngine] Starting Servlet engine: [Apache Tomcat/10.1.50]
[2026-02-24 00:30:49.964] [INFO ][main][[/api/library]] Initializing Spring embedded WebApplicationContext
[2026-02-24 00:30:50.094] [INFO ][main][DruidDataSourceAutoConfigure] Init DruidDataSource
[2026-02-24 00:30:50.284] [ERROR][main][DruidDataSource] init datasource error, url: jdbc:mysql://127.0.0.1:3307/library_v1?useUnicode=true&characterEncoding=UTF-8&serverTimezone=Asia/Taipei&rewriteBatchedStatements=true&allowPublicKeyRetrieval=true&useSSL=false
com.mysql.cj.jdbc.exceptions.CommunicationsException: Communications link failure

The last packet sent successfully to the server was 0 milliseconds ago. The driver has not received any packets from the server.
	at com.mysql.cj.jdbc.exceptions.SQLError.createCommunicationsException(SQLError.java:175) ~[mysql-connector-j-8.0.33.jar:8.0.33]
	at com.mysql.cj.jdbc.exceptions.SQLExceptionsMapping.translateException(SQLExceptionsMapping.java:64) ~[mysql-connector-j-8.0.33.jar:8.0.33]
	at com.mysql.cj.jdbc.ConnectionImpl.createNewIO(ConnectionImpl.java:825) ~[mysql-connector-j-8.0.33.jar:8.0.33]
	at com.mysql.cj.jdbc.ConnectionImpl.<init>(ConnectionImpl.java:446) ~[mysql-connector-j-8.0.33.jar:8.0.33]
	at com.mysql.cj.jdbc.ConnectionImpl.getInstance(ConnectionImpl.java:239) ~[mysql-connector-j-8.0.33.jar:8.0.33]
	at com.mysql.cj.jdbc.NonRegisteringDriver.connect(NonRegisteringDriver.java:188) ~[mysql-connector-j-8.0.33.jar:8.0.33]
	at com.alibaba.druid.filter.FilterChainImpl.connection_connect(FilterChainImpl.java:132) ~[druid-1.2.27.jar:?]
	at com.alibaba.druid.filter.FilterAdapter.connection_connect(FilterAdapter.java:764) ~[druid-1.2.27.jar:?]
	at com.alibaba.druid.filter.FilterEventAdapter.connection_connect(FilterEventAdapter.java:33) ~[druid-1.2.27.jar:?]
	at com.alibaba.druid.filter.FilterChainImpl.connection_connect(FilterChainImpl.java:126) ~[druid-1.2.27.jar:?]
	at com.alibaba.druid.filter.FilterAdapter.connection_connect(FilterAdapter.java:764) ~[druid-1.2.27.jar:?]
	at com.alibaba.druid.filter.FilterChainImpl.connection_connect(FilterChainImpl.java:126) ~[druid-1.2.27.jar:?]
	at com.alibaba.druid.filter.stat.StatFilter.connection_connect(StatFilter.java:244) ~[druid-1.2.27.jar:?]
	at com.alibaba.druid.filter.FilterChainImpl.connection_connect(FilterChainImpl.java:126) ~[druid-1.2.27.jar:?]
	at com.alibaba.druid.pool.DruidAbstractDataSource.createPhysicalConnection(DruidAbstractDataSource.java:1695) ~[druid-1.2.27.jar:?]
	at com.alibaba.druid.pool.DruidAbstractDataSource.createPhysicalConnection(DruidAbstractDataSource.java:1811) ~[druid-1.2.27.jar:?]
	at com.alibaba.druid.pool.DruidDataSource.init(DruidDataSource.java:787) ~[druid-1.2.27.jar:?]
	at com.alibaba.druid.spring.boot3.autoconfigure.DruidDataSourceWrapper.afterPropertiesSet(DruidDataSourceWrapper.java:51) ~[druid-spring-boot-3-starter-1.2.27.jar:?]
	at org.springframework.beans.factory.support.AbstractAutowireCapableBeanFactory.invokeInitMethods(AbstractAutowireCapableBeanFactory.java:1873) ~[spring-beans-6.2.15.jar:6.2.15]
	at org.springframework.beans.factory.support.AbstractAutowireCapableBeanFactory.initializeBean(AbstractAutowireCapableBeanFactory.java:1822) ~[spring-beans-6.2.15.jar:6.2.15]
	at org.springframework.beans.factory.support.AbstractAutowireCapableBeanFactory.doCreateBean(AbstractAutowireCapableBeanFactory.java:607) ~[spring-beans-6.2.15.jar:6.2.15]
	at org.springframework.beans.factory.support.AbstractAutowireCapableBeanFactory.createBean(AbstractAutowireCapableBeanFactory.java:529) ~[spring-beans-6.2.15.jar:6.2.15]
	at org.springframework.beans.factory.support.AbstractBeanFactory.lambda$doGetBean$0(AbstractBeanFactory.java:339) ~[spring-beans-6.2.15.jar:6.2.15]
	at org.springframework.beans.factory.support.DefaultSingletonBeanRegistry.getSingleton(DefaultSingletonBeanRegistry.java:373) ~[spring-beans-6.2.15.jar:6.2.15]
	at org.springframework.beans.factory.support.AbstractBeanFactory.doGetBean(AbstractBeanFactory.java:337) ~[spring-beans-6.2.15.jar:6.2.15]
	at org.springframework.beans.factory.support.AbstractBeanFactory.getBean(AbstractBeanFactory.java:202) ~[spring-beans-6.2.15.jar:6.2.15]
	at org.springframework.beans.factory.support.DefaultListableBeanFactory.doResolveDependency(DefaultListableBeanFactory.java:1708) ~[spring-beans-6.2.15.jar:6.2.15]
	at org.springframework.beans.factory.support.DefaultListableBeanFactory.resolveDependency(DefaultListableBeanFactory.java:1653) ~[spring-beans-6.2.15.jar:6.2.15]
	at org.springframework.beans.factory.support.ConstructorResolver.resolveAutowiredArgument(ConstructorResolver.java:913) ~[spring-beans-6.2.15.jar:6.2.15]
	at org.springframework.beans.factory.support.ConstructorResolver.createArgumentArray(ConstructorResolver.java:791) ~[spring-beans-6.2.15.jar:6.2.15]
	at org.springframework.beans.factory.support.ConstructorResolver.instantiateUsingFactoryMethod(ConstructorResolver.java:546) ~[spring-beans-6.2.15.jar:6.2.15]
	at org.springframework.beans.factory.support.AbstractAutowireCapableBeanFactory.instantiateUsingFactoryMethod(AbstractAutowireCapableBeanFactory.java:1375) ~[spring-beans-6.2.15.jar:6.2.15]
	at org.springframework.beans.factory.support.AbstractAutowireCapableBeanFactory.createBeanInstance(AbstractAutowireCapableBeanFactory.java:1205) ~[spring-beans-6.2.15.jar:6.2.15]
	at org.springframework.beans.factory.support.AbstractAutowireCapableBeanFactory.doCreateBean(AbstractAutowireCapableBeanFactory.java:569) ~[spring-beans-6.2.15.jar:6.2.15]
	at org.springframework.beans.factory.support.AbstractAutowireCapableBeanFactory.createBean(AbstractAutowireCapableBeanFactory.java:529) ~[spring-beans-6.2.15.jar:6.2.15]
	at org.springframework.beans.factory.support.AbstractBeanFactory.lambda$doGetBean$0(AbstractBeanFactory.java:339) ~[spring-beans-6.2.15.jar:6.2.15]
	at org.springframework.beans.factory.support.DefaultSingletonBeanRegistry.getSingleton(DefaultSingletonBeanRegistry.java:373) ~[spring-beans-6.2.15.jar:6.2.15]
	at org.springframework.beans.factory.support.AbstractBeanFactory.doGetBean(AbstractBeanFactory.java:337) ~[spring-beans-6.2.15.jar:6.2.15]
	at org.springframework.beans.factory.support.AbstractBeanFactory.getBean(AbstractBeanFactory.java:202) ~[spring-beans-6.2.15.jar:6.2.15]
	at org.springframework.beans.factory.config.DependencyDescriptor.resolveCandidate(DependencyDescriptor.java:254) ~[spring-beans-6.2.15.jar:6.2.15]
	at org.springframework.beans.factory.support.DefaultListableBeanFactory.doResolveDependency(DefaultListableBeanFactory.java:1770) ~[spring-beans-6.2.15.jar:6.2.15]
	at org.springframework.beans.factory.support.DefaultListableBeanFactory.resolveDependency(DefaultListableBeanFactory.java:1653) ~[spring-beans-6.2.15.jar:6.2.15]
	at org.springframework.beans.factory.support.AbstractAutowireCapableBeanFactory.autowireByType(AbstractAutowireCapableBeanFactory.java:1541) ~[spring-beans-6.2.15.jar:6.2.15]
	at org.springframework.beans.factory.support.AbstractAutowireCapableBeanFactory.populateBean(AbstractAutowireCapableBeanFactory.java:1450) ~[spring-beans-6.2.15.jar:6.2.15]
	at org.springframework.beans.factory.support.AbstractAutowireCapableBeanFactory.doCreateBean(AbstractAutowireCapableBeanFactory.java:606) ~[spring-beans-6.2.15.jar:6.2.15]
	at org.springframework.beans.factory.support.AbstractAutowireCapableBeanFactory.createBean(AbstractAutowireCapableBeanFactory.java:529) ~[spring-beans-6.2.15.jar:6.2.15]
	at org.springframework.beans.factory.support.AbstractBeanFactory.lambda$doGetBean$0(AbstractBeanFactory.java:339) ~[spring-beans-6.2.15.jar:6.2.15]
	at org.springframework.beans.factory.support.DefaultSingletonBeanRegistry.getSingleton(DefaultSingletonBeanRegistry.java:373) ~[spring-beans-6.2.15.jar:6.2.15]
	at org.springframework.beans.factory.support.AbstractBeanFactory.doGetBean(AbstractBeanFactory.java:337) ~[spring-beans-6.2.15.jar:6.2.15]
	at org.springframework.beans.factory.support.AbstractBeanFactory.getBean(AbstractBeanFactory.java:207) ~[spring-beans-6.2.15.jar:6.2.15]
	at org.springframework.beans.factory.support.AbstractAutowireCapableBeanFactory.resolveBeanByName(AbstractAutowireCapableBeanFactory.java:468) ~[spring-beans-6.2.15.jar:6.2.15]
	at org.springframework.context.annotation.CommonAnnotationBeanPostProcessor.autowireResource(CommonAnnotationBeanPostProcessor.java:605) ~[spring-context-6.2.15.jar:6.2.15]
	at org.springframework.context.annotation.CommonAnnotationBeanPostProcessor.getResource(CommonAnnotationBeanPostProcessor.java:576) ~[spring-context-6.2.15.jar:6.2.15]
	at org.springframework.context.annotation.CommonAnnotationBeanPostProcessor$ResourceElement.getResourceToInject(CommonAnnotationBeanPostProcessor.java:738) ~[spring-context-6.2.15.jar:6.2.15]
	at org.springframework.beans.factory.annotation.InjectionMetadata$InjectedElement.inject(InjectionMetadata.java:272) ~[spring-beans-6.2.15.jar:6.2.15]
	at org.springframework.beans.factory.annotation.InjectionMetadata.inject(InjectionMetadata.java:146) ~[spring-beans-6.2.15.jar:6.2.15]
	at org.springframework.context.annotation.CommonAnnotationBeanPostProcessor.postProcessProperties(CommonAnnotationBeanPostProcessor.java:369) ~[spring-context-6.2.15.jar:6.2.15]
	at org.springframework.beans.factory.support.AbstractAutowireCapableBeanFactory.populateBean(AbstractAutowireCapableBeanFactory.java:1459) ~[spring-beans-6.2.15.jar:6.2.15]
	at org.springframework.beans.factory.support.AbstractAutowireCapableBeanFactory.doCreateBean(AbstractAutowireCapableBeanFactory.java:606) ~[spring-beans-6.2.15.jar:6.2.15]
	at org.springframework.beans.factory.support.AbstractAutowireCapableBeanFactory.createBean(AbstractAutowireCapableBeanFactory.java:529) ~[spring-beans-6.2.15.jar:6.2.15]
	at org.springframework.beans.factory.support.AbstractBeanFactory.lambda$doGetBean$0(AbstractBeanFactory.java:339) ~[spring-beans-6.2.15.jar:6.2.15]
	at org.springframework.beans.factory.support.DefaultSingletonBeanRegistry.getSingleton(DefaultSingletonBeanRegistry.java:373) ~[spring-beans-6.2.15.jar:6.2.15]
	at org.springframework.beans.factory.support.AbstractBeanFactory.doGetBean(AbstractBeanFactory.java:337) ~[spring-beans-6.2.15.jar:6.2.15]
	at org.springframework.beans.factory.support.AbstractBeanFactory.getBean(AbstractBeanFactory.java:207) ~[spring-beans-6.2.15.jar:6.2.15]
	at org.springframework.beans.factory.support.AbstractAutowireCapableBeanFactory.resolveBeanByName(AbstractAutowireCapableBeanFactory.java:468) ~[spring-beans-6.2.15.jar:6.2.15]
	at org.springframework.context.annotation.CommonAnnotationBeanPostProcessor.autowireResource(CommonAnnotationBeanPostProcessor.java:605) ~[spring-context-6.2.15.jar:6.2.15]
	at org.springframework.context.annotation.CommonAnnotationBeanPostProcessor.getResource(CommonAnnotationBeanPostProcessor.java:576) ~[spring-context-6.2.15.jar:6.2.15]
	at org.springframework.context.annotation.CommonAnnotationBeanPostProcessor$ResourceElement.getResourceToInject(CommonAnnotationBeanPostProcessor.java:738) ~[spring-context-6.2.15.jar:6.2.15]
	at org.springframework.beans.factory.annotation.InjectionMetadata$InjectedElement.inject(InjectionMetadata.java:272) ~[spring-beans-6.2.15.jar:6.2.15]
	at org.springframework.beans.factory.annotation.InjectionMetadata.inject(InjectionMetadata.java:146) ~[spring-beans-6.2.15.jar:6.2.15]
	at org.springframework.context.annotation.CommonAnnotationBeanPostProcessor.postProcessProperties(CommonAnnotationBeanPostProcessor.java:369) ~[spring-context-6.2.15.jar:6.2.15]
	at org.springframework.beans.factory.support.AbstractAutowireCapableBeanFactory.populateBean(AbstractAutowireCapableBeanFactory.java:1459) ~[spring-beans-6.2.15.jar:6.2.15]
	at org.springframework.beans.factory.support.AbstractAutowireCapableBeanFactory.doCreateBean(AbstractAutowireCapableBeanFactory.java:606) ~[spring-beans-6.2.15.jar:6.2.15]
	at org.springframework.beans.factory.support.AbstractAutowireCapableBeanFactory.createBean(AbstractAutowireCapableBeanFactory.java:529) ~[spring-beans-6.2.15.jar:6.2.15]
	at org.springframework.beans.factory.support.AbstractBeanFactory.lambda$doGetBean$0(AbstractBeanFactory.java:339) ~[spring-beans-6.2.15.jar:6.2.15]
	at org.springframework.beans.factory.support.DefaultSingletonBeanRegistry.getSingleton(DefaultSingletonBeanRegistry.java:373) ~[spring-beans-6.2.15.jar:6.2.15]
	at org.springframework.beans.factory.support.AbstractBeanFactory.doGetBean(AbstractBeanFactory.java:337) ~[spring-beans-6.2.15.jar:6.2.15]
	at org.springframework.beans.factory.support.AbstractBeanFactory.getBean(AbstractBeanFactory.java:202) ~[spring-beans-6.2.15.jar:6.2.15]
	at org.springframework.beans.factory.support.DefaultListableBeanFactory.instantiateSingleton(DefaultListableBeanFactory.java:1228) ~[spring-beans-6.2.15.jar:6.2.15]
	at org.springframework.beans.factory.support.DefaultListableBeanFactory.preInstantiateSingleton(DefaultListableBeanFactory.java:1194) ~[spring-beans-6.2.15.jar:6.2.15]
	at org.springframework.beans.factory.support.DefaultListableBeanFactory.preInstantiateSingletons(DefaultListableBeanFactory.java:1130) ~[spring-beans-6.2.15.jar:6.2.15]
	at org.springframework.context.support.AbstractApplicationContext.finishBeanFactoryInitialization(AbstractApplicationContext.java:990) ~[spring-context-6.2.15.jar:6.2.15]
	at org.springframework.context.support.AbstractApplicationContext.refresh(AbstractApplicationContext.java:627) ~[spring-context-6.2.15.jar:6.2.15]
	at org.springframework.boot.web.servlet.context.ServletWebServerApplicationContext.refresh(ServletWebServerApplicationContext.java:146) ~[spring-boot-3.5.9.jar:3.5.9]
	at org.springframework.boot.SpringApplication.refresh(SpringApplication.java:752) ~[spring-boot-3.5.9.jar:3.5.9]
	at org.springframework.boot.SpringApplication.refreshContext(SpringApplication.java:439) ~[spring-boot-3.5.9.jar:3.5.9]
	at org.springframework.boot.SpringApplication.run(SpringApplication.java:318) ~[spring-boot-3.5.9.jar:3.5.9]
	at org.springframework.boot.SpringApplication.run(SpringApplication.java:1361) ~[spring-boot-3.5.9.jar:3.5.9]
	at org.springframework.boot.SpringApplication.run(SpringApplication.java:1350) ~[spring-boot-3.5.9.jar:3.5.9]
	at com.library.admin.LibraryAdminApplication.main(LibraryAdminApplication.java:14) ~[classes/:?]
Caused by: com.mysql.cj.exceptions.CJCommunicationsException: Communications link failure

The last packet sent successfully to the server was 0 milliseconds ago. The driver has not received any packets from the server.
	at jdk.internal.reflect.DirectConstructorHandleAccessor.newInstance(DirectConstructorHandleAccessor.java:62) ~[?:?]
	at java.lang.reflect.Constructor.newInstanceWithCaller(Constructor.java:502) ~[?:?]
	at java.lang.reflect.Constructor.newInstance(Constructor.java:486) ~[?:?]
	at com.mysql.cj.exceptions.ExceptionFactory.createException(ExceptionFactory.java:62) ~[mysql-connector-j-8.0.33.jar:8.0.33]
	at com.mysql.cj.exceptions.ExceptionFactory.createException(ExceptionFactory.java:105) ~[mysql-connector-j-8.0.33.jar:8.0.33]
	at com.mysql.cj.exceptions.ExceptionFactory.createException(ExceptionFactory.java:150) ~[mysql-connector-j-8.0.33.jar:8.0.33]
	at com.mysql.cj.exceptions.ExceptionFactory.createCommunicationsException(ExceptionFactory.java:166) ~[mysql-connector-j-8.0.33.jar:8.0.33]
	at com.mysql.cj.protocol.a.NativeSocketConnection.connect(NativeSocketConnection.java:89) ~[mysql-connector-j-8.0.33.jar:8.0.33]
	at com.mysql.cj.NativeSession.connect(NativeSession.java:121) ~[mysql-connector-j-8.0.33.jar:8.0.33]
	at com.mysql.cj.jdbc.ConnectionImpl.connectOneTryOnly(ConnectionImpl.java:945) ~[mysql-connector-j-8.0.33.jar:8.0.33]
	at com.mysql.cj.jdbc.ConnectionImpl.createNewIO(ConnectionImpl.java:815) ~[mysql-connector-j-8.0.33.jar:8.0.33]
	... 87 more
Caused by: java.net.ConnectException: Connection refused: connect
	at sun.nio.ch.Net.connect0(Native Method) ~[?:?]
	at sun.nio.ch.Net.connect(Net.java:589) ~[?:?]
	at sun.nio.ch.Net.connect(Net.java:578) ~[?:?]
	at sun.nio.ch.NioSocketImpl.connect(NioSocketImpl.java:583) ~[?:?]
	at java.net.SocksSocketImpl.connect(SocksSocketImpl.java:327) ~[?:?]
	at java.net.Socket.connect(Socket.java:751) ~[?:?]
	at com.mysql.cj.protocol.StandardSocketFactory.connect(StandardSocketFactory.java:153) ~[mysql-connector-j-8.0.33.jar:8.0.33]
	at com.mysql.cj.protocol.a.NativeSocketConnection.connect(NativeSocketConnection.java:63) ~[mysql-connector-j-8.0.33.jar:8.0.33]
	at com.mysql.cj.NativeSession.connect(NativeSession.java:121) ~[mysql-connector-j-8.0.33.jar:8.0.33]
	at com.mysql.cj.jdbc.ConnectionImpl.connectOneTryOnly(ConnectionImpl.java:945) ~[mysql-connector-j-8.0.33.jar:8.0.33]
	at com.mysql.cj.jdbc.ConnectionImpl.createNewIO(ConnectionImpl.java:815) ~[mysql-connector-j-8.0.33.jar:8.0.33]
	... 87 more
[2026-02-24 00:30:50.286] [ERROR][main][DruidDataSource] {dataSource-1} init error
com.mysql.cj.jdbc.exceptions.CommunicationsException: Communications link failure

The last packet sent successfully to the server was 0 milliseconds ago. The driver has not received any packets from the server.
	at com.mysql.cj.jdbc.exceptions.SQLError.createCommunicationsException(SQLError.java:175) ~[mysql-connector-j-8.0.33.jar:8.0.33]
	at com.mysql.cj.jdbc.exceptions.SQLExceptionsMapping.translateException(SQLExceptionsMapping.java:64) ~[mysql-connector-j-8.0.33.jar:8.0.33]
	at com.mysql.cj.jdbc.ConnectionImpl.createNewIO(ConnectionImpl.java:825) ~[mysql-connector-j-8.0.33.jar:8.0.33]
	at com.mysql.cj.jdbc.ConnectionImpl.<init>(ConnectionImpl.java:446) ~[mysql-connector-j-8.0.33.jar:8.0.33]
	at com.mysql.cj.jdbc.ConnectionImpl.getInstance(ConnectionImpl.java:239) ~[mysql-connector-j-8.0.33.jar:8.0.33]
	at com.mysql.cj.jdbc.NonRegisteringDriver.connect(NonRegisteringDriver.java:188) ~[mysql-connector-j-8.0.33.jar:8.0.33]
	at com.alibaba.druid.filter.FilterChainImpl.connection_connect(FilterChainImpl.java:132) ~[druid-1.2.27.jar:?]
	at com.alibaba.druid.filter.FilterAdapter.connection_connect(FilterAdapter.java:764) ~[druid-1.2.27.jar:?]
	at com.alibaba.druid.filter.FilterEventAdapter.connection_connect(FilterEventAdapter.java:33) ~[druid-1.2.27.jar:?]
	at com.alibaba.druid.filter.FilterChainImpl.connection_connect(FilterChainImpl.java:126) ~[druid-1.2.27.jar:?]
	at com.alibaba.druid.filter.FilterAdapter.connection_connect(FilterAdapter.java:764) ~[druid-1.2.27.jar:?]
	at com.alibaba.druid.filter.FilterChainImpl.connection_connect(FilterChainImpl.java:126) ~[druid-1.2.27.jar:?]
	at com.alibaba.druid.filter.stat.StatFilter.connection_connect(StatFilter.java:244) ~[druid-1.2.27.jar:?]
	at com.alibaba.druid.filter.FilterChainImpl.connection_connect(FilterChainImpl.java:126) ~[druid-1.2.27.jar:?]
	at com.alibaba.druid.pool.DruidAbstractDataSource.createPhysicalConnection(DruidAbstractDataSource.java:1695) ~[druid-1.2.27.jar:?]
	at com.alibaba.druid.pool.DruidAbstractDataSource.createPhysicalConnection(DruidAbstractDataSource.java:1811) ~[druid-1.2.27.jar:?]
	at com.alibaba.druid.pool.DruidDataSource.init(DruidDataSource.java:787) ~[druid-1.2.27.jar:?]
	at com.alibaba.druid.spring.boot3.autoconfigure.DruidDataSourceWrapper.afterPropertiesSet(DruidDataSourceWrapper.java:51) ~[druid-spring-boot-3-starter-1.2.27.jar:?]
	at org.springframework.beans.factory.support.AbstractAutowireCapableBeanFactory.invokeInitMethods(AbstractAutowireCapableBeanFactory.java:1873) ~[spring-beans-6.2.15.jar:6.2.15]
	at org.springframework.beans.factory.support.AbstractAutowireCapableBeanFactory.initializeBean(AbstractAutowireCapableBeanFactory.java:1822) ~[spring-beans-6.2.15.jar:6.2.15]
	at org.springframework.beans.factory.support.AbstractAutowireCapableBeanFactory.doCreateBean(AbstractAutowireCapableBeanFactory.java:607) ~[spring-beans-6.2.15.jar:6.2.15]
	at org.springframework.beans.factory.support.AbstractAutowireCapableBeanFactory.createBean(AbstractAutowireCapableBeanFactory.java:529) ~[spring-beans-6.2.15.jar:6.2.15]
	at org.springframework.beans.factory.support.AbstractBeanFactory.lambda$doGetBean$0(AbstractBeanFactory.java:339) ~[spring-beans-6.2.15.jar:6.2.15]
	at org.springframework.beans.factory.support.DefaultSingletonBeanRegistry.getSingleton(DefaultSingletonBeanRegistry.java:373) ~[spring-beans-6.2.15.jar:6.2.15]
	at org.springframework.beans.factory.support.AbstractBeanFactory.doGetBean(AbstractBeanFactory.java:337) ~[spring-beans-6.2.15.jar:6.2.15]
	at org.springframework.beans.factory.support.AbstractBeanFactory.getBean(AbstractBeanFactory.java:202) ~[spring-beans-6.2.15.jar:6.2.15]
	at org.springframework.beans.factory.support.DefaultListableBeanFactory.doResolveDependency(DefaultListableBeanFactory.java:1708) ~[spring-beans-6.2.15.jar:6.2.15]
	at org.springframework.beans.factory.support.DefaultListableBeanFactory.resolveDependency(DefaultListableBeanFactory.java:1653) ~[spring-beans-6.2.15.jar:6.2.15]
	at org.springframework.beans.factory.support.ConstructorResolver.resolveAutowiredArgument(ConstructorResolver.java:913) ~[spring-beans-6.2.15.jar:6.2.15]
	at org.springframework.beans.factory.support.ConstructorResolver.createArgumentArray(ConstructorResolver.java:791) ~[spring-beans-6.2.15.jar:6.2.15]
	at org.springframework.beans.factory.support.ConstructorResolver.instantiateUsingFactoryMethod(ConstructorResolver.java:546) ~[spring-beans-6.2.15.jar:6.2.15]
	at org.springframework.beans.factory.support.AbstractAutowireCapableBeanFactory.instantiateUsingFactoryMethod(AbstractAutowireCapableBeanFactory.java:1375) ~[spring-beans-6.2.15.jar:6.2.15]
	at org.springframework.beans.factory.support.AbstractAutowireCapableBeanFactory.createBeanInstance(AbstractAutowireCapableBeanFactory.java:1205) ~[spring-beans-6.2.15.jar:6.2.15]
	at org.springframework.beans.factory.support.AbstractAutowireCapableBeanFactory.doCreateBean(AbstractAutowireCapableBeanFactory.java:569) ~[spring-beans-6.2.15.jar:6.2.15]
	at org.springframework.beans.factory.support.AbstractAutowireCapableBeanFactory.createBean(AbstractAutowireCapableBeanFactory.java:529) ~[spring-beans-6.2.15.jar:6.2.15]
	at org.springframework.beans.factory.support.AbstractBeanFactory.lambda$doGetBean$0(AbstractBeanFactory.java:339) ~[spring-beans-6.2.15.jar:6.2.15]
	at org.springframework.beans.factory.support.DefaultSingletonBeanRegistry.getSingleton(DefaultSingletonBeanRegistry.java:373) ~[spring-beans-6.2.15.jar:6.2.15]
	at org.springframework.beans.factory.support.AbstractBeanFactory.doGetBean(AbstractBeanFactory.java:337) ~[spring-beans-6.2.15.jar:6.2.15]
	at org.springframework.beans.factory.support.AbstractBeanFactory.getBean(AbstractBeanFactory.java:202) ~[spring-beans-6.2.15.jar:6.2.15]
	at org.springframework.beans.factory.config.DependencyDescriptor.resolveCandidate(DependencyDescriptor.java:254) ~[spring-beans-6.2.15.jar:6.2.15]
	at org.springframework.beans.factory.support.DefaultListableBeanFactory.doResolveDependency(DefaultListableBeanFactory.java:1770) ~[spring-beans-6.2.15.jar:6.2.15]
	at org.springframework.beans.factory.support.DefaultListableBeanFactory.resolveDependency(DefaultListableBeanFactory.java:1653) ~[spring-beans-6.2.15.jar:6.2.15]
	at org.springframework.beans.factory.support.AbstractAutowireCapableBeanFactory.autowireByType(AbstractAutowireCapableBeanFactory.java:1541) ~[spring-beans-6.2.15.jar:6.2.15]
	at org.springframework.beans.factory.support.AbstractAutowireCapableBeanFactory.populateBean(AbstractAutowireCapableBeanFactory.java:1450) ~[spring-beans-6.2.15.jar:6.2.15]
	at org.springframework.beans.factory.support.AbstractAutowireCapableBeanFactory.doCreateBean(AbstractAutowireCapableBeanFactory.java:606) ~[spring-beans-6.2.15.jar:6.2.15]
	at org.springframework.beans.factory.support.AbstractAutowireCapableBeanFactory.createBean(AbstractAutowireCapableBeanFactory.java:529) ~[spring-beans-6.2.15.jar:6.2.15]
	at org.springframework.beans.factory.support.AbstractBeanFactory.lambda$doGetBean$0(AbstractBeanFactory.java:339) ~[spring-beans-6.2.15.jar:6.2.15]
	at org.springframework.beans.factory.support.DefaultSingletonBeanRegistry.getSingleton(DefaultSingletonBeanRegistry.java:373) ~[spring-beans-6.2.15.jar:6.2.15]
	at org.springframework.beans.factory.support.AbstractBeanFactory.doGetBean(AbstractBeanFactory.java:337) ~[spring-beans-6.2.15.jar:6.2.15]
	at org.springframework.beans.factory.support.AbstractBeanFactory.getBean(AbstractBeanFactory.java:207) ~[spring-beans-6.2.15.jar:6.2.15]
	at org.springframework.beans.factory.support.AbstractAutowireCapableBeanFactory.resolveBeanByName(AbstractAutowireCapableBeanFactory.java:468) ~[spring-beans-6.2.15.jar:6.2.15]
	at org.springframework.context.annotation.CommonAnnotationBeanPostProcessor.autowireResource(CommonAnnotationBeanPostProcessor.java:605) ~[spring-context-6.2.15.jar:6.2.15]
	at org.springframework.context.annotation.CommonAnnotationBeanPostProcessor.getResource(CommonAnnotationBeanPostProcessor.java:576) ~[spring-context-6.2.15.jar:6.2.15]
	at org.springframework.context.annotation.CommonAnnotationBeanPostProcessor$ResourceElement.getResourceToInject(CommonAnnotationBeanPostProcessor.java:738) ~[spring-context-6.2.15.jar:6.2.15]
	at org.springframework.beans.factory.annotation.InjectionMetadata$InjectedElement.inject(InjectionMetadata.java:272) ~[spring-beans-6.2.15.jar:6.2.15]
	at org.springframework.beans.factory.annotation.InjectionMetadata.inject(InjectionMetadata.java:146) ~[spring-beans-6.2.15.jar:6.2.15]
	at org.springframework.context.annotation.CommonAnnotationBeanPostProcessor.postProcessProperties(CommonAnnotationBeanPostProcessor.java:369) ~[spring-context-6.2.15.jar:6.2.15]
	at org.springframework.beans.factory.support.AbstractAutowireCapableBeanFactory.populateBean(AbstractAutowireCapableBeanFactory.java:1459) ~[spring-beans-6.2.15.jar:6.2.15]
	at org.springframework.beans.factory.support.AbstractAutowireCapableBeanFactory.doCreateBean(AbstractAutowireCapableBeanFactory.java:606) ~[spring-beans-6.2.15.jar:6.2.15]
	at org.springframework.beans.factory.support.AbstractAutowireCapableBeanFactory.createBean(AbstractAutowireCapableBeanFactory.java:529) ~[spring-beans-6.2.15.jar:6.2.15]
	at org.springframework.beans.factory.support.AbstractBeanFactory.lambda$doGetBean$0(AbstractBeanFactory.java:339) ~[spring-beans-6.2.15.jar:6.2.15]
	at org.springframework.beans.factory.support.DefaultSingletonBeanRegistry.getSingleton(DefaultSingletonBeanRegistry.java:373) ~[spring-beans-6.2.15.jar:6.2.15]
	at org.springframework.beans.factory.support.AbstractBeanFactory.doGetBean(AbstractBeanFactory.java:337) ~[spring-beans-6.2.15.jar:6.2.15]
	at org.springframework.beans.factory.support.AbstractBeanFactory.getBean(AbstractBeanFactory.java:207) ~[spring-beans-6.2.15.jar:6.2.15]
	at org.springframework.beans.factory.support.AbstractAutowireCapableBeanFactory.resolveBeanByName(AbstractAutowireCapableBeanFactory.java:468) ~[spring-beans-6.2.15.jar:6.2.15]
	at org.springframework.context.annotation.CommonAnnotationBeanPostProcessor.autowireResource(CommonAnnotationBeanPostProcessor.java:605) ~[spring-context-6.2.15.jar:6.2.15]
	at org.springframework.context.annotation.CommonAnnotationBeanPostProcessor.getResource(CommonAnnotationBeanPostProcessor.java:576) ~[spring-context-6.2.15.jar:6.2.15]
	at org.springframework.context.annotation.CommonAnnotationBeanPostProcessor$ResourceElement.getResourceToInject(CommonAnnotationBeanPostProcessor.java:738) ~[spring-context-6.2.15.jar:6.2.15]
	at org.springframework.beans.factory.annotation.InjectionMetadata$InjectedElement.inject(InjectionMetadata.java:272) ~[spring-beans-6.2.15.jar:6.2.15]
	at org.springframework.beans.factory.annotation.InjectionMetadata.inject(InjectionMetadata.java:146) ~[spring-beans-6.2.15.jar:6.2.15]
	at org.springframework.context.annotation.CommonAnnotationBeanPostProcessor.postProcessProperties(CommonAnnotationBeanPostProcessor.java:369) ~[spring-context-6.2.15.jar:6.2.15]
	at org.springframework.beans.factory.support.AbstractAutowireCapableBeanFactory.populateBean(AbstractAutowireCapableBeanFactory.java:1459) ~[spring-beans-6.2.15.jar:6.2.15]
	at org.springframework.beans.factory.support.AbstractAutowireCapableBeanFactory.doCreateBean(AbstractAutowireCapableBeanFactory.java:606) ~[spring-beans-6.2.15.jar:6.2.15]
	at org.springframework.beans.factory.support.AbstractAutowireCapableBeanFactory.createBean(AbstractAutowireCapableBeanFactory.java:529) ~[spring-beans-6.2.15.jar:6.2.15]
	at org.springframework.beans.factory.support.AbstractBeanFactory.lambda$doGetBean$0(AbstractBeanFactory.java:339) ~[spring-beans-6.2.15.jar:6.2.15]
	at org.springframework.beans.factory.support.DefaultSingletonBeanRegistry.getSingleton(DefaultSingletonBeanRegistry.java:373) ~[spring-beans-6.2.15.jar:6.2.15]
	at org.springframework.beans.factory.support.AbstractBeanFactory.doGetBean(AbstractBeanFactory.java:337) ~[spring-beans-6.2.15.jar:6.2.15]
	at org.springframework.beans.factory.support.AbstractBeanFactory.getBean(AbstractBeanFactory.java:202) ~[spring-beans-6.2.15.jar:6.2.15]
	at org.springframework.beans.factory.support.DefaultListableBeanFactory.instantiateSingleton(DefaultListableBeanFactory.java:1228) ~[spring-beans-6.2.15.jar:6.2.15]
	at org.springframework.beans.factory.support.DefaultListableBeanFactory.preInstantiateSingleton(DefaultListableBeanFactory.java:1194) ~[spring-beans-6.2.15.jar:6.2.15]
	at org.springframework.beans.factory.support.DefaultListableBeanFactory.preInstantiateSingletons(DefaultListableBeanFactory.java:1130) ~[spring-beans-6.2.15.jar:6.2.15]
	at org.springframework.context.support.AbstractApplicationContext.finishBeanFactoryInitialization(AbstractApplicationContext.java:990) ~[spring-context-6.2.15.jar:6.2.15]
	at org.springframework.context.support.AbstractApplicationContext.refresh(AbstractApplicationContext.java:627) ~[spring-context-6.2.15.jar:6.2.15]
	at org.springframework.boot.web.servlet.context.ServletWebServerApplicationContext.refresh(ServletWebServerApplicationContext.java:146) ~[spring-boot-3.5.9.jar:3.5.9]
	at org.springframework.boot.SpringApplication.refresh(SpringApplication.java:752) ~[spring-boot-3.5.9.jar:3.5.9]
	at org.springframework.boot.SpringApplication.refreshContext(SpringApplication.java:439) ~[spring-boot-3.5.9.jar:3.5.9]
	at org.springframework.boot.SpringApplication.run(SpringApplication.java:318) ~[spring-boot-3.5.9.jar:3.5.9]
	at org.springframework.boot.SpringApplication.run(SpringApplication.java:1361) ~[spring-boot-3.5.9.jar:3.5.9]
	at org.springframework.boot.SpringApplication.run(SpringApplication.java:1350) ~[spring-boot-3.5.9.jar:3.5.9]
	at com.library.admin.LibraryAdminApplication.main(LibraryAdminApplication.java:14) ~[classes/:?]
Caused by: com.mysql.cj.exceptions.CJCommunicationsException: Communications link failure

The last packet sent successfully to the server was 0 milliseconds ago. The driver has not received any packets from the server.
	at jdk.internal.reflect.DirectConstructorHandleAccessor.newInstance(DirectConstructorHandleAccessor.java:62) ~[?:?]
	at java.lang.reflect.Constructor.newInstanceWithCaller(Constructor.java:502) ~[?:?]
	at java.lang.reflect.Constructor.newInstance(Constructor.java:486) ~[?:?]
	at com.mysql.cj.exceptions.ExceptionFactory.createException(ExceptionFactory.java:62) ~[mysql-connector-j-8.0.33.jar:8.0.33]
	at com.mysql.cj.exceptions.ExceptionFactory.createException(ExceptionFactory.java:105) ~[mysql-connector-j-8.0.33.jar:8.0.33]
	at com.mysql.cj.exceptions.ExceptionFactory.createException(ExceptionFactory.java:150) ~[mysql-connector-j-8.0.33.jar:8.0.33]
	at com.mysql.cj.exceptions.ExceptionFactory.createCommunicationsException(ExceptionFactory.java:166) ~[mysql-connector-j-8.0.33.jar:8.0.33]
	at com.mysql.cj.protocol.a.NativeSocketConnection.connect(NativeSocketConnection.java:89) ~[mysql-connector-j-8.0.33.jar:8.0.33]
	at com.mysql.cj.NativeSession.connect(NativeSession.java:121) ~[mysql-connector-j-8.0.33.jar:8.0.33]
	at com.mysql.cj.jdbc.ConnectionImpl.connectOneTryOnly(ConnectionImpl.java:945) ~[mysql-connector-j-8.0.33.jar:8.0.33]
	at com.mysql.cj.jdbc.ConnectionImpl.createNewIO(ConnectionImpl.java:815) ~[mysql-connector-j-8.0.33.jar:8.0.33]
	... 87 more
Caused by: java.net.ConnectException: Connection refused: connect
	at sun.nio.ch.Net.connect0(Native Method) ~[?:?]
	at sun.nio.ch.Net.connect(Net.java:589) ~[?:?]
	at sun.nio.ch.Net.connect(Net.java:578) ~[?:?]
	at sun.nio.ch.NioSocketImpl.connect(NioSocketImpl.java:583) ~[?:?]
	at java.net.SocksSocketImpl.connect(SocksSocketImpl.java:327) ~[?:?]
	at java.net.Socket.connect(Socket.java:751) ~[?:?]
	at com.mysql.cj.protocol.StandardSocketFactory.connect(StandardSocketFactory.java:153) ~[mysql-connector-j-8.0.33.jar:8.0.33]
	at com.mysql.cj.protocol.a.NativeSocketConnection.connect(NativeSocketConnection.java:63) ~[mysql-connector-j-8.0.33.jar:8.0.33]
	at com.mysql.cj.NativeSession.connect(NativeSession.java:121) ~[mysql-connector-j-8.0.33.jar:8.0.33]
	at com.mysql.cj.jdbc.ConnectionImpl.connectOneTryOnly(ConnectionImpl.java:945) ~[mysql-connector-j-8.0.33.jar:8.0.33]
	at com.mysql.cj.jdbc.ConnectionImpl.createNewIO(ConnectionImpl.java:815) ~[mysql-connector-j-8.0.33.jar:8.0.33]
	... 87 more
[2026-02-24 00:30:50.286] [INFO ][main][DruidDataSource] {dataSource-1} inited
[2026-02-24 00:30:50.287] [ERROR][Druid-ConnectionPool-Create-952833542][DruidDataSource] create connection SQLException, url: jdbc:mysql://127.0.0.1:3307/library_v1?useUnicode=true&characterEncoding=UTF-8&serverTimezone=Asia/Taipei&rewriteBatchedStatements=true&allowPublicKeyRetrieval=true&useSSL=false, errorCode 0, state 08S01
com.mysql.cj.jdbc.exceptions.CommunicationsException: Communications link failure

The last packet sent successfully to the server was 0 milliseconds ago. The driver has not received any packets from the server.
	at com.mysql.cj.jdbc.exceptions.SQLError.createCommunicationsException(SQLError.java:175) ~[mysql-connector-j-8.0.33.jar:8.0.33]
	at com.mysql.cj.jdbc.exceptions.SQLExceptionsMapping.translateException(SQLExceptionsMapping.java:64) ~[mysql-connector-j-8.0.33.jar:8.0.33]
	at com.mysql.cj.jdbc.ConnectionImpl.createNewIO(ConnectionImpl.java:825) ~[mysql-connector-j-8.0.33.jar:8.0.33]
	at com.mysql.cj.jdbc.ConnectionImpl.<init>(ConnectionImpl.java:446) ~[mysql-connector-j-8.0.33.jar:8.0.33]
	at com.mysql.cj.jdbc.ConnectionImpl.getInstance(ConnectionImpl.java:239) ~[mysql-connector-j-8.0.33.jar:8.0.33]
	at com.mysql.cj.jdbc.NonRegisteringDriver.connect(NonRegisteringDriver.java:188) ~[mysql-connector-j-8.0.33.jar:8.0.33]
	at com.alibaba.druid.filter.FilterChainImpl.connection_connect(FilterChainImpl.java:132) ~[druid-1.2.27.jar:?]
	at com.alibaba.druid.filter.FilterAdapter.connection_connect(FilterAdapter.java:764) ~[druid-1.2.27.jar:?]
	at com.alibaba.druid.filter.FilterEventAdapter.connection_connect(FilterEventAdapter.java:33) ~[druid-1.2.27.jar:?]
	at com.alibaba.druid.filter.FilterChainImpl.connection_connect(FilterChainImpl.java:126) ~[druid-1.2.27.jar:?]
	at com.alibaba.druid.filter.FilterAdapter.connection_connect(FilterAdapter.java:764) ~[druid-1.2.27.jar:?]
	at com.alibaba.druid.filter.FilterChainImpl.connection_connect(FilterChainImpl.java:126) ~[druid-1.2.27.jar:?]
	at com.alibaba.druid.filter.stat.StatFilter.connection_connect(StatFilter.java:244) ~[druid-1.2.27.jar:?]
	at com.alibaba.druid.filter.FilterChainImpl.connection_connect(FilterChainImpl.java:126) ~[druid-1.2.27.jar:?]
	at com.alibaba.druid.pool.DruidAbstractDataSource.createPhysicalConnection(DruidAbstractDataSource.java:1695) ~[druid-1.2.27.jar:?]
	at com.alibaba.druid.pool.DruidAbstractDataSource.createPhysicalConnection(DruidAbstractDataSource.java:1811) ~[druid-1.2.27.jar:?]
	at com.alibaba.druid.pool.DruidDataSource$CreateConnectionThread.run(DruidDataSource.java:2793) ~[druid-1.2.27.jar:?]
Caused by: com.mysql.cj.exceptions.CJCommunicationsException: Communications link failure

The last packet sent successfully to the server was 0 milliseconds ago. The driver has not received any packets from the server.
	at jdk.internal.reflect.DirectConstructorHandleAccessor.newInstance(DirectConstructorHandleAccessor.java:62) ~[?:?]
	at java.lang.reflect.Constructor.newInstanceWithCaller(Constructor.java:502) ~[?:?]
	at java.lang.reflect.Constructor.newInstance(Constructor.java:486) ~[?:?]
	at com.mysql.cj.exceptions.ExceptionFactory.createException(ExceptionFactory.java:62) ~[mysql-connector-j-8.0.33.jar:8.0.33]
	at com.mysql.cj.exceptions.ExceptionFactory.createException(ExceptionFactory.java:105) ~[mysql-connector-j-8.0.33.jar:8.0.33]
	at com.mysql.cj.exceptions.ExceptionFactory.createException(ExceptionFactory.java:150) ~[mysql-connector-j-8.0.33.jar:8.0.33]
	at com.mysql.cj.exceptions.ExceptionFactory.createCommunicationsException(ExceptionFactory.java:166) ~[mysql-connector-j-8.0.33.jar:8.0.33]
	at com.mysql.cj.protocol.a.NativeSocketConnection.connect(NativeSocketConnection.java:89) ~[mysql-connector-j-8.0.33.jar:8.0.33]
	at com.mysql.cj.NativeSession.connect(NativeSession.java:121) ~[mysql-connector-j-8.0.33.jar:8.0.33]
	at com.mysql.cj.jdbc.ConnectionImpl.connectOneTryOnly(ConnectionImpl.java:945) ~[mysql-connector-j-8.0.33.jar:8.0.33]
	at com.mysql.cj.jdbc.ConnectionImpl.createNewIO(ConnectionImpl.java:815) ~[mysql-connector-j-8.0.33.jar:8.0.33]
	... 14 more
Caused by: java.net.ConnectException: Connection refused: connect
	at sun.nio.ch.Net.connect0(Native Method) ~[?:?]
	at sun.nio.ch.Net.connect(Net.java:589) ~[?:?]
	at sun.nio.ch.Net.connect(Net.java:578) ~[?:?]
	at sun.nio.ch.NioSocketImpl.connect(NioSocketImpl.java:583) ~[?:?]
	at java.net.SocksSocketImpl.connect(SocksSocketImpl.java:327) ~[?:?]
	at java.net.Socket.connect(Socket.java:751) ~[?:?]
	at com.mysql.cj.protocol.StandardSocketFactory.connect(StandardSocketFactory.java:153) ~[mysql-connector-j-8.0.33.jar:8.0.33]
	at com.mysql.cj.protocol.a.NativeSocketConnection.connect(NativeSocketConnection.java:63) ~[mysql-connector-j-8.0.33.jar:8.0.33]
	at com.mysql.cj.NativeSession.connect(NativeSession.java:121) ~[mysql-connector-j-8.0.33.jar:8.0.33]
	at com.mysql.cj.jdbc.ConnectionImpl.connectOneTryOnly(ConnectionImpl.java:945) ~[mysql-connector-j-8.0.33.jar:8.0.33]
	at com.mysql.cj.jdbc.ConnectionImpl.createNewIO(ConnectionImpl.java:815) ~[mysql-connector-j-8.0.33.jar:8.0.33]
	... 14 more
[2026-02-24 00:30:50.289] [ERROR][Druid-ConnectionPool-Create-952833542][DruidDataSource] create connection SQLException, url: jdbc:mysql://127.0.0.1:3307/library_v1?useUnicode=true&characterEncoding=UTF-8&serverTimezone=Asia/Taipei&rewriteBatchedStatements=true&allowPublicKeyRetrieval=true&useSSL=false, errorCode 0, state 08S01
com.mysql.cj.jdbc.exceptions.CommunicationsException: Communications link failure

The last packet sent successfully to the server was 0 milliseconds ago. The driver has not received any packets from the server.
	at com.mysql.cj.jdbc.exceptions.SQLError.createCommunicationsException(SQLError.java:175) ~[mysql-connector-j-8.0.33.jar:8.0.33]
	at com.mysql.cj.jdbc.exceptions.SQLExceptionsMapping.translateException(SQLExceptionsMapping.java:64) ~[mysql-connector-j-8.0.33.jar:8.0.33]
	at com.mysql.cj.jdbc.ConnectionImpl.createNewIO(ConnectionImpl.java:825) ~[mysql-connector-j-8.0.33.jar:8.0.33]
	at com.mysql.cj.jdbc.ConnectionImpl.<init>(ConnectionImpl.java:446) ~[mysql-connector-j-8.0.33.jar:8.0.33]
	at com.mysql.cj.jdbc.ConnectionImpl.getInstance(ConnectionImpl.java:239) ~[mysql-connector-j-8.0.33.jar:8.0.33]
	at com.mysql.cj.jdbc.NonRegisteringDriver.connect(NonRegisteringDriver.java:188) ~[mysql-connector-j-8.0.33.jar:8.0.33]
	at com.alibaba.druid.filter.FilterChainImpl.connection_connect(FilterChainImpl.java:132) ~[druid-1.2.27.jar:?]
	at com.alibaba.druid.filter.FilterAdapter.connection_connect(FilterAdapter.java:764) ~[druid-1.2.27.jar:?]
	at com.alibaba.druid.filter.FilterEventAdapter.connection_connect(FilterEventAdapter.java:33) ~[druid-1.2.27.jar:?]
	at com.alibaba.druid.filter.FilterChainImpl.connection_connect(FilterChainImpl.java:126) ~[druid-1.2.27.jar:?]
	at com.alibaba.druid.filter.FilterAdapter.connection_connect(FilterAdapter.java:764) ~[druid-1.2.27.jar:?]
	at com.alibaba.druid.filter.FilterChainImpl.connection_connect(FilterChainImpl.java:126) ~[druid-1.2.27.jar:?]
	at com.alibaba.druid.filter.stat.StatFilter.connection_connect(StatFilter.java:244) ~[druid-1.2.27.jar:?]
	at com.alibaba.druid.filter.FilterChainImpl.connection_connect(FilterChainImpl.java:126) ~[druid-1.2.27.jar:?]
	at com.alibaba.druid.pool.DruidAbstractDataSource.createPhysicalConnection(DruidAbstractDataSource.java:1695) ~[druid-1.2.27.jar:?]
	at com.alibaba.druid.pool.DruidAbstractDataSource.createPhysicalConnection(DruidAbstractDataSource.java:1811) ~[druid-1.2.27.jar:?]
	at com.alibaba.druid.pool.DruidDataSource$CreateConnectionThread.run(DruidDataSource.java:2793) ~[druid-1.2.27.jar:?]
Caused by: com.mysql.cj.exceptions.CJCommunicationsException: Communications link failure

The last packet sent successfully to the server was 0 milliseconds ago. The driver has not received any packets from the server.
	at jdk.internal.reflect.DirectConstructorHandleAccessor.newInstance(DirectConstructorHandleAccessor.java:62) ~[?:?]
	at java.lang.reflect.Constructor.newInstanceWithCaller(Constructor.java:502) ~[?:?]
	at java.lang.reflect.Constructor.newInstance(Constructor.java:486) ~[?:?]
	at com.mysql.cj.exceptions.ExceptionFactory.createException(ExceptionFactory.java:62) ~[mysql-connector-j-8.0.33.jar:8.0.33]
	at com.mysql.cj.exceptions.ExceptionFactory.createException(ExceptionFactory.java:105) ~[mysql-connector-j-8.0.33.jar:8.0.33]
	at com.mysql.cj.exceptions.ExceptionFactory.createException(ExceptionFactory.java:150) ~[mysql-connector-j-8.0.33.jar:8.0.33]
	at com.mysql.cj.exceptions.ExceptionFactory.createCommunicationsException(ExceptionFactory.java:166) ~[mysql-connector-j-8.0.33.jar:8.0.33]
	at com.mysql.cj.protocol.a.NativeSocketConnection.connect(NativeSocketConnection.java:89) ~[mysql-connector-j-8.0.33.jar:8.0.33]
	at com.mysql.cj.NativeSession.connect(NativeSession.java:121) ~[mysql-connector-j-8.0.33.jar:8.0.33]
	at com.mysql.cj.jdbc.ConnectionImpl.connectOneTryOnly(ConnectionImpl.java:945) ~[mysql-connector-j-8.0.33.jar:8.0.33]
	at com.mysql.cj.jdbc.ConnectionImpl.createNewIO(ConnectionImpl.java:815) ~[mysql-connector-j-8.0.33.jar:8.0.33]
	... 14 more
Caused by: java.net.ConnectException: Connection refused: connect
	at sun.nio.ch.Net.connect0(Native Method) ~[?:?]
	at sun.nio.ch.Net.connect(Net.java:589) ~[?:?]
	at sun.nio.ch.Net.connect(Net.java:578) ~[?:?]
	at sun.nio.ch.NioSocketImpl.connect(NioSocketImpl.java:583) ~[?:?]
	at java.net.SocksSocketImpl.connect(SocksSocketImpl.java:327) ~[?:?]
	at java.net.Socket.connect(Socket.java:751) ~[?:?]
	at com.mysql.cj.protocol.StandardSocketFactory.connect(StandardSocketFactory.java:153) ~[mysql-connector-j-8.0.33.jar:8.0.33]
	at com.mysql.cj.protocol.a.NativeSocketConnection.connect(NativeSocketConnection.java:63) ~[mysql-connector-j-8.0.33.jar:8.0.33]
	at com.mysql.cj.NativeSession.connect(NativeSession.java:121) ~[mysql-connector-j-8.0.33.jar:8.0.33]
	at com.mysql.cj.jdbc.ConnectionImpl.connectOneTryOnly(ConnectionImpl.java:945) ~[mysql-connector-j-8.0.33.jar:8.0.33]
	at com.mysql.cj.jdbc.ConnectionImpl.createNewIO(ConnectionImpl.java:815) ~[mysql-connector-j-8.0.33.jar:8.0.33]
	... 14 more
[2026-02-24 00:30:50.289] [INFO ][Druid-ConnectionPool-Create-952833542][DruidAbstractDataSource] {dataSource-1} failContinuous is true
[2026-02-24 00:30:50.290] [INFO ][main][StandardService] Stopping service [Tomcat]
[2026-02-24 00:33:10.122] [INFO ][background-preinit][Version] HV000001: Hibernate Validator 8.0.3.Final
[2026-02-24 00:33:10.173] [INFO ][main][LibraryAdminApplication] Starting LibraryAdminApplication using Java 21.0.6 with PID 24160 (E:\library\library\library-admin\target\classes started by shent in E:\library\library)
[2026-02-24 00:33:10.176] [INFO ][main][LibraryAdminApplication] The following 1 profile is active: "dev"
[2026-02-24 00:33:11.464] [INFO ][main][Http11NioProtocol] Initializing ProtocolHandler ["http-nio-8080"]
[2026-02-24 00:33:11.465] [INFO ][main][StandardService] Starting service [Tomcat]
[2026-02-24 00:33:11.465] [INFO ][main][StandardEngine] Starting Servlet engine: [Apache Tomcat/10.1.50]
[2026-02-24 00:33:11.514] [INFO ][main][[/api/library]] Initializing Spring embedded WebApplicationContext
[2026-02-24 00:33:11.634] [INFO ][main][DruidDataSourceAutoConfigure] Init DruidDataSource
[2026-02-24 00:33:11.896] [ERROR][main][DruidDataSource] init datasource error, url: jdbc:mysql://127.0.0.1:3307/library_v1?useUnicode=true&characterEncoding=UTF-8&serverTimezone=Asia/Taipei&rewriteBatchedStatements=true&allowPublicKeyRetrieval=true&useSSL=false
com.mysql.cj.jdbc.exceptions.CommunicationsException: Communications link failure

The last packet sent successfully to the server was 0 milliseconds ago. The driver has not received any packets from the server.
	at com.mysql.cj.jdbc.exceptions.SQLError.createCommunicationsException(SQLError.java:175) ~[mysql-connector-j-8.0.33.jar:8.0.33]
	at com.mysql.cj.jdbc.exceptions.SQLExceptionsMapping.translateException(SQLExceptionsMapping.java:64) ~[mysql-connector-j-8.0.33.jar:8.0.33]
	at com.mysql.cj.jdbc.ConnectionImpl.createNewIO(ConnectionImpl.java:825) ~[mysql-connector-j-8.0.33.jar:8.0.33]
	at com.mysql.cj.jdbc.ConnectionImpl.<init>(ConnectionImpl.java:446) ~[mysql-connector-j-8.0.33.jar:8.0.33]
	at com.mysql.cj.jdbc.ConnectionImpl.getInstance(ConnectionImpl.java:239) ~[mysql-connector-j-8.0.33.jar:8.0.33]
	at com.mysql.cj.jdbc.NonRegisteringDriver.connect(NonRegisteringDriver.java:188) ~[mysql-connector-j-8.0.33.jar:8.0.33]
	at com.alibaba.druid.filter.FilterChainImpl.connection_connect(FilterChainImpl.java:132) ~[druid-1.2.27.jar:?]
	at com.alibaba.druid.filter.FilterAdapter.connection_connect(FilterAdapter.java:764) ~[druid-1.2.27.jar:?]
	at com.alibaba.druid.filter.FilterEventAdapter.connection_connect(FilterEventAdapter.java:33) ~[druid-1.2.27.jar:?]
	at com.alibaba.druid.filter.FilterChainImpl.connection_connect(FilterChainImpl.java:126) ~[druid-1.2.27.jar:?]
	at com.alibaba.druid.filter.FilterAdapter.connection_connect(FilterAdapter.java:764) ~[druid-1.2.27.jar:?]
	at com.alibaba.druid.filter.FilterChainImpl.connection_connect(FilterChainImpl.java:126) ~[druid-1.2.27.jar:?]
	at com.alibaba.druid.filter.stat.StatFilter.connection_connect(StatFilter.java:244) ~[druid-1.2.27.jar:?]
	at com.alibaba.druid.filter.FilterChainImpl.connection_connect(FilterChainImpl.java:126) ~[druid-1.2.27.jar:?]
	at com.alibaba.druid.pool.DruidAbstractDataSource.createPhysicalConnection(DruidAbstractDataSource.java:1695) ~[druid-1.2.27.jar:?]
	at com.alibaba.druid.pool.DruidAbstractDataSource.createPhysicalConnection(DruidAbstractDataSource.java:1811) ~[druid-1.2.27.jar:?]
	at com.alibaba.druid.pool.DruidDataSource.init(DruidDataSource.java:787) ~[druid-1.2.27.jar:?]
	at com.alibaba.druid.spring.boot3.autoconfigure.DruidDataSourceWrapper.afterPropertiesSet(DruidDataSourceWrapper.java:51) ~[druid-spring-boot-3-starter-1.2.27.jar:?]
	at org.springframework.beans.factory.support.AbstractAutowireCapableBeanFactory.invokeInitMethods(AbstractAutowireCapableBeanFactory.java:1873) ~[spring-beans-6.2.15.jar:6.2.15]
	at org.springframework.beans.factory.support.AbstractAutowireCapableBeanFactory.initializeBean(AbstractAutowireCapableBeanFactory.java:1822) ~[spring-beans-6.2.15.jar:6.2.15]
	at org.springframework.beans.factory.support.AbstractAutowireCapableBeanFactory.doCreateBean(AbstractAutowireCapableBeanFactory.java:607) ~[spring-beans-6.2.15.jar:6.2.15]
	at org.springframework.beans.factory.support.AbstractAutowireCapableBeanFactory.createBean(AbstractAutowireCapableBeanFactory.java:529) ~[spring-beans-6.2.15.jar:6.2.15]
	at org.springframework.beans.factory.support.AbstractBeanFactory.lambda$doGetBean$0(AbstractBeanFactory.java:339) ~[spring-beans-6.2.15.jar:6.2.15]
	at org.springframework.beans.factory.support.DefaultSingletonBeanRegistry.getSingleton(DefaultSingletonBeanRegistry.java:373) ~[spring-beans-6.2.15.jar:6.2.15]
	at org.springframework.beans.factory.support.AbstractBeanFactory.doGetBean(AbstractBeanFactory.java:337) ~[spring-beans-6.2.15.jar:6.2.15]
	at org.springframework.beans.factory.support.AbstractBeanFactory.getBean(AbstractBeanFactory.java:202) ~[spring-beans-6.2.15.jar:6.2.15]
	at org.springframework.beans.factory.support.DefaultListableBeanFactory.doResolveDependency(DefaultListableBeanFactory.java:1708) ~[spring-beans-6.2.15.jar:6.2.15]
	at org.springframework.beans.factory.support.DefaultListableBeanFactory.resolveDependency(DefaultListableBeanFactory.java:1653) ~[spring-beans-6.2.15.jar:6.2.15]
	at org.springframework.beans.factory.support.ConstructorResolver.resolveAutowiredArgument(ConstructorResolver.java:913) ~[spring-beans-6.2.15.jar:6.2.15]
	at org.springframework.beans.factory.support.ConstructorResolver.createArgumentArray(ConstructorResolver.java:791) ~[spring-beans-6.2.15.jar:6.2.15]
	at org.springframework.beans.factory.support.ConstructorResolver.instantiateUsingFactoryMethod(ConstructorResolver.java:546) ~[spring-beans-6.2.15.jar:6.2.15]
	at org.springframework.beans.factory.support.AbstractAutowireCapableBeanFactory.instantiateUsingFactoryMethod(AbstractAutowireCapableBeanFactory.java:1375) ~[spring-beans-6.2.15.jar:6.2.15]
	at org.springframework.beans.factory.support.AbstractAutowireCapableBeanFactory.createBeanInstance(AbstractAutowireCapableBeanFactory.java:1205) ~[spring-beans-6.2.15.jar:6.2.15]
	at org.springframework.beans.factory.support.AbstractAutowireCapableBeanFactory.doCreateBean(AbstractAutowireCapableBeanFactory.java:569) ~[spring-beans-6.2.15.jar:6.2.15]
	at org.springframework.beans.factory.support.AbstractAutowireCapableBeanFactory.createBean(AbstractAutowireCapableBeanFactory.java:529) ~[spring-beans-6.2.15.jar:6.2.15]
	at org.springframework.beans.factory.support.AbstractBeanFactory.lambda$doGetBean$0(AbstractBeanFactory.java:339) ~[spring-beans-6.2.15.jar:6.2.15]
	at org.springframework.beans.factory.support.DefaultSingletonBeanRegistry.getSingleton(DefaultSingletonBeanRegistry.java:373) ~[spring-beans-6.2.15.jar:6.2.15]
	at org.springframework.beans.factory.support.AbstractBeanFactory.doGetBean(AbstractBeanFactory.java:337) ~[spring-beans-6.2.15.jar:6.2.15]
	at org.springframework.beans.factory.support.AbstractBeanFactory.getBean(AbstractBeanFactory.java:202) ~[spring-beans-6.2.15.jar:6.2.15]
	at org.springframework.beans.factory.config.DependencyDescriptor.resolveCandidate(DependencyDescriptor.java:254) ~[spring-beans-6.2.15.jar:6.2.15]
	at org.springframework.beans.factory.support.DefaultListableBeanFactory.doResolveDependency(DefaultListableBeanFactory.java:1770) ~[spring-beans-6.2.15.jar:6.2.15]
	at org.springframework.beans.factory.support.DefaultListableBeanFactory.resolveDependency(DefaultListableBeanFactory.java:1653) ~[spring-beans-6.2.15.jar:6.2.15]
	at org.springframework.beans.factory.support.AbstractAutowireCapableBeanFactory.autowireByType(AbstractAutowireCapableBeanFactory.java:1541) ~[spring-beans-6.2.15.jar:6.2.15]
	at org.springframework.beans.factory.support.AbstractAutowireCapableBeanFactory.populateBean(AbstractAutowireCapableBeanFactory.java:1450) ~[spring-beans-6.2.15.jar:6.2.15]
	at org.springframework.beans.factory.support.AbstractAutowireCapableBeanFactory.doCreateBean(AbstractAutowireCapableBeanFactory.java:606) ~[spring-beans-6.2.15.jar:6.2.15]
	at org.springframework.beans.factory.support.AbstractAutowireCapableBeanFactory.createBean(AbstractAutowireCapableBeanFactory.java:529) ~[spring-beans-6.2.15.jar:6.2.15]
	at org.springframework.beans.factory.support.AbstractBeanFactory.lambda$doGetBean$0(AbstractBeanFactory.java:339) ~[spring-beans-6.2.15.jar:6.2.15]
	at org.springframework.beans.factory.support.DefaultSingletonBeanRegistry.getSingleton(DefaultSingletonBeanRegistry.java:373) ~[spring-beans-6.2.15.jar:6.2.15]
	at org.springframework.beans.factory.support.AbstractBeanFactory.doGetBean(AbstractBeanFactory.java:337) ~[spring-beans-6.2.15.jar:6.2.15]
	at org.springframework.beans.factory.support.AbstractBeanFactory.getBean(AbstractBeanFactory.java:207) ~[spring-beans-6.2.15.jar:6.2.15]
	at org.springframework.beans.factory.support.AbstractAutowireCapableBeanFactory.resolveBeanByName(AbstractAutowireCapableBeanFactory.java:468) ~[spring-beans-6.2.15.jar:6.2.15]
	at org.springframework.context.annotation.CommonAnnotationBeanPostProcessor.autowireResource(CommonAnnotationBeanPostProcessor.java:605) ~[spring-context-6.2.15.jar:6.2.15]
	at org.springframework.context.annotation.CommonAnnotationBeanPostProcessor.getResource(CommonAnnotationBeanPostProcessor.java:576) ~[spring-context-6.2.15.jar:6.2.15]
	at org.springframework.context.annotation.CommonAnnotationBeanPostProcessor$ResourceElement.getResourceToInject(CommonAnnotationBeanPostProcessor.java:738) ~[spring-context-6.2.15.jar:6.2.15]
	at org.springframework.beans.factory.annotation.InjectionMetadata$InjectedElement.inject(InjectionMetadata.java:272) ~[spring-beans-6.2.15.jar:6.2.15]
	at org.springframework.beans.factory.annotation.InjectionMetadata.inject(InjectionMetadata.java:146) ~[spring-beans-6.2.15.jar:6.2.15]
	at org.springframework.context.annotation.CommonAnnotationBeanPostProcessor.postProcessProperties(CommonAnnotationBeanPostProcessor.java:369) ~[spring-context-6.2.15.jar:6.2.15]
	at org.springframework.beans.factory.support.AbstractAutowireCapableBeanFactory.populateBean(AbstractAutowireCapableBeanFactory.java:1459) ~[spring-beans-6.2.15.jar:6.2.15]
	at org.springframework.beans.factory.support.AbstractAutowireCapableBeanFactory.doCreateBean(AbstractAutowireCapableBeanFactory.java:606) ~[spring-beans-6.2.15.jar:6.2.15]
	at org.springframework.beans.factory.support.AbstractAutowireCapableBeanFactory.createBean(AbstractAutowireCapableBeanFactory.java:529) ~[spring-beans-6.2.15.jar:6.2.15]
	at org.springframework.beans.factory.support.AbstractBeanFactory.lambda$doGetBean$0(AbstractBeanFactory.java:339) ~[spring-beans-6.2.15.jar:6.2.15]
	at org.springframework.beans.factory.support.DefaultSingletonBeanRegistry.getSingleton(DefaultSingletonBeanRegistry.java:373) ~[spring-beans-6.2.15.jar:6.2.15]
	at org.springframework.beans.factory.support.AbstractBeanFactory.doGetBean(AbstractBeanFactory.java:337) ~[spring-beans-6.2.15.jar:6.2.15]
	at org.springframework.beans.factory.support.AbstractBeanFactory.getBean(AbstractBeanFactory.java:207) ~[spring-beans-6.2.15.jar:6.2.15]
	at org.springframework.beans.factory.support.AbstractAutowireCapableBeanFactory.resolveBeanByName(AbstractAutowireCapableBeanFactory.java:468) ~[spring-beans-6.2.15.jar:6.2.15]
	at org.springframework.context.annotation.CommonAnnotationBeanPostProcessor.autowireResource(CommonAnnotationBeanPostProcessor.java:605) ~[spring-context-6.2.15.jar:6.2.15]
	at org.springframework.context.annotation.CommonAnnotationBeanPostProcessor.getResource(CommonAnnotationBeanPostProcessor.java:576) ~[spring-context-6.2.15.jar:6.2.15]
	at org.springframework.context.annotation.CommonAnnotationBeanPostProcessor$ResourceElement.getResourceToInject(CommonAnnotationBeanPostProcessor.java:738) ~[spring-context-6.2.15.jar:6.2.15]
	at org.springframework.beans.factory.annotation.InjectionMetadata$InjectedElement.inject(InjectionMetadata.java:272) ~[spring-beans-6.2.15.jar:6.2.15]
	at org.springframework.beans.factory.annotation.InjectionMetadata.inject(InjectionMetadata.java:146) ~[spring-beans-6.2.15.jar:6.2.15]
	at org.springframework.context.annotation.CommonAnnotationBeanPostProcessor.postProcessProperties(CommonAnnotationBeanPostProcessor.java:369) ~[spring-context-6.2.15.jar:6.2.15]
	at org.springframework.beans.factory.support.AbstractAutowireCapableBeanFactory.populateBean(AbstractAutowireCapableBeanFactory.java:1459) ~[spring-beans-6.2.15.jar:6.2.15]
	at org.springframework.beans.factory.support.AbstractAutowireCapableBeanFactory.doCreateBean(AbstractAutowireCapableBeanFactory.java:606) ~[spring-beans-6.2.15.jar:6.2.15]
	at org.springframework.beans.factory.support.AbstractAutowireCapableBeanFactory.createBean(AbstractAutowireCapableBeanFactory.java:529) ~[spring-beans-6.2.15.jar:6.2.15]
	at org.springframework.beans.factory.support.AbstractBeanFactory.lambda$doGetBean$0(AbstractBeanFactory.java:339) ~[spring-beans-6.2.15.jar:6.2.15]
	at org.springframework.beans.factory.support.DefaultSingletonBeanRegistry.getSingleton(DefaultSingletonBeanRegistry.java:373) ~[spring-beans-6.2.15.jar:6.2.15]
	at org.springframework.beans.factory.support.AbstractBeanFactory.doGetBean(AbstractBeanFactory.java:337) ~[spring-beans-6.2.15.jar:6.2.15]
	at org.springframework.beans.factory.support.AbstractBeanFactory.getBean(AbstractBeanFactory.java:202) ~[spring-beans-6.2.15.jar:6.2.15]
	at org.springframework.beans.factory.support.DefaultListableBeanFactory.instantiateSingleton(DefaultListableBeanFactory.java:1228) ~[spring-beans-6.2.15.jar:6.2.15]
	at org.springframework.beans.factory.support.DefaultListableBeanFactory.preInstantiateSingleton(DefaultListableBeanFactory.java:1194) ~[spring-beans-6.2.15.jar:6.2.15]
	at org.springframework.beans.factory.support.DefaultListableBeanFactory.preInstantiateSingletons(DefaultListableBeanFactory.java:1130) ~[spring-beans-6.2.15.jar:6.2.15]
	at org.springframework.context.support.AbstractApplicationContext.finishBeanFactoryInitialization(AbstractApplicationContext.java:990) ~[spring-context-6.2.15.jar:6.2.15]
	at org.springframework.context.support.AbstractApplicationContext.refresh(AbstractApplicationContext.java:627) ~[spring-context-6.2.15.jar:6.2.15]
	at org.springframework.boot.web.servlet.context.ServletWebServerApplicationContext.refresh(ServletWebServerApplicationContext.java:146) ~[spring-boot-3.5.9.jar:3.5.9]
	at org.springframework.boot.SpringApplication.refresh(SpringApplication.java:752) ~[spring-boot-3.5.9.jar:3.5.9]
	at org.springframework.boot.SpringApplication.refreshContext(SpringApplication.java:439) ~[spring-boot-3.5.9.jar:3.5.9]
	at org.springframework.boot.SpringApplication.run(SpringApplication.java:318) ~[spring-boot-3.5.9.jar:3.5.9]
	at org.springframework.boot.SpringApplication.run(SpringApplication.java:1361) ~[spring-boot-3.5.9.jar:3.5.9]
	at org.springframework.boot.SpringApplication.run(SpringApplication.java:1350) ~[spring-boot-3.5.9.jar:3.5.9]
	at com.library.admin.LibraryAdminApplication.main(LibraryAdminApplication.java:14) ~[classes/:?]
Caused by: com.mysql.cj.exceptions.CJCommunicationsException: Communications link failure

The last packet sent successfully to the server was 0 milliseconds ago. The driver has not received any packets from the server.
	at jdk.internal.reflect.DirectConstructorHandleAccessor.newInstance(DirectConstructorHandleAccessor.java:62) ~[?:?]
	at java.lang.reflect.Constructor.newInstanceWithCaller(Constructor.java:502) ~[?:?]
	at java.lang.reflect.Constructor.newInstance(Constructor.java:486) ~[?:?]
	at com.mysql.cj.exceptions.ExceptionFactory.createException(ExceptionFactory.java:62) ~[mysql-connector-j-8.0.33.jar:8.0.33]
	at com.mysql.cj.exceptions.ExceptionFactory.createException(ExceptionFactory.java:105) ~[mysql-connector-j-8.0.33.jar:8.0.33]
	at com.mysql.cj.exceptions.ExceptionFactory.createException(ExceptionFactory.java:150) ~[mysql-connector-j-8.0.33.jar:8.0.33]
	at com.mysql.cj.exceptions.ExceptionFactory.createCommunicationsException(ExceptionFactory.java:166) ~[mysql-connector-j-8.0.33.jar:8.0.33]
	at com.mysql.cj.protocol.a.NativeProtocol.readMessage(NativeProtocol.java:582) ~[mysql-connector-j-8.0.33.jar:8.0.33]
	at com.mysql.cj.protocol.a.NativeProtocol.readServerCapabilities(NativeProtocol.java:537) ~[mysql-connector-j-8.0.33.jar:8.0.33]
	at com.mysql.cj.protocol.a.NativeProtocol.beforeHandshake(NativeProtocol.java:424) ~[mysql-connector-j-8.0.33.jar:8.0.33]
	at com.mysql.cj.protocol.a.NativeProtocol.connect(NativeProtocol.java:1428) ~[mysql-connector-j-8.0.33.jar:8.0.33]
	at com.mysql.cj.NativeSession.connect(NativeSession.java:134) ~[mysql-connector-j-8.0.33.jar:8.0.33]
	at com.mysql.cj.jdbc.ConnectionImpl.connectOneTryOnly(ConnectionImpl.java:945) ~[mysql-connector-j-8.0.33.jar:8.0.33]
	at com.mysql.cj.jdbc.ConnectionImpl.createNewIO(ConnectionImpl.java:815) ~[mysql-connector-j-8.0.33.jar:8.0.33]
	... 87 more
Caused by: java.io.EOFException: Can not read response from server. Expected to read 4 bytes, read 0 bytes before connection was unexpectedly lost.
	at com.mysql.cj.protocol.FullReadInputStream.readFully(FullReadInputStream.java:67) ~[mysql-connector-j-8.0.33.jar:8.0.33]
	at com.mysql.cj.protocol.a.SimplePacketReader.readHeaderLocal(SimplePacketReader.java:81) ~[mysql-connector-j-8.0.33.jar:8.0.33]
	at com.mysql.cj.protocol.a.SimplePacketReader.readHeader(SimplePacketReader.java:63) ~[mysql-connector-j-8.0.33.jar:8.0.33]
	at com.mysql.cj.protocol.a.SimplePacketReader.readHeader(SimplePacketReader.java:45) ~[mysql-connector-j-8.0.33.jar:8.0.33]
	at com.mysql.cj.protocol.a.NativeProtocol.readMessage(NativeProtocol.java:576) ~[mysql-connector-j-8.0.33.jar:8.0.33]
	at com.mysql.cj.protocol.a.NativeProtocol.readServerCapabilities(NativeProtocol.java:537) ~[mysql-connector-j-8.0.33.jar:8.0.33]
	at com.mysql.cj.protocol.a.NativeProtocol.beforeHandshake(NativeProtocol.java:424) ~[mysql-connector-j-8.0.33.jar:8.0.33]
	at com.mysql.cj.protocol.a.NativeProtocol.connect(NativeProtocol.java:1428) ~[mysql-connector-j-8.0.33.jar:8.0.33]
	at com.mysql.cj.NativeSession.connect(NativeSession.java:134) ~[mysql-connector-j-8.0.33.jar:8.0.33]
	at com.mysql.cj.jdbc.ConnectionImpl.connectOneTryOnly(ConnectionImpl.java:945) ~[mysql-connector-j-8.0.33.jar:8.0.33]
	at com.mysql.cj.jdbc.ConnectionImpl.createNewIO(ConnectionImpl.java:815) ~[mysql-connector-j-8.0.33.jar:8.0.33]
	... 87 more
[2026-02-24 00:33:11.898] [ERROR][main][DruidDataSource] {dataSource-1} init error
com.mysql.cj.jdbc.exceptions.CommunicationsException: Communications link failure

The last packet sent successfully to the server was 0 milliseconds ago. The driver has not received any packets from the server.
	at com.mysql.cj.jdbc.exceptions.SQLError.createCommunicationsException(SQLError.java:175) ~[mysql-connector-j-8.0.33.jar:8.0.33]
	at com.mysql.cj.jdbc.exceptions.SQLExceptionsMapping.translateException(SQLExceptionsMapping.java:64) ~[mysql-connector-j-8.0.33.jar:8.0.33]
	at com.mysql.cj.jdbc.ConnectionImpl.createNewIO(ConnectionImpl.java:825) ~[mysql-connector-j-8.0.33.jar:8.0.33]
	at com.mysql.cj.jdbc.ConnectionImpl.<init>(ConnectionImpl.java:446) ~[mysql-connector-j-8.0.33.jar:8.0.33]
	at com.mysql.cj.jdbc.ConnectionImpl.getInstance(ConnectionImpl.java:239) ~[mysql-connector-j-8.0.33.jar:8.0.33]
	at com.mysql.cj.jdbc.NonRegisteringDriver.connect(NonRegisteringDriver.java:188) ~[mysql-connector-j-8.0.33.jar:8.0.33]
	at com.alibaba.druid.filter.FilterChainImpl.connection_connect(FilterChainImpl.java:132) ~[druid-1.2.27.jar:?]
	at com.alibaba.druid.filter.FilterAdapter.connection_connect(FilterAdapter.java:764) ~[druid-1.2.27.jar:?]
	at com.alibaba.druid.filter.FilterEventAdapter.connection_connect(FilterEventAdapter.java:33) ~[druid-1.2.27.jar:?]
	at com.alibaba.druid.filter.FilterChainImpl.connection_connect(FilterChainImpl.java:126) ~[druid-1.2.27.jar:?]
	at com.alibaba.druid.filter.FilterAdapter.connection_connect(FilterAdapter.java:764) ~[druid-1.2.27.jar:?]
	at com.alibaba.druid.filter.FilterChainImpl.connection_connect(FilterChainImpl.java:126) ~[druid-1.2.27.jar:?]
	at com.alibaba.druid.filter.stat.StatFilter.connection_connect(StatFilter.java:244) ~[druid-1.2.27.jar:?]
	at com.alibaba.druid.filter.FilterChainImpl.connection_connect(FilterChainImpl.java:126) ~[druid-1.2.27.jar:?]
	at com.alibaba.druid.pool.DruidAbstractDataSource.createPhysicalConnection(DruidAbstractDataSource.java:1695) ~[druid-1.2.27.jar:?]
	at com.alibaba.druid.pool.DruidAbstractDataSource.createPhysicalConnection(DruidAbstractDataSource.java:1811) ~[druid-1.2.27.jar:?]
	at com.alibaba.druid.pool.DruidDataSource.init(DruidDataSource.java:787) ~[druid-1.2.27.jar:?]
	at com.alibaba.druid.spring.boot3.autoconfigure.DruidDataSourceWrapper.afterPropertiesSet(DruidDataSourceWrapper.java:51) ~[druid-spring-boot-3-starter-1.2.27.jar:?]
	at org.springframework.beans.factory.support.AbstractAutowireCapableBeanFactory.invokeInitMethods(AbstractAutowireCapableBeanFactory.java:1873) ~[spring-beans-6.2.15.jar:6.2.15]
	at org.springframework.beans.factory.support.AbstractAutowireCapableBeanFactory.initializeBean(AbstractAutowireCapableBeanFactory.java:1822) ~[spring-beans-6.2.15.jar:6.2.15]
	at org.springframework.beans.factory.support.AbstractAutowireCapableBeanFactory.doCreateBean(AbstractAutowireCapableBeanFactory.java:607) ~[spring-beans-6.2.15.jar:6.2.15]
	at org.springframework.beans.factory.support.AbstractAutowireCapableBeanFactory.createBean(AbstractAutowireCapableBeanFactory.java:529) ~[spring-beans-6.2.15.jar:6.2.15]
	at org.springframework.beans.factory.support.AbstractBeanFactory.lambda$doGetBean$0(AbstractBeanFactory.java:339) ~[spring-beans-6.2.15.jar:6.2.15]
	at org.springframework.beans.factory.support.DefaultSingletonBeanRegistry.getSingleton(DefaultSingletonBeanRegistry.java:373) ~[spring-beans-6.2.15.jar:6.2.15]
	at org.springframework.beans.factory.support.AbstractBeanFactory.doGetBean(AbstractBeanFactory.java:337) ~[spring-beans-6.2.15.jar:6.2.15]
	at org.springframework.beans.factory.support.AbstractBeanFactory.getBean(AbstractBeanFactory.java:202) ~[spring-beans-6.2.15.jar:6.2.15]
	at org.springframework.beans.factory.support.DefaultListableBeanFactory.doResolveDependency(DefaultListableBeanFactory.java:1708) ~[spring-beans-6.2.15.jar:6.2.15]
	at org.springframework.beans.factory.support.DefaultListableBeanFactory.resolveDependency(DefaultListableBeanFactory.java:1653) ~[spring-beans-6.2.15.jar:6.2.15]
	at org.springframework.beans.factory.support.ConstructorResolver.resolveAutowiredArgument(ConstructorResolver.java:913) ~[spring-beans-6.2.15.jar:6.2.15]
	at org.springframework.beans.factory.support.ConstructorResolver.createArgumentArray(ConstructorResolver.java:791) ~[spring-beans-6.2.15.jar:6.2.15]
	at org.springframework.beans.factory.support.ConstructorResolver.instantiateUsingFactoryMethod(ConstructorResolver.java:546) ~[spring-beans-6.2.15.jar:6.2.15]
	at org.springframework.beans.factory.support.AbstractAutowireCapableBeanFactory.instantiateUsingFactoryMethod(AbstractAutowireCapableBeanFactory.java:1375) ~[spring-beans-6.2.15.jar:6.2.15]
	at org.springframework.beans.factory.support.AbstractAutowireCapableBeanFactory.createBeanInstance(AbstractAutowireCapableBeanFactory.java:1205) ~[spring-beans-6.2.15.jar:6.2.15]
	at org.springframework.beans.factory.support.AbstractAutowireCapableBeanFactory.doCreateBean(AbstractAutowireCapableBeanFactory.java:569) ~[spring-beans-6.2.15.jar:6.2.15]
	at org.springframework.beans.factory.support.AbstractAutowireCapableBeanFactory.createBean(AbstractAutowireCapableBeanFactory.java:529) ~[spring-beans-6.2.15.jar:6.2.15]
	at org.springframework.beans.factory.support.AbstractBeanFactory.lambda$doGetBean$0(AbstractBeanFactory.java:339) ~[spring-beans-6.2.15.jar:6.2.15]
	at org.springframework.beans.factory.support.DefaultSingletonBeanRegistry.getSingleton(DefaultSingletonBeanRegistry.java:373) ~[spring-beans-6.2.15.jar:6.2.15]
	at org.springframework.beans.factory.support.AbstractBeanFactory.doGetBean(AbstractBeanFactory.java:337) ~[spring-beans-6.2.15.jar:6.2.15]
	at org.springframework.beans.factory.support.AbstractBeanFactory.getBean(AbstractBeanFactory.java:202) ~[spring-beans-6.2.15.jar:6.2.15]
	at org.springframework.beans.factory.config.DependencyDescriptor.resolveCandidate(DependencyDescriptor.java:254) ~[spring-beans-6.2.15.jar:6.2.15]
	at org.springframework.beans.factory.support.DefaultListableBeanFactory.doResolveDependency(DefaultListableBeanFactory.java:1770) ~[spring-beans-6.2.15.jar:6.2.15]
	at org.springframework.beans.factory.support.DefaultListableBeanFactory.resolveDependency(DefaultListableBeanFactory.java:1653) ~[spring-beans-6.2.15.jar:6.2.15]
	at org.springframework.beans.factory.support.AbstractAutowireCapableBeanFactory.autowireByType(AbstractAutowireCapableBeanFactory.java:1541) ~[spring-beans-6.2.15.jar:6.2.15]
	at org.springframework.beans.factory.support.AbstractAutowireCapableBeanFactory.populateBean(AbstractAutowireCapableBeanFactory.java:1450) ~[spring-beans-6.2.15.jar:6.2.15]
	at org.springframework.beans.factory.support.AbstractAutowireCapableBeanFactory.doCreateBean(AbstractAutowireCapableBeanFactory.java:606) ~[spring-beans-6.2.15.jar:6.2.15]
	at org.springframework.beans.factory.support.AbstractAutowireCapableBeanFactory.createBean(AbstractAutowireCapableBeanFactory.java:529) ~[spring-beans-6.2.15.jar:6.2.15]
	at org.springframework.beans.factory.support.AbstractBeanFactory.lambda$doGetBean$0(AbstractBeanFactory.java:339) ~[spring-beans-6.2.15.jar:6.2.15]
	at org.springframework.beans.factory.support.DefaultSingletonBeanRegistry.getSingleton(DefaultSingletonBeanRegistry.java:373) ~[spring-beans-6.2.15.jar:6.2.15]
	at org.springframework.beans.factory.support.AbstractBeanFactory.doGetBean(AbstractBeanFactory.java:337) ~[spring-beans-6.2.15.jar:6.2.15]
	at org.springframework.beans.factory.support.AbstractBeanFactory.getBean(AbstractBeanFactory.java:207) ~[spring-beans-6.2.15.jar:6.2.15]
	at org.springframework.beans.factory.support.AbstractAutowireCapableBeanFactory.resolveBeanByName(AbstractAutowireCapableBeanFactory.java:468) ~[spring-beans-6.2.15.jar:6.2.15]
	at org.springframework.context.annotation.CommonAnnotationBeanPostProcessor.autowireResource(CommonAnnotationBeanPostProcessor.java:605) ~[spring-context-6.2.15.jar:6.2.15]
	at org.springframework.context.annotation.CommonAnnotationBeanPostProcessor.getResource(CommonAnnotationBeanPostProcessor.java:576) ~[spring-context-6.2.15.jar:6.2.15]
	at org.springframework.context.annotation.CommonAnnotationBeanPostProcessor$ResourceElement.getResourceToInject(CommonAnnotationBeanPostProcessor.java:738) ~[spring-context-6.2.15.jar:6.2.15]
	at org.springframework.beans.factory.annotation.InjectionMetadata$InjectedElement.inject(InjectionMetadata.java:272) ~[spring-beans-6.2.15.jar:6.2.15]
	at org.springframework.beans.factory.annotation.InjectionMetadata.inject(InjectionMetadata.java:146) ~[spring-beans-6.2.15.jar:6.2.15]
	at org.springframework.context.annotation.CommonAnnotationBeanPostProcessor.postProcessProperties(CommonAnnotationBeanPostProcessor.java:369) ~[spring-context-6.2.15.jar:6.2.15]
	at org.springframework.beans.factory.support.AbstractAutowireCapableBeanFactory.populateBean(AbstractAutowireCapableBeanFactory.java:1459) ~[spring-beans-6.2.15.jar:6.2.15]
	at org.springframework.beans.factory.support.AbstractAutowireCapableBeanFactory.doCreateBean(AbstractAutowireCapableBeanFactory.java:606) ~[spring-beans-6.2.15.jar:6.2.15]
	at org.springframework.beans.factory.support.AbstractAutowireCapableBeanFactory.createBean(AbstractAutowireCapableBeanFactory.java:529) ~[spring-beans-6.2.15.jar:6.2.15]
	at org.springframework.beans.factory.support.AbstractBeanFactory.lambda$doGetBean$0(AbstractBeanFactory.java:339) ~[spring-beans-6.2.15.jar:6.2.15]
	at org.springframework.beans.factory.support.DefaultSingletonBeanRegistry.getSingleton(DefaultSingletonBeanRegistry.java:373) ~[spring-beans-6.2.15.jar:6.2.15]
	at org.springframework.beans.factory.support.AbstractBeanFactory.doGetBean(AbstractBeanFactory.java:337) ~[spring-beans-6.2.15.jar:6.2.15]
	at org.springframework.beans.factory.support.AbstractBeanFactory.getBean(AbstractBeanFactory.java:207) ~[spring-beans-6.2.15.jar:6.2.15]
	at org.springframework.beans.factory.support.AbstractAutowireCapableBeanFactory.resolveBeanByName(AbstractAutowireCapableBeanFactory.java:468) ~[spring-beans-6.2.15.jar:6.2.15]
	at org.springframework.context.annotation.CommonAnnotationBeanPostProcessor.autowireResource(CommonAnnotationBeanPostProcessor.java:605) ~[spring-context-6.2.15.jar:6.2.15]
	at org.springframework.context.annotation.CommonAnnotationBeanPostProcessor.getResource(CommonAnnotationBeanPostProcessor.java:576) ~[spring-context-6.2.15.jar:6.2.15]
	at org.springframework.context.annotation.CommonAnnotationBeanPostProcessor$ResourceElement.getResourceToInject(CommonAnnotationBeanPostProcessor.java:738) ~[spring-context-6.2.15.jar:6.2.15]
	at org.springframework.beans.factory.annotation.InjectionMetadata$InjectedElement.inject(InjectionMetadata.java:272) ~[spring-beans-6.2.15.jar:6.2.15]
	at org.springframework.beans.factory.annotation.InjectionMetadata.inject(InjectionMetadata.java:146) ~[spring-beans-6.2.15.jar:6.2.15]
	at org.springframework.context.annotation.CommonAnnotationBeanPostProcessor.postProcessProperties(CommonAnnotationBeanPostProcessor.java:369) ~[spring-context-6.2.15.jar:6.2.15]
	at org.springframework.beans.factory.support.AbstractAutowireCapableBeanFactory.populateBean(AbstractAutowireCapableBeanFactory.java:1459) ~[spring-beans-6.2.15.jar:6.2.15]
	at org.springframework.beans.factory.support.AbstractAutowireCapableBeanFactory.doCreateBean(AbstractAutowireCapableBeanFactory.java:606) ~[spring-beans-6.2.15.jar:6.2.15]
	at org.springframework.beans.factory.support.AbstractAutowireCapableBeanFactory.createBean(AbstractAutowireCapableBeanFactory.java:529) ~[spring-beans-6.2.15.jar:6.2.15]
	at org.springframework.beans.factory.support.AbstractBeanFactory.lambda$doGetBean$0(AbstractBeanFactory.java:339) ~[spring-beans-6.2.15.jar:6.2.15]
	at org.springframework.beans.factory.support.DefaultSingletonBeanRegistry.getSingleton(DefaultSingletonBeanRegistry.java:373) ~[spring-beans-6.2.15.jar:6.2.15]
	at org.springframework.beans.factory.support.AbstractBeanFactory.doGetBean(AbstractBeanFactory.java:337) ~[spring-beans-6.2.15.jar:6.2.15]
	at org.springframework.beans.factory.support.AbstractBeanFactory.getBean(AbstractBeanFactory.java:202) ~[spring-beans-6.2.15.jar:6.2.15]
	at org.springframework.beans.factory.support.DefaultListableBeanFactory.instantiateSingleton(DefaultListableBeanFactory.java:1228) ~[spring-beans-6.2.15.jar:6.2.15]
	at org.springframework.beans.factory.support.DefaultListableBeanFactory.preInstantiateSingleton(DefaultListableBeanFactory.java:1194) ~[spring-beans-6.2.15.jar:6.2.15]
	at org.springframework.beans.factory.support.DefaultListableBeanFactory.preInstantiateSingletons(DefaultListableBeanFactory.java:1130) ~[spring-beans-6.2.15.jar:6.2.15]
	at org.springframework.context.support.AbstractApplicationContext.finishBeanFactoryInitialization(AbstractApplicationContext.java:990) ~[spring-context-6.2.15.jar:6.2.15]
	at org.springframework.context.support.AbstractApplicationContext.refresh(AbstractApplicationContext.java:627) ~[spring-context-6.2.15.jar:6.2.15]
	at org.springframework.boot.web.servlet.context.ServletWebServerApplicationContext.refresh(ServletWebServerApplicationContext.java:146) ~[spring-boot-3.5.9.jar:3.5.9]
	at org.springframework.boot.SpringApplication.refresh(SpringApplication.java:752) ~[spring-boot-3.5.9.jar:3.5.9]
	at org.springframework.boot.SpringApplication.refreshContext(SpringApplication.java:439) ~[spring-boot-3.5.9.jar:3.5.9]
	at org.springframework.boot.SpringApplication.run(SpringApplication.java:318) ~[spring-boot-3.5.9.jar:3.5.9]
	at org.springframework.boot.SpringApplication.run(SpringApplication.java:1361) ~[spring-boot-3.5.9.jar:3.5.9]
	at org.springframework.boot.SpringApplication.run(SpringApplication.java:1350) ~[spring-boot-3.5.9.jar:3.5.9]
	at com.library.admin.LibraryAdminApplication.main(LibraryAdminApplication.java:14) ~[classes/:?]
Caused by: com.mysql.cj.exceptions.CJCommunicationsException: Communications link failure

The last packet sent successfully to the server was 0 milliseconds ago. The driver has not received any packets from the server.
	at jdk.internal.reflect.DirectConstructorHandleAccessor.newInstance(DirectConstructorHandleAccessor.java:62) ~[?:?]
	at java.lang.reflect.Constructor.newInstanceWithCaller(Constructor.java:502) ~[?:?]
	at java.lang.reflect.Constructor.newInstance(Constructor.java:486) ~[?:?]
	at com.mysql.cj.exceptions.ExceptionFactory.createException(ExceptionFactory.java:62) ~[mysql-connector-j-8.0.33.jar:8.0.33]
	at com.mysql.cj.exceptions.ExceptionFactory.createException(ExceptionFactory.java:105) ~[mysql-connector-j-8.0.33.jar:8.0.33]
	at com.mysql.cj.exceptions.ExceptionFactory.createException(ExceptionFactory.java:150) ~[mysql-connector-j-8.0.33.jar:8.0.33]
	at com.mysql.cj.exceptions.ExceptionFactory.createCommunicationsException(ExceptionFactory.java:166) ~[mysql-connector-j-8.0.33.jar:8.0.33]
	at com.mysql.cj.protocol.a.NativeProtocol.readMessage(NativeProtocol.java:582) ~[mysql-connector-j-8.0.33.jar:8.0.33]
	at com.mysql.cj.protocol.a.NativeProtocol.readServerCapabilities(NativeProtocol.java:537) ~[mysql-connector-j-8.0.33.jar:8.0.33]
	at com.mysql.cj.protocol.a.NativeProtocol.beforeHandshake(NativeProtocol.java:424) ~[mysql-connector-j-8.0.33.jar:8.0.33]
	at com.mysql.cj.protocol.a.NativeProtocol.connect(NativeProtocol.java:1428) ~[mysql-connector-j-8.0.33.jar:8.0.33]
	at com.mysql.cj.NativeSession.connect(NativeSession.java:134) ~[mysql-connector-j-8.0.33.jar:8.0.33]
	at com.mysql.cj.jdbc.ConnectionImpl.connectOneTryOnly(ConnectionImpl.java:945) ~[mysql-connector-j-8.0.33.jar:8.0.33]
	at com.mysql.cj.jdbc.ConnectionImpl.createNewIO(ConnectionImpl.java:815) ~[mysql-connector-j-8.0.33.jar:8.0.33]
	... 87 more
Caused by: java.io.EOFException: Can not read response from server. Expected to read 4 bytes, read 0 bytes before connection was unexpectedly lost.
	at com.mysql.cj.protocol.FullReadInputStream.readFully(FullReadInputStream.java:67) ~[mysql-connector-j-8.0.33.jar:8.0.33]
	at com.mysql.cj.protocol.a.SimplePacketReader.readHeaderLocal(SimplePacketReader.java:81) ~[mysql-connector-j-8.0.33.jar:8.0.33]
	at com.mysql.cj.protocol.a.SimplePacketReader.readHeader(SimplePacketReader.java:63) ~[mysql-connector-j-8.0.33.jar:8.0.33]
	at com.mysql.cj.protocol.a.SimplePacketReader.readHeader(SimplePacketReader.java:45) ~[mysql-connector-j-8.0.33.jar:8.0.33]
	at com.mysql.cj.protocol.a.NativeProtocol.readMessage(NativeProtocol.java:576) ~[mysql-connector-j-8.0.33.jar:8.0.33]
	at com.mysql.cj.protocol.a.NativeProtocol.readServerCapabilities(NativeProtocol.java:537) ~[mysql-connector-j-8.0.33.jar:8.0.33]
	at com.mysql.cj.protocol.a.NativeProtocol.beforeHandshake(NativeProtocol.java:424) ~[mysql-connector-j-8.0.33.jar:8.0.33]
	at com.mysql.cj.protocol.a.NativeProtocol.connect(NativeProtocol.java:1428) ~[mysql-connector-j-8.0.33.jar:8.0.33]
	at com.mysql.cj.NativeSession.connect(NativeSession.java:134) ~[mysql-connector-j-8.0.33.jar:8.0.33]
	at com.mysql.cj.jdbc.ConnectionImpl.connectOneTryOnly(ConnectionImpl.java:945) ~[mysql-connector-j-8.0.33.jar:8.0.33]
	at com.mysql.cj.jdbc.ConnectionImpl.createNewIO(ConnectionImpl.java:815) ~[mysql-connector-j-8.0.33.jar:8.0.33]
	... 87 more
[2026-02-24 00:33:11.898] [INFO ][main][DruidDataSource] {dataSource-1} inited
[2026-02-24 00:33:11.901] [ERROR][Druid-ConnectionPool-Create-83812683][DruidDataSource] create connection SQLException, url: jdbc:mysql://127.0.0.1:3307/library_v1?useUnicode=true&characterEncoding=UTF-8&serverTimezone=Asia/Taipei&rewriteBatchedStatements=true&allowPublicKeyRetrieval=true&useSSL=false, errorCode 0, state 08S01
com.mysql.cj.jdbc.exceptions.CommunicationsException: Communications link failure

The last packet sent successfully to the server was 0 milliseconds ago. The driver has not received any packets from the server.
	at com.mysql.cj.jdbc.exceptions.SQLError.createCommunicationsException(SQLError.java:175) ~[mysql-connector-j-8.0.33.jar:8.0.33]
	at com.mysql.cj.jdbc.exceptions.SQLExceptionsMapping.translateException(SQLExceptionsMapping.java:64) ~[mysql-connector-j-8.0.33.jar:8.0.33]
	at com.mysql.cj.jdbc.ConnectionImpl.createNewIO(ConnectionImpl.java:825) ~[mysql-connector-j-8.0.33.jar:8.0.33]
	at com.mysql.cj.jdbc.ConnectionImpl.<init>(ConnectionImpl.java:446) ~[mysql-connector-j-8.0.33.jar:8.0.33]
	at com.mysql.cj.jdbc.ConnectionImpl.getInstance(ConnectionImpl.java:239) ~[mysql-connector-j-8.0.33.jar:8.0.33]
	at com.mysql.cj.jdbc.NonRegisteringDriver.connect(NonRegisteringDriver.java:188) ~[mysql-connector-j-8.0.33.jar:8.0.33]
	at com.alibaba.druid.filter.FilterChainImpl.connection_connect(FilterChainImpl.java:132) ~[druid-1.2.27.jar:?]
	at com.alibaba.druid.filter.FilterAdapter.connection_connect(FilterAdapter.java:764) ~[druid-1.2.27.jar:?]
	at com.alibaba.druid.filter.FilterEventAdapter.connection_connect(FilterEventAdapter.java:33) ~[druid-1.2.27.jar:?]
	at com.alibaba.druid.filter.FilterChainImpl.connection_connect(FilterChainImpl.java:126) ~[druid-1.2.27.jar:?]
	at com.alibaba.druid.filter.FilterAdapter.connection_connect(FilterAdapter.java:764) ~[druid-1.2.27.jar:?]
	at com.alibaba.druid.filter.FilterChainImpl.connection_connect(FilterChainImpl.java:126) ~[druid-1.2.27.jar:?]
	at com.alibaba.druid.filter.stat.StatFilter.connection_connect(StatFilter.java:244) ~[druid-1.2.27.jar:?]
	at com.alibaba.druid.filter.FilterChainImpl.connection_connect(FilterChainImpl.java:126) ~[druid-1.2.27.jar:?]
	at com.alibaba.druid.pool.DruidAbstractDataSource.createPhysicalConnection(DruidAbstractDataSource.java:1695) ~[druid-1.2.27.jar:?]
	at com.alibaba.druid.pool.DruidAbstractDataSource.createPhysicalConnection(DruidAbstractDataSource.java:1811) ~[druid-1.2.27.jar:?]
	at com.alibaba.druid.pool.DruidDataSource$CreateConnectionThread.run(DruidDataSource.java:2793) ~[druid-1.2.27.jar:?]
Caused by: com.mysql.cj.exceptions.CJCommunicationsException: Communications link failure

The last packet sent successfully to the server was 0 milliseconds ago. The driver has not received any packets from the server.
	at jdk.internal.reflect.DirectConstructorHandleAccessor.newInstance(DirectConstructorHandleAccessor.java:62) ~[?:?]
	at java.lang.reflect.Constructor.newInstanceWithCaller(Constructor.java:502) ~[?:?]
	at java.lang.reflect.Constructor.newInstance(Constructor.java:486) ~[?:?]
	at com.mysql.cj.exceptions.ExceptionFactory.createException(ExceptionFactory.java:62) ~[mysql-connector-j-8.0.33.jar:8.0.33]
	at com.mysql.cj.exceptions.ExceptionFactory.createException(ExceptionFactory.java:105) ~[mysql-connector-j-8.0.33.jar:8.0.33]
	at com.mysql.cj.exceptions.ExceptionFactory.createException(ExceptionFactory.java:150) ~[mysql-connector-j-8.0.33.jar:8.0.33]
	at com.mysql.cj.exceptions.ExceptionFactory.createCommunicationsException(ExceptionFactory.java:166) ~[mysql-connector-j-8.0.33.jar:8.0.33]
	at com.mysql.cj.protocol.a.NativeProtocol.readMessage(NativeProtocol.java:582) ~[mysql-connector-j-8.0.33.jar:8.0.33]
	at com.mysql.cj.protocol.a.NativeProtocol.readServerCapabilities(NativeProtocol.java:537) ~[mysql-connector-j-8.0.33.jar:8.0.33]
	at com.mysql.cj.protocol.a.NativeProtocol.beforeHandshake(NativeProtocol.java:424) ~[mysql-connector-j-8.0.33.jar:8.0.33]
	at com.mysql.cj.protocol.a.NativeProtocol.connect(NativeProtocol.java:1428) ~[mysql-connector-j-8.0.33.jar:8.0.33]
	at com.mysql.cj.NativeSession.connect(NativeSession.java:134) ~[mysql-connector-j-8.0.33.jar:8.0.33]
	at com.mysql.cj.jdbc.ConnectionImpl.connectOneTryOnly(ConnectionImpl.java:945) ~[mysql-connector-j-8.0.33.jar:8.0.33]
	at com.mysql.cj.jdbc.ConnectionImpl.createNewIO(ConnectionImpl.java:815) ~[mysql-connector-j-8.0.33.jar:8.0.33]
	... 14 more
Caused by: java.io.EOFException: Can not read response from server. Expected to read 4 bytes, read 0 bytes before connection was unexpectedly lost.
	at com.mysql.cj.protocol.FullReadInputStream.readFully(FullReadInputStream.java:67) ~[mysql-connector-j-8.0.33.jar:8.0.33]
	at com.mysql.cj.protocol.a.SimplePacketReader.readHeaderLocal(SimplePacketReader.java:81) ~[mysql-connector-j-8.0.33.jar:8.0.33]
	at com.mysql.cj.protocol.a.SimplePacketReader.readHeader(SimplePacketReader.java:63) ~[mysql-connector-j-8.0.33.jar:8.0.33]
	at com.mysql.cj.protocol.a.SimplePacketReader.readHeader(SimplePacketReader.java:45) ~[mysql-connector-j-8.0.33.jar:8.0.33]
	at com.mysql.cj.protocol.a.NativeProtocol.readMessage(NativeProtocol.java:576) ~[mysql-connector-j-8.0.33.jar:8.0.33]
	at com.mysql.cj.protocol.a.NativeProtocol.readServerCapabilities(NativeProtocol.java:537) ~[mysql-connector-j-8.0.33.jar:8.0.33]
	at com.mysql.cj.protocol.a.NativeProtocol.beforeHandshake(NativeProtocol.java:424) ~[mysql-connector-j-8.0.33.jar:8.0.33]
	at com.mysql.cj.protocol.a.NativeProtocol.connect(NativeProtocol.java:1428) ~[mysql-connector-j-8.0.33.jar:8.0.33]
	at com.mysql.cj.NativeSession.connect(NativeSession.java:134) ~[mysql-connector-j-8.0.33.jar:8.0.33]
	at com.mysql.cj.jdbc.ConnectionImpl.connectOneTryOnly(ConnectionImpl.java:945) ~[mysql-connector-j-8.0.33.jar:8.0.33]
	at com.mysql.cj.jdbc.ConnectionImpl.createNewIO(ConnectionImpl.java:815) ~[mysql-connector-j-8.0.33.jar:8.0.33]
	... 14 more
[2026-02-24 00:33:11.902] [INFO ][main][StandardService] Stopping service [Tomcat]
[2026-02-24 00:33:11.904] [ERROR][Druid-ConnectionPool-Create-83812683][DruidDataSource] create connection SQLException, url: jdbc:mysql://127.0.0.1:3307/library_v1?useUnicode=true&characterEncoding=UTF-8&serverTimezone=Asia/Taipei&rewriteBatchedStatements=true&allowPublicKeyRetrieval=true&useSSL=false, errorCode 0, state 08S01
com.mysql.cj.jdbc.exceptions.CommunicationsException: Communications link failure

The last packet sent successfully to the server was 0 milliseconds ago. The driver has not received any packets from the server.
	at com.mysql.cj.jdbc.exceptions.SQLError.createCommunicationsException(SQLError.java:175) ~[mysql-connector-j-8.0.33.jar:8.0.33]
	at com.mysql.cj.jdbc.exceptions.SQLExceptionsMapping.translateException(SQLExceptionsMapping.java:64) ~[mysql-connector-j-8.0.33.jar:8.0.33]
	at com.mysql.cj.jdbc.ConnectionImpl.createNewIO(ConnectionImpl.java:825) ~[mysql-connector-j-8.0.33.jar:8.0.33]
	at com.mysql.cj.jdbc.ConnectionImpl.<init>(ConnectionImpl.java:446) ~[mysql-connector-j-8.0.33.jar:8.0.33]
	at com.mysql.cj.jdbc.ConnectionImpl.getInstance(ConnectionImpl.java:239) ~[mysql-connector-j-8.0.33.jar:8.0.33]
	at com.mysql.cj.jdbc.NonRegisteringDriver.connect(NonRegisteringDriver.java:188) ~[mysql-connector-j-8.0.33.jar:8.0.33]
	at com.alibaba.druid.filter.FilterChainImpl.connection_connect(FilterChainImpl.java:132) ~[druid-1.2.27.jar:?]
	at com.alibaba.druid.filter.FilterAdapter.connection_connect(FilterAdapter.java:764) ~[druid-1.2.27.jar:?]
	at com.alibaba.druid.filter.FilterEventAdapter.connection_connect(FilterEventAdapter.java:33) ~[druid-1.2.27.jar:?]
	at com.alibaba.druid.filter.FilterChainImpl.connection_connect(FilterChainImpl.java:126) ~[druid-1.2.27.jar:?]
	at com.alibaba.druid.filter.FilterAdapter.connection_connect(FilterAdapter.java:764) ~[druid-1.2.27.jar:?]
	at com.alibaba.druid.filter.FilterChainImpl.connection_connect(FilterChainImpl.java:126) ~[druid-1.2.27.jar:?]
	at com.alibaba.druid.filter.stat.StatFilter.connection_connect(StatFilter.java:244) ~[druid-1.2.27.jar:?]
	at com.alibaba.druid.filter.FilterChainImpl.connection_connect(FilterChainImpl.java:126) ~[druid-1.2.27.jar:?]
	at com.alibaba.druid.pool.DruidAbstractDataSource.createPhysicalConnection(DruidAbstractDataSource.java:1695) ~[druid-1.2.27.jar:?]
	at com.alibaba.druid.pool.DruidAbstractDataSource.createPhysicalConnection(DruidAbstractDataSource.java:1811) ~[druid-1.2.27.jar:?]
	at com.alibaba.druid.pool.DruidDataSource$CreateConnectionThread.run(DruidDataSource.java:2793) ~[druid-1.2.27.jar:?]
Caused by: com.mysql.cj.exceptions.CJCommunicationsException: Communications link failure

The last packet sent successfully to the server was 0 milliseconds ago. The driver has not received any packets from the server.
	at jdk.internal.reflect.DirectConstructorHandleAccessor.newInstance(DirectConstructorHandleAccessor.java:62) ~[?:?]
	at java.lang.reflect.Constructor.newInstanceWithCaller(Constructor.java:502) ~[?:?]
	at java.lang.reflect.Constructor.newInstance(Constructor.java:486) ~[?:?]
	at com.mysql.cj.exceptions.ExceptionFactory.createException(ExceptionFactory.java:62) ~[mysql-connector-j-8.0.33.jar:8.0.33]
	at com.mysql.cj.exceptions.ExceptionFactory.createException(ExceptionFactory.java:105) ~[mysql-connector-j-8.0.33.jar:8.0.33]
	at com.mysql.cj.exceptions.ExceptionFactory.createException(ExceptionFactory.java:150) ~[mysql-connector-j-8.0.33.jar:8.0.33]
	at com.mysql.cj.exceptions.ExceptionFactory.createCommunicationsException(ExceptionFactory.java:166) ~[mysql-connector-j-8.0.33.jar:8.0.33]
	at com.mysql.cj.protocol.a.NativeProtocol.readMessage(NativeProtocol.java:582) ~[mysql-connector-j-8.0.33.jar:8.0.33]
	at com.mysql.cj.protocol.a.NativeProtocol.readServerCapabilities(NativeProtocol.java:537) ~[mysql-connector-j-8.0.33.jar:8.0.33]
	at com.mysql.cj.protocol.a.NativeProtocol.beforeHandshake(NativeProtocol.java:424) ~[mysql-connector-j-8.0.33.jar:8.0.33]
	at com.mysql.cj.protocol.a.NativeProtocol.connect(NativeProtocol.java:1428) ~[mysql-connector-j-8.0.33.jar:8.0.33]
	at com.mysql.cj.NativeSession.connect(NativeSession.java:134) ~[mysql-connector-j-8.0.33.jar:8.0.33]
	at com.mysql.cj.jdbc.ConnectionImpl.connectOneTryOnly(ConnectionImpl.java:945) ~[mysql-connector-j-8.0.33.jar:8.0.33]
	at com.mysql.cj.jdbc.ConnectionImpl.createNewIO(ConnectionImpl.java:815) ~[mysql-connector-j-8.0.33.jar:8.0.33]
	... 14 more
Caused by: java.io.EOFException: Can not read response from server. Expected to read 4 bytes, read 0 bytes before connection was unexpectedly lost.
	at com.mysql.cj.protocol.FullReadInputStream.readFully(FullReadInputStream.java:67) ~[mysql-connector-j-8.0.33.jar:8.0.33]
	at com.mysql.cj.protocol.a.SimplePacketReader.readHeaderLocal(SimplePacketReader.java:81) ~[mysql-connector-j-8.0.33.jar:8.0.33]
	at com.mysql.cj.protocol.a.SimplePacketReader.readHeader(SimplePacketReader.java:63) ~[mysql-connector-j-8.0.33.jar:8.0.33]
	at com.mysql.cj.protocol.a.SimplePacketReader.readHeader(SimplePacketReader.java:45) ~[mysql-connector-j-8.0.33.jar:8.0.33]
	at com.mysql.cj.protocol.a.NativeProtocol.readMessage(NativeProtocol.java:576) ~[mysql-connector-j-8.0.33.jar:8.0.33]
	at com.mysql.cj.protocol.a.NativeProtocol.readServerCapabilities(NativeProtocol.java:537) ~[mysql-connector-j-8.0.33.jar:8.0.33]
	at com.mysql.cj.protocol.a.NativeProtocol.beforeHandshake(NativeProtocol.java:424) ~[mysql-connector-j-8.0.33.jar:8.0.33]
	at com.mysql.cj.protocol.a.NativeProtocol.connect(NativeProtocol.java:1428) ~[mysql-connector-j-8.0.33.jar:8.0.33]
	at com.mysql.cj.NativeSession.connect(NativeSession.java:134) ~[mysql-connector-j-8.0.33.jar:8.0.33]
	at com.mysql.cj.jdbc.ConnectionImpl.connectOneTryOnly(ConnectionImpl.java:945) ~[mysql-connector-j-8.0.33.jar:8.0.33]
	at com.mysql.cj.jdbc.ConnectionImpl.createNewIO(ConnectionImpl.java:815) ~[mysql-connector-j-8.0.33.jar:8.0.33]
	... 14 more
[2026-02-24 00:33:11.904] [INFO ][Druid-ConnectionPool-Create-83812683][DruidAbstractDataSource] {dataSource-1} failContinuous is true
[2026-02-24 00:36:19.991] [INFO ][background-preinit][Version] HV000001: Hibernate Validator 8.0.3.Final
[2026-02-24 00:36:20.044] [INFO ][main][LibraryAdminApplication] Starting LibraryAdminApplication using Java 21.0.6 with PID 35340 (E:\library\library\library-admin\target\classes started by shent in E:\library\library)
[2026-02-24 00:36:20.047] [INFO ][main][LibraryAdminApplication] The following 1 profile is active: "dev"
[2026-02-24 00:36:21.322] [INFO ][main][Http11NioProtocol] Initializing ProtocolHandler ["http-nio-8080"]
[2026-02-24 00:36:21.323] [INFO ][main][StandardService] Starting service [Tomcat]
[2026-02-24 00:36:21.323] [INFO ][main][StandardEngine] Starting Servlet engine: [Apache Tomcat/10.1.50]
[2026-02-24 00:36:21.373] [INFO ][main][[/api/library]] Initializing Spring embedded WebApplicationContext
[2026-02-24 00:36:21.494] [INFO ][main][DruidDataSourceAutoConfigure] Init DruidDataSource
[2026-02-24 00:36:21.681] [ERROR][main][DruidDataSource] init datasource error, url: jdbc:mysql://127.0.0.1:3307/library_v1?useUnicode=true&characterEncoding=UTF-8&serverTimezone=Asia/Taipei&rewriteBatchedStatements=true&allowPublicKeyRetrieval=true&useSSL=false
com.mysql.cj.jdbc.exceptions.CommunicationsException: Communications link failure

The last packet sent successfully to the server was 0 milliseconds ago. The driver has not received any packets from the server.
	at com.mysql.cj.jdbc.exceptions.SQLError.createCommunicationsException(SQLError.java:175) ~[mysql-connector-j-8.0.33.jar:8.0.33]
	at com.mysql.cj.jdbc.exceptions.SQLExceptionsMapping.translateException(SQLExceptionsMapping.java:64) ~[mysql-connector-j-8.0.33.jar:8.0.33]
	at com.mysql.cj.jdbc.ConnectionImpl.createNewIO(ConnectionImpl.java:825) ~[mysql-connector-j-8.0.33.jar:8.0.33]
	at com.mysql.cj.jdbc.ConnectionImpl.<init>(ConnectionImpl.java:446) ~[mysql-connector-j-8.0.33.jar:8.0.33]
	at com.mysql.cj.jdbc.ConnectionImpl.getInstance(ConnectionImpl.java:239) ~[mysql-connector-j-8.0.33.jar:8.0.33]
	at com.mysql.cj.jdbc.NonRegisteringDriver.connect(NonRegisteringDriver.java:188) ~[mysql-connector-j-8.0.33.jar:8.0.33]
	at com.alibaba.druid.filter.FilterChainImpl.connection_connect(FilterChainImpl.java:132) ~[druid-1.2.27.jar:?]
	at com.alibaba.druid.filter.FilterAdapter.connection_connect(FilterAdapter.java:764) ~[druid-1.2.27.jar:?]
	at com.alibaba.druid.filter.FilterEventAdapter.connection_connect(FilterEventAdapter.java:33) ~[druid-1.2.27.jar:?]
	at com.alibaba.druid.filter.FilterChainImpl.connection_connect(FilterChainImpl.java:126) ~[druid-1.2.27.jar:?]
	at com.alibaba.druid.filter.FilterAdapter.connection_connect(FilterAdapter.java:764) ~[druid-1.2.27.jar:?]
	at com.alibaba.druid.filter.FilterChainImpl.connection_connect(FilterChainImpl.java:126) ~[druid-1.2.27.jar:?]
	at com.alibaba.druid.filter.stat.StatFilter.connection_connect(StatFilter.java:244) ~[druid-1.2.27.jar:?]
	at com.alibaba.druid.filter.FilterChainImpl.connection_connect(FilterChainImpl.java:126) ~[druid-1.2.27.jar:?]
	at com.alibaba.druid.pool.DruidAbstractDataSource.createPhysicalConnection(DruidAbstractDataSource.java:1695) ~[druid-1.2.27.jar:?]
	at com.alibaba.druid.pool.DruidAbstractDataSource.createPhysicalConnection(DruidAbstractDataSource.java:1811) ~[druid-1.2.27.jar:?]
	at com.alibaba.druid.pool.DruidDataSource.init(DruidDataSource.java:787) ~[druid-1.2.27.jar:?]
	at com.alibaba.druid.spring.boot3.autoconfigure.DruidDataSourceWrapper.afterPropertiesSet(DruidDataSourceWrapper.java:51) ~[druid-spring-boot-3-starter-1.2.27.jar:?]
	at org.springframework.beans.factory.support.AbstractAutowireCapableBeanFactory.invokeInitMethods(AbstractAutowireCapableBeanFactory.java:1873) ~[spring-beans-6.2.15.jar:6.2.15]
	at org.springframework.beans.factory.support.AbstractAutowireCapableBeanFactory.initializeBean(AbstractAutowireCapableBeanFactory.java:1822) ~[spring-beans-6.2.15.jar:6.2.15]
	at org.springframework.beans.factory.support.AbstractAutowireCapableBeanFactory.doCreateBean(AbstractAutowireCapableBeanFactory.java:607) ~[spring-beans-6.2.15.jar:6.2.15]
	at org.springframework.beans.factory.support.AbstractAutowireCapableBeanFactory.createBean(AbstractAutowireCapableBeanFactory.java:529) ~[spring-beans-6.2.15.jar:6.2.15]
	at org.springframework.beans.factory.support.AbstractBeanFactory.lambda$doGetBean$0(AbstractBeanFactory.java:339) ~[spring-beans-6.2.15.jar:6.2.15]
	at org.springframework.beans.factory.support.DefaultSingletonBeanRegistry.getSingleton(DefaultSingletonBeanRegistry.java:373) ~[spring-beans-6.2.15.jar:6.2.15]
	at org.springframework.beans.factory.support.AbstractBeanFactory.doGetBean(AbstractBeanFactory.java:337) ~[spring-beans-6.2.15.jar:6.2.15]
	at org.springframework.beans.factory.support.AbstractBeanFactory.getBean(AbstractBeanFactory.java:202) ~[spring-beans-6.2.15.jar:6.2.15]
	at org.springframework.beans.factory.support.DefaultListableBeanFactory.doResolveDependency(DefaultListableBeanFactory.java:1708) ~[spring-beans-6.2.15.jar:6.2.15]
	at org.springframework.beans.factory.support.DefaultListableBeanFactory.resolveDependency(DefaultListableBeanFactory.java:1653) ~[spring-beans-6.2.15.jar:6.2.15]
	at org.springframework.beans.factory.support.ConstructorResolver.resolveAutowiredArgument(ConstructorResolver.java:913) ~[spring-beans-6.2.15.jar:6.2.15]
	at org.springframework.beans.factory.support.ConstructorResolver.createArgumentArray(ConstructorResolver.java:791) ~[spring-beans-6.2.15.jar:6.2.15]
	at org.springframework.beans.factory.support.ConstructorResolver.instantiateUsingFactoryMethod(ConstructorResolver.java:546) ~[spring-beans-6.2.15.jar:6.2.15]
	at org.springframework.beans.factory.support.AbstractAutowireCapableBeanFactory.instantiateUsingFactoryMethod(AbstractAutowireCapableBeanFactory.java:1375) ~[spring-beans-6.2.15.jar:6.2.15]
	at org.springframework.beans.factory.support.AbstractAutowireCapableBeanFactory.createBeanInstance(AbstractAutowireCapableBeanFactory.java:1205) ~[spring-beans-6.2.15.jar:6.2.15]
	at org.springframework.beans.factory.support.AbstractAutowireCapableBeanFactory.doCreateBean(AbstractAutowireCapableBeanFactory.java:569) ~[spring-beans-6.2.15.jar:6.2.15]
	at org.springframework.beans.factory.support.AbstractAutowireCapableBeanFactory.createBean(AbstractAutowireCapableBeanFactory.java:529) ~[spring-beans-6.2.15.jar:6.2.15]
	at org.springframework.beans.factory.support.AbstractBeanFactory.lambda$doGetBean$0(AbstractBeanFactory.java:339) ~[spring-beans-6.2.15.jar:6.2.15]
	at org.springframework.beans.factory.support.DefaultSingletonBeanRegistry.getSingleton(DefaultSingletonBeanRegistry.java:373) ~[spring-beans-6.2.15.jar:6.2.15]
	at org.springframework.beans.factory.support.AbstractBeanFactory.doGetBean(AbstractBeanFactory.java:337) ~[spring-beans-6.2.15.jar:6.2.15]
	at org.springframework.beans.factory.support.AbstractBeanFactory.getBean(AbstractBeanFactory.java:202) ~[spring-beans-6.2.15.jar:6.2.15]
	at org.springframework.beans.factory.config.DependencyDescriptor.resolveCandidate(DependencyDescriptor.java:254) ~[spring-beans-6.2.15.jar:6.2.15]
	at org.springframework.beans.factory.support.DefaultListableBeanFactory.doResolveDependency(DefaultListableBeanFactory.java:1770) ~[spring-beans-6.2.15.jar:6.2.15]
	at org.springframework.beans.factory.support.DefaultListableBeanFactory.resolveDependency(DefaultListableBeanFactory.java:1653) ~[spring-beans-6.2.15.jar:6.2.15]
	at org.springframework.beans.factory.support.AbstractAutowireCapableBeanFactory.autowireByType(AbstractAutowireCapableBeanFactory.java:1541) ~[spring-beans-6.2.15.jar:6.2.15]
	at org.springframework.beans.factory.support.AbstractAutowireCapableBeanFactory.populateBean(AbstractAutowireCapableBeanFactory.java:1450) ~[spring-beans-6.2.15.jar:6.2.15]
	at org.springframework.beans.factory.support.AbstractAutowireCapableBeanFactory.doCreateBean(AbstractAutowireCapableBeanFactory.java:606) ~[spring-beans-6.2.15.jar:6.2.15]
	at org.springframework.beans.factory.support.AbstractAutowireCapableBeanFactory.createBean(AbstractAutowireCapableBeanFactory.java:529) ~[spring-beans-6.2.15.jar:6.2.15]
	at org.springframework.beans.factory.support.AbstractBeanFactory.lambda$doGetBean$0(AbstractBeanFactory.java:339) ~[spring-beans-6.2.15.jar:6.2.15]
	at org.springframework.beans.factory.support.DefaultSingletonBeanRegistry.getSingleton(DefaultSingletonBeanRegistry.java:373) ~[spring-beans-6.2.15.jar:6.2.15]
	at org.springframework.beans.factory.support.AbstractBeanFactory.doGetBean(AbstractBeanFactory.java:337) ~[spring-beans-6.2.15.jar:6.2.15]
	at org.springframework.beans.factory.support.AbstractBeanFactory.getBean(AbstractBeanFactory.java:207) ~[spring-beans-6.2.15.jar:6.2.15]
	at org.springframework.beans.factory.support.AbstractAutowireCapableBeanFactory.resolveBeanByName(AbstractAutowireCapableBeanFactory.java:468) ~[spring-beans-6.2.15.jar:6.2.15]
	at org.springframework.context.annotation.CommonAnnotationBeanPostProcessor.autowireResource(CommonAnnotationBeanPostProcessor.java:605) ~[spring-context-6.2.15.jar:6.2.15]
	at org.springframework.context.annotation.CommonAnnotationBeanPostProcessor.getResource(CommonAnnotationBeanPostProcessor.java:576) ~[spring-context-6.2.15.jar:6.2.15]
	at org.springframework.context.annotation.CommonAnnotationBeanPostProcessor$ResourceElement.getResourceToInject(CommonAnnotationBeanPostProcessor.java:738) ~[spring-context-6.2.15.jar:6.2.15]
	at org.springframework.beans.factory.annotation.InjectionMetadata$InjectedElement.inject(InjectionMetadata.java:272) ~[spring-beans-6.2.15.jar:6.2.15]
	at org.springframework.beans.factory.annotation.InjectionMetadata.inject(InjectionMetadata.java:146) ~[spring-beans-6.2.15.jar:6.2.15]
	at org.springframework.context.annotation.CommonAnnotationBeanPostProcessor.postProcessProperties(CommonAnnotationBeanPostProcessor.java:369) ~[spring-context-6.2.15.jar:6.2.15]
	at org.springframework.beans.factory.support.AbstractAutowireCapableBeanFactory.populateBean(AbstractAutowireCapableBeanFactory.java:1459) ~[spring-beans-6.2.15.jar:6.2.15]
	at org.springframework.beans.factory.support.AbstractAutowireCapableBeanFactory.doCreateBean(AbstractAutowireCapableBeanFactory.java:606) ~[spring-beans-6.2.15.jar:6.2.15]
	at org.springframework.beans.factory.support.AbstractAutowireCapableBeanFactory.createBean(AbstractAutowireCapableBeanFactory.java:529) ~[spring-beans-6.2.15.jar:6.2.15]
	at org.springframework.beans.factory.support.AbstractBeanFactory.lambda$doGetBean$0(AbstractBeanFactory.java:339) ~[spring-beans-6.2.15.jar:6.2.15]
	at org.springframework.beans.factory.support.DefaultSingletonBeanRegistry.getSingleton(DefaultSingletonBeanRegistry.java:373) ~[spring-beans-6.2.15.jar:6.2.15]
	at org.springframework.beans.factory.support.AbstractBeanFactory.doGetBean(AbstractBeanFactory.java:337) ~[spring-beans-6.2.15.jar:6.2.15]
	at org.springframework.beans.factory.support.AbstractBeanFactory.getBean(AbstractBeanFactory.java:207) ~[spring-beans-6.2.15.jar:6.2.15]
	at org.springframework.beans.factory.support.AbstractAutowireCapableBeanFactory.resolveBeanByName(AbstractAutowireCapableBeanFactory.java:468) ~[spring-beans-6.2.15.jar:6.2.15]
	at org.springframework.context.annotation.CommonAnnotationBeanPostProcessor.autowireResource(CommonAnnotationBeanPostProcessor.java:605) ~[spring-context-6.2.15.jar:6.2.15]
	at org.springframework.context.annotation.CommonAnnotationBeanPostProcessor.getResource(CommonAnnotationBeanPostProcessor.java:576) ~[spring-context-6.2.15.jar:6.2.15]
	at org.springframework.context.annotation.CommonAnnotationBeanPostProcessor$ResourceElement.getResourceToInject(CommonAnnotationBeanPostProcessor.java:738) ~[spring-context-6.2.15.jar:6.2.15]
	at org.springframework.beans.factory.annotation.InjectionMetadata$InjectedElement.inject(InjectionMetadata.java:272) ~[spring-beans-6.2.15.jar:6.2.15]
	at org.springframework.beans.factory.annotation.InjectionMetadata.inject(InjectionMetadata.java:146) ~[spring-beans-6.2.15.jar:6.2.15]
	at org.springframework.context.annotation.CommonAnnotationBeanPostProcessor.postProcessProperties(CommonAnnotationBeanPostProcessor.java:369) ~[spring-context-6.2.15.jar:6.2.15]
	at org.springframework.beans.factory.support.AbstractAutowireCapableBeanFactory.populateBean(AbstractAutowireCapableBeanFactory.java:1459) ~[spring-beans-6.2.15.jar:6.2.15]
	at org.springframework.beans.factory.support.AbstractAutowireCapableBeanFactory.doCreateBean(AbstractAutowireCapableBeanFactory.java:606) ~[spring-beans-6.2.15.jar:6.2.15]
	at org.springframework.beans.factory.support.AbstractAutowireCapableBeanFactory.createBean(AbstractAutowireCapableBeanFactory.java:529) ~[spring-beans-6.2.15.jar:6.2.15]
	at org.springframework.beans.factory.support.AbstractBeanFactory.lambda$doGetBean$0(AbstractBeanFactory.java:339) ~[spring-beans-6.2.15.jar:6.2.15]
	at org.springframework.beans.factory.support.DefaultSingletonBeanRegistry.getSingleton(DefaultSingletonBeanRegistry.java:373) ~[spring-beans-6.2.15.jar:6.2.15]
	at org.springframework.beans.factory.support.AbstractBeanFactory.doGetBean(AbstractBeanFactory.java:337) ~[spring-beans-6.2.15.jar:6.2.15]
	at org.springframework.beans.factory.support.AbstractBeanFactory.getBean(AbstractBeanFactory.java:202) ~[spring-beans-6.2.15.jar:6.2.15]
	at org.springframework.beans.factory.support.DefaultListableBeanFactory.instantiateSingleton(DefaultListableBeanFactory.java:1228) ~[spring-beans-6.2.15.jar:6.2.15]
	at org.springframework.beans.factory.support.DefaultListableBeanFactory.preInstantiateSingleton(DefaultListableBeanFactory.java:1194) ~[spring-beans-6.2.15.jar:6.2.15]
	at org.springframework.beans.factory.support.DefaultListableBeanFactory.preInstantiateSingletons(DefaultListableBeanFactory.java:1130) ~[spring-beans-6.2.15.jar:6.2.15]
	at org.springframework.context.support.AbstractApplicationContext.finishBeanFactoryInitialization(AbstractApplicationContext.java:990) ~[spring-context-6.2.15.jar:6.2.15]
	at org.springframework.context.support.AbstractApplicationContext.refresh(AbstractApplicationContext.java:627) ~[spring-context-6.2.15.jar:6.2.15]
	at org.springframework.boot.web.servlet.context.ServletWebServerApplicationContext.refresh(ServletWebServerApplicationContext.java:146) ~[spring-boot-3.5.9.jar:3.5.9]
	at org.springframework.boot.SpringApplication.refresh(SpringApplication.java:752) ~[spring-boot-3.5.9.jar:3.5.9]
	at org.springframework.boot.SpringApplication.refreshContext(SpringApplication.java:439) ~[spring-boot-3.5.9.jar:3.5.9]
	at org.springframework.boot.SpringApplication.run(SpringApplication.java:318) ~[spring-boot-3.5.9.jar:3.5.9]
	at org.springframework.boot.SpringApplication.run(SpringApplication.java:1361) ~[spring-boot-3.5.9.jar:3.5.9]
	at org.springframework.boot.SpringApplication.run(SpringApplication.java:1350) ~[spring-boot-3.5.9.jar:3.5.9]
	at com.library.admin.LibraryAdminApplication.main(LibraryAdminApplication.java:14) ~[classes/:?]
Caused by: com.mysql.cj.exceptions.CJCommunicationsException: Communications link failure

The last packet sent successfully to the server was 0 milliseconds ago. The driver has not received any packets from the server.
	at jdk.internal.reflect.DirectConstructorHandleAccessor.newInstance(DirectConstructorHandleAccessor.java:62) ~[?:?]
	at java.lang.reflect.Constructor.newInstanceWithCaller(Constructor.java:502) ~[?:?]
	at java.lang.reflect.Constructor.newInstance(Constructor.java:486) ~[?:?]
	at com.mysql.cj.exceptions.ExceptionFactory.createException(ExceptionFactory.java:62) ~[mysql-connector-j-8.0.33.jar:8.0.33]
	at com.mysql.cj.exceptions.ExceptionFactory.createException(ExceptionFactory.java:105) ~[mysql-connector-j-8.0.33.jar:8.0.33]
	at com.mysql.cj.exceptions.ExceptionFactory.createException(ExceptionFactory.java:150) ~[mysql-connector-j-8.0.33.jar:8.0.33]
	at com.mysql.cj.exceptions.ExceptionFactory.createCommunicationsException(ExceptionFactory.java:166) ~[mysql-connector-j-8.0.33.jar:8.0.33]
	at com.mysql.cj.protocol.a.NativeSocketConnection.connect(NativeSocketConnection.java:89) ~[mysql-connector-j-8.0.33.jar:8.0.33]
	at com.mysql.cj.NativeSession.connect(NativeSession.java:121) ~[mysql-connector-j-8.0.33.jar:8.0.33]
	at com.mysql.cj.jdbc.ConnectionImpl.connectOneTryOnly(ConnectionImpl.java:945) ~[mysql-connector-j-8.0.33.jar:8.0.33]
	at com.mysql.cj.jdbc.ConnectionImpl.createNewIO(ConnectionImpl.java:815) ~[mysql-connector-j-8.0.33.jar:8.0.33]
	... 87 more
Caused by: java.net.ConnectException: Connection refused: connect
	at sun.nio.ch.Net.connect0(Native Method) ~[?:?]
	at sun.nio.ch.Net.connect(Net.java:589) ~[?:?]
	at sun.nio.ch.Net.connect(Net.java:578) ~[?:?]
	at sun.nio.ch.NioSocketImpl.connect(NioSocketImpl.java:583) ~[?:?]
	at java.net.SocksSocketImpl.connect(SocksSocketImpl.java:327) ~[?:?]
	at java.net.Socket.connect(Socket.java:751) ~[?:?]
	at com.mysql.cj.protocol.StandardSocketFactory.connect(StandardSocketFactory.java:153) ~[mysql-connector-j-8.0.33.jar:8.0.33]
	at com.mysql.cj.protocol.a.NativeSocketConnection.connect(NativeSocketConnection.java:63) ~[mysql-connector-j-8.0.33.jar:8.0.33]
	at com.mysql.cj.NativeSession.connect(NativeSession.java:121) ~[mysql-connector-j-8.0.33.jar:8.0.33]
	at com.mysql.cj.jdbc.ConnectionImpl.connectOneTryOnly(ConnectionImpl.java:945) ~[mysql-connector-j-8.0.33.jar:8.0.33]
	at com.mysql.cj.jdbc.ConnectionImpl.createNewIO(ConnectionImpl.java:815) ~[mysql-connector-j-8.0.33.jar:8.0.33]
	... 87 more
[2026-02-24 00:36:21.683] [ERROR][main][DruidDataSource] {dataSource-1} init error
com.mysql.cj.jdbc.exceptions.CommunicationsException: Communications link failure

The last packet sent successfully to the server was 0 milliseconds ago. The driver has not received any packets from the server.
	at com.mysql.cj.jdbc.exceptions.SQLError.createCommunicationsException(SQLError.java:175) ~[mysql-connector-j-8.0.33.jar:8.0.33]
	at com.mysql.cj.jdbc.exceptions.SQLExceptionsMapping.translateException(SQLExceptionsMapping.java:64) ~[mysql-connector-j-8.0.33.jar:8.0.33]
	at com.mysql.cj.jdbc.ConnectionImpl.createNewIO(ConnectionImpl.java:825) ~[mysql-connector-j-8.0.33.jar:8.0.33]
	at com.mysql.cj.jdbc.ConnectionImpl.<init>(ConnectionImpl.java:446) ~[mysql-connector-j-8.0.33.jar:8.0.33]
	at com.mysql.cj.jdbc.ConnectionImpl.getInstance(ConnectionImpl.java:239) ~[mysql-connector-j-8.0.33.jar:8.0.33]
	at com.mysql.cj.jdbc.NonRegisteringDriver.connect(NonRegisteringDriver.java:188) ~[mysql-connector-j-8.0.33.jar:8.0.33]
	at com.alibaba.druid.filter.FilterChainImpl.connection_connect(FilterChainImpl.java:132) ~[druid-1.2.27.jar:?]
	at com.alibaba.druid.filter.FilterAdapter.connection_connect(FilterAdapter.java:764) ~[druid-1.2.27.jar:?]
	at com.alibaba.druid.filter.FilterEventAdapter.connection_connect(FilterEventAdapter.java:33) ~[druid-1.2.27.jar:?]
	at com.alibaba.druid.filter.FilterChainImpl.connection_connect(FilterChainImpl.java:126) ~[druid-1.2.27.jar:?]
	at com.alibaba.druid.filter.FilterAdapter.connection_connect(FilterAdapter.java:764) ~[druid-1.2.27.jar:?]
	at com.alibaba.druid.filter.FilterChainImpl.connection_connect(FilterChainImpl.java:126) ~[druid-1.2.27.jar:?]
	at com.alibaba.druid.filter.stat.StatFilter.connection_connect(StatFilter.java:244) ~[druid-1.2.27.jar:?]
	at com.alibaba.druid.filter.FilterChainImpl.connection_connect(FilterChainImpl.java:126) ~[druid-1.2.27.jar:?]
	at com.alibaba.druid.pool.DruidAbstractDataSource.createPhysicalConnection(DruidAbstractDataSource.java:1695) ~[druid-1.2.27.jar:?]
	at com.alibaba.druid.pool.DruidAbstractDataSource.createPhysicalConnection(DruidAbstractDataSource.java:1811) ~[druid-1.2.27.jar:?]
	at com.alibaba.druid.pool.DruidDataSource.init(DruidDataSource.java:787) ~[druid-1.2.27.jar:?]
	at com.alibaba.druid.spring.boot3.autoconfigure.DruidDataSourceWrapper.afterPropertiesSet(DruidDataSourceWrapper.java:51) ~[druid-spring-boot-3-starter-1.2.27.jar:?]
	at org.springframework.beans.factory.support.AbstractAutowireCapableBeanFactory.invokeInitMethods(AbstractAutowireCapableBeanFactory.java:1873) ~[spring-beans-6.2.15.jar:6.2.15]
	at org.springframework.beans.factory.support.AbstractAutowireCapableBeanFactory.initializeBean(AbstractAutowireCapableBeanFactory.java:1822) ~[spring-beans-6.2.15.jar:6.2.15]
	at org.springframework.beans.factory.support.AbstractAutowireCapableBeanFactory.doCreateBean(AbstractAutowireCapableBeanFactory.java:607) ~[spring-beans-6.2.15.jar:6.2.15]
	at org.springframework.beans.factory.support.AbstractAutowireCapableBeanFactory.createBean(AbstractAutowireCapableBeanFactory.java:529) ~[spring-beans-6.2.15.jar:6.2.15]
	at org.springframework.beans.factory.support.AbstractBeanFactory.lambda$doGetBean$0(AbstractBeanFactory.java:339) ~[spring-beans-6.2.15.jar:6.2.15]
	at org.springframework.beans.factory.support.DefaultSingletonBeanRegistry.getSingleton(DefaultSingletonBeanRegistry.java:373) ~[spring-beans-6.2.15.jar:6.2.15]
	at org.springframework.beans.factory.support.AbstractBeanFactory.doGetBean(AbstractBeanFactory.java:337) ~[spring-beans-6.2.15.jar:6.2.15]
	at org.springframework.beans.factory.support.AbstractBeanFactory.getBean(AbstractBeanFactory.java:202) ~[spring-beans-6.2.15.jar:6.2.15]
	at org.springframework.beans.factory.support.DefaultListableBeanFactory.doResolveDependency(DefaultListableBeanFactory.java:1708) ~[spring-beans-6.2.15.jar:6.2.15]
	at org.springframework.beans.factory.support.DefaultListableBeanFactory.resolveDependency(DefaultListableBeanFactory.java:1653) ~[spring-beans-6.2.15.jar:6.2.15]
	at org.springframework.beans.factory.support.ConstructorResolver.resolveAutowiredArgument(ConstructorResolver.java:913) ~[spring-beans-6.2.15.jar:6.2.15]
	at org.springframework.beans.factory.support.ConstructorResolver.createArgumentArray(ConstructorResolver.java:791) ~[spring-beans-6.2.15.jar:6.2.15]
	at org.springframework.beans.factory.support.ConstructorResolver.instantiateUsingFactoryMethod(ConstructorResolver.java:546) ~[spring-beans-6.2.15.jar:6.2.15]
	at org.springframework.beans.factory.support.AbstractAutowireCapableBeanFactory.instantiateUsingFactoryMethod(AbstractAutowireCapableBeanFactory.java:1375) ~[spring-beans-6.2.15.jar:6.2.15]
	at org.springframework.beans.factory.support.AbstractAutowireCapableBeanFactory.createBeanInstance(AbstractAutowireCapableBeanFactory.java:1205) ~[spring-beans-6.2.15.jar:6.2.15]
	at org.springframework.beans.factory.support.AbstractAutowireCapableBeanFactory.doCreateBean(AbstractAutowireCapableBeanFactory.java:569) ~[spring-beans-6.2.15.jar:6.2.15]
	at org.springframework.beans.factory.support.AbstractAutowireCapableBeanFactory.createBean(AbstractAutowireCapableBeanFactory.java:529) ~[spring-beans-6.2.15.jar:6.2.15]
	at org.springframework.beans.factory.support.AbstractBeanFactory.lambda$doGetBean$0(AbstractBeanFactory.java:339) ~[spring-beans-6.2.15.jar:6.2.15]
	at org.springframework.beans.factory.support.DefaultSingletonBeanRegistry.getSingleton(DefaultSingletonBeanRegistry.java:373) ~[spring-beans-6.2.15.jar:6.2.15]
	at org.springframework.beans.factory.support.AbstractBeanFactory.doGetBean(AbstractBeanFactory.java:337) ~[spring-beans-6.2.15.jar:6.2.15]
	at org.springframework.beans.factory.support.AbstractBeanFactory.getBean(AbstractBeanFactory.java:202) ~[spring-beans-6.2.15.jar:6.2.15]
	at org.springframework.beans.factory.config.DependencyDescriptor.resolveCandidate(DependencyDescriptor.java:254) ~[spring-beans-6.2.15.jar:6.2.15]
	at org.springframework.beans.factory.support.DefaultListableBeanFactory.doResolveDependency(DefaultListableBeanFactory.java:1770) ~[spring-beans-6.2.15.jar:6.2.15]
	at org.springframework.beans.factory.support.DefaultListableBeanFactory.resolveDependency(DefaultListableBeanFactory.java:1653) ~[spring-beans-6.2.15.jar:6.2.15]
	at org.springframework.beans.factory.support.AbstractAutowireCapableBeanFactory.autowireByType(AbstractAutowireCapableBeanFactory.java:1541) ~[spring-beans-6.2.15.jar:6.2.15]
	at org.springframework.beans.factory.support.AbstractAutowireCapableBeanFactory.populateBean(AbstractAutowireCapableBeanFactory.java:1450) ~[spring-beans-6.2.15.jar:6.2.15]
	at org.springframework.beans.factory.support.AbstractAutowireCapableBeanFactory.doCreateBean(AbstractAutowireCapableBeanFactory.java:606) ~[spring-beans-6.2.15.jar:6.2.15]
	at org.springframework.beans.factory.support.AbstractAutowireCapableBeanFactory.createBean(AbstractAutowireCapableBeanFactory.java:529) ~[spring-beans-6.2.15.jar:6.2.15]
	at org.springframework.beans.factory.support.AbstractBeanFactory.lambda$doGetBean$0(AbstractBeanFactory.java:339) ~[spring-beans-6.2.15.jar:6.2.15]
	at org.springframework.beans.factory.support.DefaultSingletonBeanRegistry.getSingleton(DefaultSingletonBeanRegistry.java:373) ~[spring-beans-6.2.15.jar:6.2.15]
	at org.springframework.beans.factory.support.AbstractBeanFactory.doGetBean(AbstractBeanFactory.java:337) ~[spring-beans-6.2.15.jar:6.2.15]
	at org.springframework.beans.factory.support.AbstractBeanFactory.getBean(AbstractBeanFactory.java:207) ~[spring-beans-6.2.15.jar:6.2.15]
	at org.springframework.beans.factory.support.AbstractAutowireCapableBeanFactory.resolveBeanByName(AbstractAutowireCapableBeanFactory.java:468) ~[spring-beans-6.2.15.jar:6.2.15]
	at org.springframework.context.annotation.CommonAnnotationBeanPostProcessor.autowireResource(CommonAnnotationBeanPostProcessor.java:605) ~[spring-context-6.2.15.jar:6.2.15]
	at org.springframework.context.annotation.CommonAnnotationBeanPostProcessor.getResource(CommonAnnotationBeanPostProcessor.java:576) ~[spring-context-6.2.15.jar:6.2.15]
	at org.springframework.context.annotation.CommonAnnotationBeanPostProcessor$ResourceElement.getResourceToInject(CommonAnnotationBeanPostProcessor.java:738) ~[spring-context-6.2.15.jar:6.2.15]
	at org.springframework.beans.factory.annotation.InjectionMetadata$InjectedElement.inject(InjectionMetadata.java:272) ~[spring-beans-6.2.15.jar:6.2.15]
	at org.springframework.beans.factory.annotation.InjectionMetadata.inject(InjectionMetadata.java:146) ~[spring-beans-6.2.15.jar:6.2.15]
	at org.springframework.context.annotation.CommonAnnotationBeanPostProcessor.postProcessProperties(CommonAnnotationBeanPostProcessor.java:369) ~[spring-context-6.2.15.jar:6.2.15]
	at org.springframework.beans.factory.support.AbstractAutowireCapableBeanFactory.populateBean(AbstractAutowireCapableBeanFactory.java:1459) ~[spring-beans-6.2.15.jar:6.2.15]
	at org.springframework.beans.factory.support.AbstractAutowireCapableBeanFactory.doCreateBean(AbstractAutowireCapableBeanFactory.java:606) ~[spring-beans-6.2.15.jar:6.2.15]
	at org.springframework.beans.factory.support.AbstractAutowireCapableBeanFactory.createBean(AbstractAutowireCapableBeanFactory.java:529) ~[spring-beans-6.2.15.jar:6.2.15]
	at org.springframework.beans.factory.support.AbstractBeanFactory.lambda$doGetBean$0(AbstractBeanFactory.java:339) ~[spring-beans-6.2.15.jar:6.2.15]
	at org.springframework.beans.factory.support.DefaultSingletonBeanRegistry.getSingleton(DefaultSingletonBeanRegistry.java:373) ~[spring-beans-6.2.15.jar:6.2.15]
	at org.springframework.beans.factory.support.AbstractBeanFactory.doGetBean(AbstractBeanFactory.java:337) ~[spring-beans-6.2.15.jar:6.2.15]
	at org.springframework.beans.factory.support.AbstractBeanFactory.getBean(AbstractBeanFactory.java:207) ~[spring-beans-6.2.15.jar:6.2.15]
	at org.springframework.beans.factory.support.AbstractAutowireCapableBeanFactory.resolveBeanByName(AbstractAutowireCapableBeanFactory.java:468) ~[spring-beans-6.2.15.jar:6.2.15]
	at org.springframework.context.annotation.CommonAnnotationBeanPostProcessor.autowireResource(CommonAnnotationBeanPostProcessor.java:605) ~[spring-context-6.2.15.jar:6.2.15]
	at org.springframework.context.annotation.CommonAnnotationBeanPostProcessor.getResource(CommonAnnotationBeanPostProcessor.java:576) ~[spring-context-6.2.15.jar:6.2.15]
	at org.springframework.context.annotation.CommonAnnotationBeanPostProcessor$ResourceElement.getResourceToInject(CommonAnnotationBeanPostProcessor.java:738) ~[spring-context-6.2.15.jar:6.2.15]
	at org.springframework.beans.factory.annotation.InjectionMetadata$InjectedElement.inject(InjectionMetadata.java:272) ~[spring-beans-6.2.15.jar:6.2.15]
	at org.springframework.beans.factory.annotation.InjectionMetadata.inject(InjectionMetadata.java:146) ~[spring-beans-6.2.15.jar:6.2.15]
	at org.springframework.context.annotation.CommonAnnotationBeanPostProcessor.postProcessProperties(CommonAnnotationBeanPostProcessor.java:369) ~[spring-context-6.2.15.jar:6.2.15]
	at org.springframework.beans.factory.support.AbstractAutowireCapableBeanFactory.populateBean(AbstractAutowireCapableBeanFactory.java:1459) ~[spring-beans-6.2.15.jar:6.2.15]
	at org.springframework.beans.factory.support.AbstractAutowireCapableBeanFactory.doCreateBean(AbstractAutowireCapableBeanFactory.java:606) ~[spring-beans-6.2.15.jar:6.2.15]
	at org.springframework.beans.factory.support.AbstractAutowireCapableBeanFactory.createBean(AbstractAutowireCapableBeanFactory.java:529) ~[spring-beans-6.2.15.jar:6.2.15]
	at org.springframework.beans.factory.support.AbstractBeanFactory.lambda$doGetBean$0(AbstractBeanFactory.java:339) ~[spring-beans-6.2.15.jar:6.2.15]
	at org.springframework.beans.factory.support.DefaultSingletonBeanRegistry.getSingleton(DefaultSingletonBeanRegistry.java:373) ~[spring-beans-6.2.15.jar:6.2.15]
	at org.springframework.beans.factory.support.AbstractBeanFactory.doGetBean(AbstractBeanFactory.java:337) ~[spring-beans-6.2.15.jar:6.2.15]
	at org.springframework.beans.factory.support.AbstractBeanFactory.getBean(AbstractBeanFactory.java:202) ~[spring-beans-6.2.15.jar:6.2.15]
	at org.springframework.beans.factory.support.DefaultListableBeanFactory.instantiateSingleton(DefaultListableBeanFactory.java:1228) ~[spring-beans-6.2.15.jar:6.2.15]
	at org.springframework.beans.factory.support.DefaultListableBeanFactory.preInstantiateSingleton(DefaultListableBeanFactory.java:1194) ~[spring-beans-6.2.15.jar:6.2.15]
	at org.springframework.beans.factory.support.DefaultListableBeanFactory.preInstantiateSingletons(DefaultListableBeanFactory.java:1130) ~[spring-beans-6.2.15.jar:6.2.15]
	at org.springframework.context.support.AbstractApplicationContext.finishBeanFactoryInitialization(AbstractApplicationContext.java:990) ~[spring-context-6.2.15.jar:6.2.15]
	at org.springframework.context.support.AbstractApplicationContext.refresh(AbstractApplicationContext.java:627) ~[spring-context-6.2.15.jar:6.2.15]
	at org.springframework.boot.web.servlet.context.ServletWebServerApplicationContext.refresh(ServletWebServerApplicationContext.java:146) ~[spring-boot-3.5.9.jar:3.5.9]
	at org.springframework.boot.SpringApplication.refresh(SpringApplication.java:752) ~[spring-boot-3.5.9.jar:3.5.9]
	at org.springframework.boot.SpringApplication.refreshContext(SpringApplication.java:439) ~[spring-boot-3.5.9.jar:3.5.9]
	at org.springframework.boot.SpringApplication.run(SpringApplication.java:318) ~[spring-boot-3.5.9.jar:3.5.9]
	at org.springframework.boot.SpringApplication.run(SpringApplication.java:1361) ~[spring-boot-3.5.9.jar:3.5.9]
	at org.springframework.boot.SpringApplication.run(SpringApplication.java:1350) ~[spring-boot-3.5.9.jar:3.5.9]
	at com.library.admin.LibraryAdminApplication.main(LibraryAdminApplication.java:14) ~[classes/:?]
Caused by: com.mysql.cj.exceptions.CJCommunicationsException: Communications link failure

The last packet sent successfully to the server was 0 milliseconds ago. The driver has not received any packets from the server.
	at jdk.internal.reflect.DirectConstructorHandleAccessor.newInstance(DirectConstructorHandleAccessor.java:62) ~[?:?]
	at java.lang.reflect.Constructor.newInstanceWithCaller(Constructor.java:502) ~[?:?]
	at java.lang.reflect.Constructor.newInstance(Constructor.java:486) ~[?:?]
	at com.mysql.cj.exceptions.ExceptionFactory.createException(ExceptionFactory.java:62) ~[mysql-connector-j-8.0.33.jar:8.0.33]
	at com.mysql.cj.exceptions.ExceptionFactory.createException(ExceptionFactory.java:105) ~[mysql-connector-j-8.0.33.jar:8.0.33]
	at com.mysql.cj.exceptions.ExceptionFactory.createException(ExceptionFactory.java:150) ~[mysql-connector-j-8.0.33.jar:8.0.33]
	at com.mysql.cj.exceptions.ExceptionFactory.createCommunicationsException(ExceptionFactory.java:166) ~[mysql-connector-j-8.0.33.jar:8.0.33]
	at com.mysql.cj.protocol.a.NativeSocketConnection.connect(NativeSocketConnection.java:89) ~[mysql-connector-j-8.0.33.jar:8.0.33]
	at com.mysql.cj.NativeSession.connect(NativeSession.java:121) ~[mysql-connector-j-8.0.33.jar:8.0.33]
	at com.mysql.cj.jdbc.ConnectionImpl.connectOneTryOnly(ConnectionImpl.java:945) ~[mysql-connector-j-8.0.33.jar:8.0.33]
	at com.mysql.cj.jdbc.ConnectionImpl.createNewIO(ConnectionImpl.java:815) ~[mysql-connector-j-8.0.33.jar:8.0.33]
	... 87 more
Caused by: java.net.ConnectException: Connection refused: connect
	at sun.nio.ch.Net.connect0(Native Method) ~[?:?]
	at sun.nio.ch.Net.connect(Net.java:589) ~[?:?]
	at sun.nio.ch.Net.connect(Net.java:578) ~[?:?]
	at sun.nio.ch.NioSocketImpl.connect(NioSocketImpl.java:583) ~[?:?]
	at java.net.SocksSocketImpl.connect(SocksSocketImpl.java:327) ~[?:?]
	at java.net.Socket.connect(Socket.java:751) ~[?:?]
	at com.mysql.cj.protocol.StandardSocketFactory.connect(StandardSocketFactory.java:153) ~[mysql-connector-j-8.0.33.jar:8.0.33]
	at com.mysql.cj.protocol.a.NativeSocketConnection.connect(NativeSocketConnection.java:63) ~[mysql-connector-j-8.0.33.jar:8.0.33]
	at com.mysql.cj.NativeSession.connect(NativeSession.java:121) ~[mysql-connector-j-8.0.33.jar:8.0.33]
	at com.mysql.cj.jdbc.ConnectionImpl.connectOneTryOnly(ConnectionImpl.java:945) ~[mysql-connector-j-8.0.33.jar:8.0.33]
	at com.mysql.cj.jdbc.ConnectionImpl.createNewIO(ConnectionImpl.java:815) ~[mysql-connector-j-8.0.33.jar:8.0.33]
	... 87 more
[2026-02-24 00:36:21.683] [INFO ][main][DruidDataSource] {dataSource-1} inited
[2026-02-24 00:36:21.684] [ERROR][Druid-ConnectionPool-Create-700603324][DruidDataSource] create connection SQLException, url: jdbc:mysql://127.0.0.1:3307/library_v1?useUnicode=true&characterEncoding=UTF-8&serverTimezone=Asia/Taipei&rewriteBatchedStatements=true&allowPublicKeyRetrieval=true&useSSL=false, errorCode 0, state 08S01
com.mysql.cj.jdbc.exceptions.CommunicationsException: Communications link failure

The last packet sent successfully to the server was 0 milliseconds ago. The driver has not received any packets from the server.
	at com.mysql.cj.jdbc.exceptions.SQLError.createCommunicationsException(SQLError.java:175) ~[mysql-connector-j-8.0.33.jar:8.0.33]
	at com.mysql.cj.jdbc.exceptions.SQLExceptionsMapping.translateException(SQLExceptionsMapping.java:64) ~[mysql-connector-j-8.0.33.jar:8.0.33]
	at com.mysql.cj.jdbc.ConnectionImpl.createNewIO(ConnectionImpl.java:825) ~[mysql-connector-j-8.0.33.jar:8.0.33]
	at com.mysql.cj.jdbc.ConnectionImpl.<init>(ConnectionImpl.java:446) ~[mysql-connector-j-8.0.33.jar:8.0.33]
	at com.mysql.cj.jdbc.ConnectionImpl.getInstance(ConnectionImpl.java:239) ~[mysql-connector-j-8.0.33.jar:8.0.33]
	at com.mysql.cj.jdbc.NonRegisteringDriver.connect(NonRegisteringDriver.java:188) ~[mysql-connector-j-8.0.33.jar:8.0.33]
	at com.alibaba.druid.filter.FilterChainImpl.connection_connect(FilterChainImpl.java:132) ~[druid-1.2.27.jar:?]
	at com.alibaba.druid.filter.FilterAdapter.connection_connect(FilterAdapter.java:764) ~[druid-1.2.27.jar:?]
	at com.alibaba.druid.filter.FilterEventAdapter.connection_connect(FilterEventAdapter.java:33) ~[druid-1.2.27.jar:?]
	at com.alibaba.druid.filter.FilterChainImpl.connection_connect(FilterChainImpl.java:126) ~[druid-1.2.27.jar:?]
	at com.alibaba.druid.filter.FilterAdapter.connection_connect(FilterAdapter.java:764) ~[druid-1.2.27.jar:?]
	at com.alibaba.druid.filter.FilterChainImpl.connection_connect(FilterChainImpl.java:126) ~[druid-1.2.27.jar:?]
	at com.alibaba.druid.filter.stat.StatFilter.connection_connect(StatFilter.java:244) ~[druid-1.2.27.jar:?]
	at com.alibaba.druid.filter.FilterChainImpl.connection_connect(FilterChainImpl.java:126) ~[druid-1.2.27.jar:?]
	at com.alibaba.druid.pool.DruidAbstractDataSource.createPhysicalConnection(DruidAbstractDataSource.java:1695) ~[druid-1.2.27.jar:?]
	at com.alibaba.druid.pool.DruidAbstractDataSource.createPhysicalConnection(DruidAbstractDataSource.java:1811) ~[druid-1.2.27.jar:?]
	at com.alibaba.druid.pool.DruidDataSource$CreateConnectionThread.run(DruidDataSource.java:2793) ~[druid-1.2.27.jar:?]
Caused by: com.mysql.cj.exceptions.CJCommunicationsException: Communications link failure

The last packet sent successfully to the server was 0 milliseconds ago. The driver has not received any packets from the server.
	at jdk.internal.reflect.DirectConstructorHandleAccessor.newInstance(DirectConstructorHandleAccessor.java:62) ~[?:?]
	at java.lang.reflect.Constructor.newInstanceWithCaller(Constructor.java:502) ~[?:?]
	at java.lang.reflect.Constructor.newInstance(Constructor.java:486) ~[?:?]
	at com.mysql.cj.exceptions.ExceptionFactory.createException(ExceptionFactory.java:62) ~[mysql-connector-j-8.0.33.jar:8.0.33]
	at com.mysql.cj.exceptions.ExceptionFactory.createException(ExceptionFactory.java:105) ~[mysql-connector-j-8.0.33.jar:8.0.33]
	at com.mysql.cj.exceptions.ExceptionFactory.createException(ExceptionFactory.java:150) ~[mysql-connector-j-8.0.33.jar:8.0.33]
	at com.mysql.cj.exceptions.ExceptionFactory.createCommunicationsException(ExceptionFactory.java:166) ~[mysql-connector-j-8.0.33.jar:8.0.33]
	at com.mysql.cj.protocol.a.NativeSocketConnection.connect(NativeSocketConnection.java:89) ~[mysql-connector-j-8.0.33.jar:8.0.33]
	at com.mysql.cj.NativeSession.connect(NativeSession.java:121) ~[mysql-connector-j-8.0.33.jar:8.0.33]
	at com.mysql.cj.jdbc.ConnectionImpl.connectOneTryOnly(ConnectionImpl.java:945) ~[mysql-connector-j-8.0.33.jar:8.0.33]
	at com.mysql.cj.jdbc.ConnectionImpl.createNewIO(ConnectionImpl.java:815) ~[mysql-connector-j-8.0.33.jar:8.0.33]
	... 14 more
Caused by: java.net.ConnectException: Connection refused: connect
	at sun.nio.ch.Net.connect0(Native Method) ~[?:?]
	at sun.nio.ch.Net.connect(Net.java:589) ~[?:?]
	at sun.nio.ch.Net.connect(Net.java:578) ~[?:?]
	at sun.nio.ch.NioSocketImpl.connect(NioSocketImpl.java:583) ~[?:?]
	at java.net.SocksSocketImpl.connect(SocksSocketImpl.java:327) ~[?:?]
	at java.net.Socket.connect(Socket.java:751) ~[?:?]
	at com.mysql.cj.protocol.StandardSocketFactory.connect(StandardSocketFactory.java:153) ~[mysql-connector-j-8.0.33.jar:8.0.33]
	at com.mysql.cj.protocol.a.NativeSocketConnection.connect(NativeSocketConnection.java:63) ~[mysql-connector-j-8.0.33.jar:8.0.33]
	at com.mysql.cj.NativeSession.connect(NativeSession.java:121) ~[mysql-connector-j-8.0.33.jar:8.0.33]
	at com.mysql.cj.jdbc.ConnectionImpl.connectOneTryOnly(ConnectionImpl.java:945) ~[mysql-connector-j-8.0.33.jar:8.0.33]
	at com.mysql.cj.jdbc.ConnectionImpl.createNewIO(ConnectionImpl.java:815) ~[mysql-connector-j-8.0.33.jar:8.0.33]
	... 14 more
[2026-02-24 00:36:21.685] [ERROR][Druid-ConnectionPool-Create-700603324][DruidDataSource] create connection SQLException, url: jdbc:mysql://127.0.0.1:3307/library_v1?useUnicode=true&characterEncoding=UTF-8&serverTimezone=Asia/Taipei&rewriteBatchedStatements=true&allowPublicKeyRetrieval=true&useSSL=false, errorCode 0, state 08S01
com.mysql.cj.jdbc.exceptions.CommunicationsException: Communications link failure

The last packet sent successfully to the server was 0 milliseconds ago. The driver has not received any packets from the server.
	at com.mysql.cj.jdbc.exceptions.SQLError.createCommunicationsException(SQLError.java:175) ~[mysql-connector-j-8.0.33.jar:8.0.33]
	at com.mysql.cj.jdbc.exceptions.SQLExceptionsMapping.translateException(SQLExceptionsMapping.java:64) ~[mysql-connector-j-8.0.33.jar:8.0.33]
	at com.mysql.cj.jdbc.ConnectionImpl.createNewIO(ConnectionImpl.java:825) ~[mysql-connector-j-8.0.33.jar:8.0.33]
	at com.mysql.cj.jdbc.ConnectionImpl.<init>(ConnectionImpl.java:446) ~[mysql-connector-j-8.0.33.jar:8.0.33]
	at com.mysql.cj.jdbc.ConnectionImpl.getInstance(ConnectionImpl.java:239) ~[mysql-connector-j-8.0.33.jar:8.0.33]
	at com.mysql.cj.jdbc.NonRegisteringDriver.connect(NonRegisteringDriver.java:188) ~[mysql-connector-j-8.0.33.jar:8.0.33]
	at com.alibaba.druid.filter.FilterChainImpl.connection_connect(FilterChainImpl.java:132) ~[druid-1.2.27.jar:?]
	at com.alibaba.druid.filter.FilterAdapter.connection_connect(FilterAdapter.java:764) ~[druid-1.2.27.jar:?]
	at com.alibaba.druid.filter.FilterEventAdapter.connection_connect(FilterEventAdapter.java:33) ~[druid-1.2.27.jar:?]
	at com.alibaba.druid.filter.FilterChainImpl.connection_connect(FilterChainImpl.java:126) ~[druid-1.2.27.jar:?]
	at com.alibaba.druid.filter.FilterAdapter.connection_connect(FilterAdapter.java:764) ~[druid-1.2.27.jar:?]
	at com.alibaba.druid.filter.FilterChainImpl.connection_connect(FilterChainImpl.java:126) ~[druid-1.2.27.jar:?]
	at com.alibaba.druid.filter.stat.StatFilter.connection_connect(StatFilter.java:244) ~[druid-1.2.27.jar:?]
	at com.alibaba.druid.filter.FilterChainImpl.connection_connect(FilterChainImpl.java:126) ~[druid-1.2.27.jar:?]
	at com.alibaba.druid.pool.DruidAbstractDataSource.createPhysicalConnection(DruidAbstractDataSource.java:1695) ~[druid-1.2.27.jar:?]
	at com.alibaba.druid.pool.DruidAbstractDataSource.createPhysicalConnection(DruidAbstractDataSource.java:1811) ~[druid-1.2.27.jar:?]
	at com.alibaba.druid.pool.DruidDataSource$CreateConnectionThread.run(DruidDataSource.java:2793) ~[druid-1.2.27.jar:?]
Caused by: com.mysql.cj.exceptions.CJCommunicationsException: Communications link failure

The last packet sent successfully to the server was 0 milliseconds ago. The driver has not received any packets from the server.
	at jdk.internal.reflect.DirectConstructorHandleAccessor.newInstance(DirectConstructorHandleAccessor.java:62) ~[?:?]
	at java.lang.reflect.Constructor.newInstanceWithCaller(Constructor.java:502) ~[?:?]
	at java.lang.reflect.Constructor.newInstance(Constructor.java:486) ~[?:?]
	at com.mysql.cj.exceptions.ExceptionFactory.createException(ExceptionFactory.java:62) ~[mysql-connector-j-8.0.33.jar:8.0.33]
	at com.mysql.cj.exceptions.ExceptionFactory.createException(ExceptionFactory.java:105) ~[mysql-connector-j-8.0.33.jar:8.0.33]
	at com.mysql.cj.exceptions.ExceptionFactory.createException(ExceptionFactory.java:150) ~[mysql-connector-j-8.0.33.jar:8.0.33]
	at com.mysql.cj.exceptions.ExceptionFactory.createCommunicationsException(ExceptionFactory.java:166) ~[mysql-connector-j-8.0.33.jar:8.0.33]
	at com.mysql.cj.protocol.a.NativeSocketConnection.connect(NativeSocketConnection.java:89) ~[mysql-connector-j-8.0.33.jar:8.0.33]
	at com.mysql.cj.NativeSession.connect(NativeSession.java:121) ~[mysql-connector-j-8.0.33.jar:8.0.33]
	at com.mysql.cj.jdbc.ConnectionImpl.connectOneTryOnly(ConnectionImpl.java:945) ~[mysql-connector-j-8.0.33.jar:8.0.33]
	at com.mysql.cj.jdbc.ConnectionImpl.createNewIO(ConnectionImpl.java:815) ~[mysql-connector-j-8.0.33.jar:8.0.33]
	... 14 more
Caused by: java.net.ConnectException: Connection refused: connect
	at sun.nio.ch.Net.connect0(Native Method) ~[?:?]
	at sun.nio.ch.Net.connect(Net.java:589) ~[?:?]
	at sun.nio.ch.Net.connect(Net.java:578) ~[?:?]
	at sun.nio.ch.NioSocketImpl.connect(NioSocketImpl.java:583) ~[?:?]
	at java.net.SocksSocketImpl.connect(SocksSocketImpl.java:327) ~[?:?]
	at java.net.Socket.connect(Socket.java:751) ~[?:?]
	at com.mysql.cj.protocol.StandardSocketFactory.connect(StandardSocketFactory.java:153) ~[mysql-connector-j-8.0.33.jar:8.0.33]
	at com.mysql.cj.protocol.a.NativeSocketConnection.connect(NativeSocketConnection.java:63) ~[mysql-connector-j-8.0.33.jar:8.0.33]
	at com.mysql.cj.NativeSession.connect(NativeSession.java:121) ~[mysql-connector-j-8.0.33.jar:8.0.33]
	at com.mysql.cj.jdbc.ConnectionImpl.connectOneTryOnly(ConnectionImpl.java:945) ~[mysql-connector-j-8.0.33.jar:8.0.33]
	at com.mysql.cj.jdbc.ConnectionImpl.createNewIO(ConnectionImpl.java:815) ~[mysql-connector-j-8.0.33.jar:8.0.33]
	... 14 more
[2026-02-24 00:36:21.685] [INFO ][Druid-ConnectionPool-Create-700603324][DruidAbstractDataSource] {dataSource-1} failContinuous is true
[2026-02-24 00:36:21.686] [INFO ][main][StandardService] Stopping service [Tomcat]
[2026-02-24 00:43:05.378] [INFO ][background-preinit][Version] HV000001: Hibernate Validator 8.0.3.Final
[2026-02-24 00:43:05.424] [INFO ][main][LibraryAdminApplication] Starting LibraryAdminApplication using Java 21.0.6 with PID 33140 (E:\library\library\library-admin\target\classes started by shent in E:\library\library)
[2026-02-24 00:43:05.428] [INFO ][main][LibraryAdminApplication] The following 1 profile is active: "dev"
[2026-02-24 00:43:06.820] [INFO ][main][Http11NioProtocol] Initializing ProtocolHandler ["http-nio-8080"]
[2026-02-24 00:43:06.821] [INFO ][main][StandardService] Starting service [Tomcat]
[2026-02-24 00:43:06.822] [INFO ][main][StandardEngine] Starting Servlet engine: [Apache Tomcat/10.1.50]
[2026-02-24 00:43:06.877] [INFO ][main][[/api/library]] Initializing Spring embedded WebApplicationContext
[2026-02-24 00:43:07.003] [INFO ][main][DruidDataSourceAutoConfigure] Init DruidDataSource
[2026-02-24 00:43:07.284] [ERROR][main][DruidDataSource] init datasource error, url: jdbc:mysql://127.0.0.1:3306/library_v1?useUnicode=true&characterEncoding=UTF-8&serverTimezone=Asia/Taipei&rewriteBatchedStatements=true&allowPublicKeyRetrieval=true&useSSL=false
java.sql.SQLException: Access denied for user 'mike'@'localhost' (using password: YES)
	at com.mysql.cj.jdbc.exceptions.SQLError.createSQLException(SQLError.java:130) ~[mysql-connector-j-8.0.33.jar:8.0.33]
	at com.mysql.cj.jdbc.exceptions.SQLExceptionsMapping.translateException(SQLExceptionsMapping.java:122) ~[mysql-connector-j-8.0.33.jar:8.0.33]
	at com.mysql.cj.jdbc.ConnectionImpl.createNewIO(ConnectionImpl.java:825) ~[mysql-connector-j-8.0.33.jar:8.0.33]
	at com.mysql.cj.jdbc.ConnectionImpl.<init>(ConnectionImpl.java:446) ~[mysql-connector-j-8.0.33.jar:8.0.33]
	at com.mysql.cj.jdbc.ConnectionImpl.getInstance(ConnectionImpl.java:239) ~[mysql-connector-j-8.0.33.jar:8.0.33]
	at com.mysql.cj.jdbc.NonRegisteringDriver.connect(NonRegisteringDriver.java:188) ~[mysql-connector-j-8.0.33.jar:8.0.33]
	at com.alibaba.druid.filter.FilterChainImpl.connection_connect(FilterChainImpl.java:132) ~[druid-1.2.27.jar:?]
	at com.alibaba.druid.filter.FilterAdapter.connection_connect(FilterAdapter.java:764) ~[druid-1.2.27.jar:?]
	at com.alibaba.druid.filter.FilterEventAdapter.connection_connect(FilterEventAdapter.java:33) ~[druid-1.2.27.jar:?]
	at com.alibaba.druid.filter.FilterChainImpl.connection_connect(FilterChainImpl.java:126) ~[druid-1.2.27.jar:?]
	at com.alibaba.druid.filter.FilterAdapter.connection_connect(FilterAdapter.java:764) ~[druid-1.2.27.jar:?]
	at com.alibaba.druid.filter.FilterChainImpl.connection_connect(FilterChainImpl.java:126) ~[druid-1.2.27.jar:?]
	at com.alibaba.druid.filter.stat.StatFilter.connection_connect(StatFilter.java:244) ~[druid-1.2.27.jar:?]
	at com.alibaba.druid.filter.FilterChainImpl.connection_connect(FilterChainImpl.java:126) ~[druid-1.2.27.jar:?]
	at com.alibaba.druid.pool.DruidAbstractDataSource.createPhysicalConnection(DruidAbstractDataSource.java:1695) ~[druid-1.2.27.jar:?]
	at com.alibaba.druid.pool.DruidAbstractDataSource.createPhysicalConnection(DruidAbstractDataSource.java:1811) ~[druid-1.2.27.jar:?]
	at com.alibaba.druid.pool.DruidDataSource.init(DruidDataSource.java:787) ~[druid-1.2.27.jar:?]
	at com.alibaba.druid.spring.boot3.autoconfigure.DruidDataSourceWrapper.afterPropertiesSet(DruidDataSourceWrapper.java:51) ~[druid-spring-boot-3-starter-1.2.27.jar:?]
	at org.springframework.beans.factory.support.AbstractAutowireCapableBeanFactory.invokeInitMethods(AbstractAutowireCapableBeanFactory.java:1873) ~[spring-beans-6.2.15.jar:6.2.15]
	at org.springframework.beans.factory.support.AbstractAutowireCapableBeanFactory.initializeBean(AbstractAutowireCapableBeanFactory.java:1822) ~[spring-beans-6.2.15.jar:6.2.15]
	at org.springframework.beans.factory.support.AbstractAutowireCapableBeanFactory.doCreateBean(AbstractAutowireCapableBeanFactory.java:607) ~[spring-beans-6.2.15.jar:6.2.15]
	at org.springframework.beans.factory.support.AbstractAutowireCapableBeanFactory.createBean(AbstractAutowireCapableBeanFactory.java:529) ~[spring-beans-6.2.15.jar:6.2.15]
	at org.springframework.beans.factory.support.AbstractBeanFactory.lambda$doGetBean$0(AbstractBeanFactory.java:339) ~[spring-beans-6.2.15.jar:6.2.15]
	at org.springframework.beans.factory.support.DefaultSingletonBeanRegistry.getSingleton(DefaultSingletonBeanRegistry.java:373) ~[spring-beans-6.2.15.jar:6.2.15]
	at org.springframework.beans.factory.support.AbstractBeanFactory.doGetBean(AbstractBeanFactory.java:337) ~[spring-beans-6.2.15.jar:6.2.15]
	at org.springframework.beans.factory.support.AbstractBeanFactory.getBean(AbstractBeanFactory.java:202) ~[spring-beans-6.2.15.jar:6.2.15]
	at org.springframework.beans.factory.support.DefaultListableBeanFactory.doResolveDependency(DefaultListableBeanFactory.java:1708) ~[spring-beans-6.2.15.jar:6.2.15]
	at org.springframework.beans.factory.support.DefaultListableBeanFactory.resolveDependency(DefaultListableBeanFactory.java:1653) ~[spring-beans-6.2.15.jar:6.2.15]
	at org.springframework.beans.factory.support.ConstructorResolver.resolveAutowiredArgument(ConstructorResolver.java:913) ~[spring-beans-6.2.15.jar:6.2.15]
	at org.springframework.beans.factory.support.ConstructorResolver.createArgumentArray(ConstructorResolver.java:791) ~[spring-beans-6.2.15.jar:6.2.15]
	at org.springframework.beans.factory.support.ConstructorResolver.instantiateUsingFactoryMethod(ConstructorResolver.java:546) ~[spring-beans-6.2.15.jar:6.2.15]
	at org.springframework.beans.factory.support.AbstractAutowireCapableBeanFactory.instantiateUsingFactoryMethod(AbstractAutowireCapableBeanFactory.java:1375) ~[spring-beans-6.2.15.jar:6.2.15]
	at org.springframework.beans.factory.support.AbstractAutowireCapableBeanFactory.createBeanInstance(AbstractAutowireCapableBeanFactory.java:1205) ~[spring-beans-6.2.15.jar:6.2.15]
	at org.springframework.beans.factory.support.AbstractAutowireCapableBeanFactory.doCreateBean(AbstractAutowireCapableBeanFactory.java:569) ~[spring-beans-6.2.15.jar:6.2.15]
	at org.springframework.beans.factory.support.AbstractAutowireCapableBeanFactory.createBean(AbstractAutowireCapableBeanFactory.java:529) ~[spring-beans-6.2.15.jar:6.2.15]
	at org.springframework.beans.factory.support.AbstractBeanFactory.lambda$doGetBean$0(AbstractBeanFactory.java:339) ~[spring-beans-6.2.15.jar:6.2.15]
	at org.springframework.beans.factory.support.DefaultSingletonBeanRegistry.getSingleton(DefaultSingletonBeanRegistry.java:373) ~[spring-beans-6.2.15.jar:6.2.15]
	at org.springframework.beans.factory.support.AbstractBeanFactory.doGetBean(AbstractBeanFactory.java:337) ~[spring-beans-6.2.15.jar:6.2.15]
	at org.springframework.beans.factory.support.AbstractBeanFactory.getBean(AbstractBeanFactory.java:202) ~[spring-beans-6.2.15.jar:6.2.15]
	at org.springframework.beans.factory.config.DependencyDescriptor.resolveCandidate(DependencyDescriptor.java:254) ~[spring-beans-6.2.15.jar:6.2.15]
	at org.springframework.beans.factory.support.DefaultListableBeanFactory.doResolveDependency(DefaultListableBeanFactory.java:1770) ~[spring-beans-6.2.15.jar:6.2.15]
	at org.springframework.beans.factory.support.DefaultListableBeanFactory.resolveDependency(DefaultListableBeanFactory.java:1653) ~[spring-beans-6.2.15.jar:6.2.15]
	at org.springframework.beans.factory.support.AbstractAutowireCapableBeanFactory.autowireByType(AbstractAutowireCapableBeanFactory.java:1541) ~[spring-beans-6.2.15.jar:6.2.15]
	at org.springframework.beans.factory.support.AbstractAutowireCapableBeanFactory.populateBean(AbstractAutowireCapableBeanFactory.java:1450) ~[spring-beans-6.2.15.jar:6.2.15]
	at org.springframework.beans.factory.support.AbstractAutowireCapableBeanFactory.doCreateBean(AbstractAutowireCapableBeanFactory.java:606) ~[spring-beans-6.2.15.jar:6.2.15]
	at org.springframework.beans.factory.support.AbstractAutowireCapableBeanFactory.createBean(AbstractAutowireCapableBeanFactory.java:529) ~[spring-beans-6.2.15.jar:6.2.15]
	at org.springframework.beans.factory.support.AbstractBeanFactory.lambda$doGetBean$0(AbstractBeanFactory.java:339) ~[spring-beans-6.2.15.jar:6.2.15]
	at org.springframework.beans.factory.support.DefaultSingletonBeanRegistry.getSingleton(DefaultSingletonBeanRegistry.java:373) ~[spring-beans-6.2.15.jar:6.2.15]
	at org.springframework.beans.factory.support.AbstractBeanFactory.doGetBean(AbstractBeanFactory.java:337) ~[spring-beans-6.2.15.jar:6.2.15]
	at org.springframework.beans.factory.support.AbstractBeanFactory.getBean(AbstractBeanFactory.java:207) ~[spring-beans-6.2.15.jar:6.2.15]
	at org.springframework.beans.factory.support.AbstractAutowireCapableBeanFactory.resolveBeanByName(AbstractAutowireCapableBeanFactory.java:468) ~[spring-beans-6.2.15.jar:6.2.15]
	at org.springframework.context.annotation.CommonAnnotationBeanPostProcessor.autowireResource(CommonAnnotationBeanPostProcessor.java:605) ~[spring-context-6.2.15.jar:6.2.15]
	at org.springframework.context.annotation.CommonAnnotationBeanPostProcessor.getResource(CommonAnnotationBeanPostProcessor.java:576) ~[spring-context-6.2.15.jar:6.2.15]
	at org.springframework.context.annotation.CommonAnnotationBeanPostProcessor$ResourceElement.getResourceToInject(CommonAnnotationBeanPostProcessor.java:738) ~[spring-context-6.2.15.jar:6.2.15]
	at org.springframework.beans.factory.annotation.InjectionMetadata$InjectedElement.inject(InjectionMetadata.java:272) ~[spring-beans-6.2.15.jar:6.2.15]
	at org.springframework.beans.factory.annotation.InjectionMetadata.inject(InjectionMetadata.java:146) ~[spring-beans-6.2.15.jar:6.2.15]
	at org.springframework.context.annotation.CommonAnnotationBeanPostProcessor.postProcessProperties(CommonAnnotationBeanPostProcessor.java:369) ~[spring-context-6.2.15.jar:6.2.15]
	at org.springframework.beans.factory.support.AbstractAutowireCapableBeanFactory.populateBean(AbstractAutowireCapableBeanFactory.java:1459) ~[spring-beans-6.2.15.jar:6.2.15]
	at org.springframework.beans.factory.support.AbstractAutowireCapableBeanFactory.doCreateBean(AbstractAutowireCapableBeanFactory.java:606) ~[spring-beans-6.2.15.jar:6.2.15]
	at org.springframework.beans.factory.support.AbstractAutowireCapableBeanFactory.createBean(AbstractAutowireCapableBeanFactory.java:529) ~[spring-beans-6.2.15.jar:6.2.15]
	at org.springframework.beans.factory.support.AbstractBeanFactory.lambda$doGetBean$0(AbstractBeanFactory.java:339) ~[spring-beans-6.2.15.jar:6.2.15]
	at org.springframework.beans.factory.support.DefaultSingletonBeanRegistry.getSingleton(DefaultSingletonBeanRegistry.java:373) ~[spring-beans-6.2.15.jar:6.2.15]
	at org.springframework.beans.factory.support.AbstractBeanFactory.doGetBean(AbstractBeanFactory.java:337) ~[spring-beans-6.2.15.jar:6.2.15]
	at org.springframework.beans.factory.support.AbstractBeanFactory.getBean(AbstractBeanFactory.java:207) ~[spring-beans-6.2.15.jar:6.2.15]
	at org.springframework.beans.factory.support.AbstractAutowireCapableBeanFactory.resolveBeanByName(AbstractAutowireCapableBeanFactory.java:468) ~[spring-beans-6.2.15.jar:6.2.15]
	at org.springframework.context.annotation.CommonAnnotationBeanPostProcessor.autowireResource(CommonAnnotationBeanPostProcessor.java:605) ~[spring-context-6.2.15.jar:6.2.15]
	at org.springframework.context.annotation.CommonAnnotationBeanPostProcessor.getResource(CommonAnnotationBeanPostProcessor.java:576) ~[spring-context-6.2.15.jar:6.2.15]
	at org.springframework.context.annotation.CommonAnnotationBeanPostProcessor$ResourceElement.getResourceToInject(CommonAnnotationBeanPostProcessor.java:738) ~[spring-context-6.2.15.jar:6.2.15]
	at org.springframework.beans.factory.annotation.InjectionMetadata$InjectedElement.inject(InjectionMetadata.java:272) ~[spring-beans-6.2.15.jar:6.2.15]
	at org.springframework.beans.factory.annotation.InjectionMetadata.inject(InjectionMetadata.java:146) ~[spring-beans-6.2.15.jar:6.2.15]
	at org.springframework.context.annotation.CommonAnnotationBeanPostProcessor.postProcessProperties(CommonAnnotationBeanPostProcessor.java:369) ~[spring-context-6.2.15.jar:6.2.15]
	at org.springframework.beans.factory.support.AbstractAutowireCapableBeanFactory.populateBean(AbstractAutowireCapableBeanFactory.java:1459) ~[spring-beans-6.2.15.jar:6.2.15]
	at org.springframework.beans.factory.support.AbstractAutowireCapableBeanFactory.doCreateBean(AbstractAutowireCapableBeanFactory.java:606) ~[spring-beans-6.2.15.jar:6.2.15]
	at org.springframework.beans.factory.support.AbstractAutowireCapableBeanFactory.createBean(AbstractAutowireCapableBeanFactory.java:529) ~[spring-beans-6.2.15.jar:6.2.15]
	at org.springframework.beans.factory.support.AbstractBeanFactory.lambda$doGetBean$0(AbstractBeanFactory.java:339) ~[spring-beans-6.2.15.jar:6.2.15]
	at org.springframework.beans.factory.support.DefaultSingletonBeanRegistry.getSingleton(DefaultSingletonBeanRegistry.java:373) ~[spring-beans-6.2.15.jar:6.2.15]
	at org.springframework.beans.factory.support.AbstractBeanFactory.doGetBean(AbstractBeanFactory.java:337) ~[spring-beans-6.2.15.jar:6.2.15]
	at org.springframework.beans.factory.support.AbstractBeanFactory.getBean(AbstractBeanFactory.java:202) ~[spring-beans-6.2.15.jar:6.2.15]
	at org.springframework.beans.factory.support.DefaultListableBeanFactory.instantiateSingleton(DefaultListableBeanFactory.java:1228) ~[spring-beans-6.2.15.jar:6.2.15]
	at org.springframework.beans.factory.support.DefaultListableBeanFactory.preInstantiateSingleton(DefaultListableBeanFactory.java:1194) ~[spring-beans-6.2.15.jar:6.2.15]
	at org.springframework.beans.factory.support.DefaultListableBeanFactory.preInstantiateSingletons(DefaultListableBeanFactory.java:1130) ~[spring-beans-6.2.15.jar:6.2.15]
	at org.springframework.context.support.AbstractApplicationContext.finishBeanFactoryInitialization(AbstractApplicationContext.java:990) ~[spring-context-6.2.15.jar:6.2.15]
	at org.springframework.context.support.AbstractApplicationContext.refresh(AbstractApplicationContext.java:627) ~[spring-context-6.2.15.jar:6.2.15]
	at org.springframework.boot.web.servlet.context.ServletWebServerApplicationContext.refresh(ServletWebServerApplicationContext.java:146) ~[spring-boot-3.5.9.jar:3.5.9]
	at org.springframework.boot.SpringApplication.refresh(SpringApplication.java:752) ~[spring-boot-3.5.9.jar:3.5.9]
	at org.springframework.boot.SpringApplication.refreshContext(SpringApplication.java:439) ~[spring-boot-3.5.9.jar:3.5.9]
	at org.springframework.boot.SpringApplication.run(SpringApplication.java:318) ~[spring-boot-3.5.9.jar:3.5.9]
	at org.springframework.boot.SpringApplication.run(SpringApplication.java:1361) ~[spring-boot-3.5.9.jar:3.5.9]
	at org.springframework.boot.SpringApplication.run(SpringApplication.java:1350) ~[spring-boot-3.5.9.jar:3.5.9]
	at com.library.admin.LibraryAdminApplication.main(LibraryAdminApplication.java:14) ~[classes/:?]
[2026-02-24 00:43:07.285] [ERROR][main][DruidDataSource] {dataSource-1} init error
java.sql.SQLException: Access denied for user 'mike'@'localhost' (using password: YES)
	at com.mysql.cj.jdbc.exceptions.SQLError.createSQLException(SQLError.java:130) ~[mysql-connector-j-8.0.33.jar:8.0.33]
	at com.mysql.cj.jdbc.exceptions.SQLExceptionsMapping.translateException(SQLExceptionsMapping.java:122) ~[mysql-connector-j-8.0.33.jar:8.0.33]
	at com.mysql.cj.jdbc.ConnectionImpl.createNewIO(ConnectionImpl.java:825) ~[mysql-connector-j-8.0.33.jar:8.0.33]
	at com.mysql.cj.jdbc.ConnectionImpl.<init>(ConnectionImpl.java:446) ~[mysql-connector-j-8.0.33.jar:8.0.33]
	at com.mysql.cj.jdbc.ConnectionImpl.getInstance(ConnectionImpl.java:239) ~[mysql-connector-j-8.0.33.jar:8.0.33]
	at com.mysql.cj.jdbc.NonRegisteringDriver.connect(NonRegisteringDriver.java:188) ~[mysql-connector-j-8.0.33.jar:8.0.33]
	at com.alibaba.druid.filter.FilterChainImpl.connection_connect(FilterChainImpl.java:132) ~[druid-1.2.27.jar:?]
	at com.alibaba.druid.filter.FilterAdapter.connection_connect(FilterAdapter.java:764) ~[druid-1.2.27.jar:?]
	at com.alibaba.druid.filter.FilterEventAdapter.connection_connect(FilterEventAdapter.java:33) ~[druid-1.2.27.jar:?]
	at com.alibaba.druid.filter.FilterChainImpl.connection_connect(FilterChainImpl.java:126) ~[druid-1.2.27.jar:?]
	at com.alibaba.druid.filter.FilterAdapter.connection_connect(FilterAdapter.java:764) ~[druid-1.2.27.jar:?]
	at com.alibaba.druid.filter.FilterChainImpl.connection_connect(FilterChainImpl.java:126) ~[druid-1.2.27.jar:?]
	at com.alibaba.druid.filter.stat.StatFilter.connection_connect(StatFilter.java:244) ~[druid-1.2.27.jar:?]
	at com.alibaba.druid.filter.FilterChainImpl.connection_connect(FilterChainImpl.java:126) ~[druid-1.2.27.jar:?]
	at com.alibaba.druid.pool.DruidAbstractDataSource.createPhysicalConnection(DruidAbstractDataSource.java:1695) ~[druid-1.2.27.jar:?]
	at com.alibaba.druid.pool.DruidAbstractDataSource.createPhysicalConnection(DruidAbstractDataSource.java:1811) ~[druid-1.2.27.jar:?]
	at com.alibaba.druid.pool.DruidDataSource.init(DruidDataSource.java:787) ~[druid-1.2.27.jar:?]
	at com.alibaba.druid.spring.boot3.autoconfigure.DruidDataSourceWrapper.afterPropertiesSet(DruidDataSourceWrapper.java:51) ~[druid-spring-boot-3-starter-1.2.27.jar:?]
	at org.springframework.beans.factory.support.AbstractAutowireCapableBeanFactory.invokeInitMethods(AbstractAutowireCapableBeanFactory.java:1873) ~[spring-beans-6.2.15.jar:6.2.15]
	at org.springframework.beans.factory.support.AbstractAutowireCapableBeanFactory.initializeBean(AbstractAutowireCapableBeanFactory.java:1822) ~[spring-beans-6.2.15.jar:6.2.15]
	at org.springframework.beans.factory.support.AbstractAutowireCapableBeanFactory.doCreateBean(AbstractAutowireCapableBeanFactory.java:607) ~[spring-beans-6.2.15.jar:6.2.15]
	at org.springframework.beans.factory.support.AbstractAutowireCapableBeanFactory.createBean(AbstractAutowireCapableBeanFactory.java:529) ~[spring-beans-6.2.15.jar:6.2.15]
	at org.springframework.beans.factory.support.AbstractBeanFactory.lambda$doGetBean$0(AbstractBeanFactory.java:339) ~[spring-beans-6.2.15.jar:6.2.15]
	at org.springframework.beans.factory.support.DefaultSingletonBeanRegistry.getSingleton(DefaultSingletonBeanRegistry.java:373) ~[spring-beans-6.2.15.jar:6.2.15]
	at org.springframework.beans.factory.support.AbstractBeanFactory.doGetBean(AbstractBeanFactory.java:337) ~[spring-beans-6.2.15.jar:6.2.15]
	at org.springframework.beans.factory.support.AbstractBeanFactory.getBean(AbstractBeanFactory.java:202) ~[spring-beans-6.2.15.jar:6.2.15]
	at org.springframework.beans.factory.support.DefaultListableBeanFactory.doResolveDependency(DefaultListableBeanFactory.java:1708) ~[spring-beans-6.2.15.jar:6.2.15]
	at org.springframework.beans.factory.support.DefaultListableBeanFactory.resolveDependency(DefaultListableBeanFactory.java:1653) ~[spring-beans-6.2.15.jar:6.2.15]
	at org.springframework.beans.factory.support.ConstructorResolver.resolveAutowiredArgument(ConstructorResolver.java:913) ~[spring-beans-6.2.15.jar:6.2.15]
	at org.springframework.beans.factory.support.ConstructorResolver.createArgumentArray(ConstructorResolver.java:791) ~[spring-beans-6.2.15.jar:6.2.15]
	at org.springframework.beans.factory.support.ConstructorResolver.instantiateUsingFactoryMethod(ConstructorResolver.java:546) ~[spring-beans-6.2.15.jar:6.2.15]
	at org.springframework.beans.factory.support.AbstractAutowireCapableBeanFactory.instantiateUsingFactoryMethod(AbstractAutowireCapableBeanFactory.java:1375) ~[spring-beans-6.2.15.jar:6.2.15]
	at org.springframework.beans.factory.support.AbstractAutowireCapableBeanFactory.createBeanInstance(AbstractAutowireCapableBeanFactory.java:1205) ~[spring-beans-6.2.15.jar:6.2.15]
	at org.springframework.beans.factory.support.AbstractAutowireCapableBeanFactory.doCreateBean(AbstractAutowireCapableBeanFactory.java:569) ~[spring-beans-6.2.15.jar:6.2.15]
	at org.springframework.beans.factory.support.AbstractAutowireCapableBeanFactory.createBean(AbstractAutowireCapableBeanFactory.java:529) ~[spring-beans-6.2.15.jar:6.2.15]
	at org.springframework.beans.factory.support.AbstractBeanFactory.lambda$doGetBean$0(AbstractBeanFactory.java:339) ~[spring-beans-6.2.15.jar:6.2.15]
	at org.springframework.beans.factory.support.DefaultSingletonBeanRegistry.getSingleton(DefaultSingletonBeanRegistry.java:373) ~[spring-beans-6.2.15.jar:6.2.15]
	at org.springframework.beans.factory.support.AbstractBeanFactory.doGetBean(AbstractBeanFactory.java:337) ~[spring-beans-6.2.15.jar:6.2.15]
	at org.springframework.beans.factory.support.AbstractBeanFactory.getBean(AbstractBeanFactory.java:202) ~[spring-beans-6.2.15.jar:6.2.15]
	at org.springframework.beans.factory.config.DependencyDescriptor.resolveCandidate(DependencyDescriptor.java:254) ~[spring-beans-6.2.15.jar:6.2.15]
	at org.springframework.beans.factory.support.DefaultListableBeanFactory.doResolveDependency(DefaultListableBeanFactory.java:1770) ~[spring-beans-6.2.15.jar:6.2.15]
	at org.springframework.beans.factory.support.DefaultListableBeanFactory.resolveDependency(DefaultListableBeanFactory.java:1653) ~[spring-beans-6.2.15.jar:6.2.15]
	at org.springframework.beans.factory.support.AbstractAutowireCapableBeanFactory.autowireByType(AbstractAutowireCapableBeanFactory.java:1541) ~[spring-beans-6.2.15.jar:6.2.15]
	at org.springframework.beans.factory.support.AbstractAutowireCapableBeanFactory.populateBean(AbstractAutowireCapableBeanFactory.java:1450) ~[spring-beans-6.2.15.jar:6.2.15]
	at org.springframework.beans.factory.support.AbstractAutowireCapableBeanFactory.doCreateBean(AbstractAutowireCapableBeanFactory.java:606) ~[spring-beans-6.2.15.jar:6.2.15]
	at org.springframework.beans.factory.support.AbstractAutowireCapableBeanFactory.createBean(AbstractAutowireCapableBeanFactory.java:529) ~[spring-beans-6.2.15.jar:6.2.15]
	at org.springframework.beans.factory.support.AbstractBeanFactory.lambda$doGetBean$0(AbstractBeanFactory.java:339) ~[spring-beans-6.2.15.jar:6.2.15]
	at org.springframework.beans.factory.support.DefaultSingletonBeanRegistry.getSingleton(DefaultSingletonBeanRegistry.java:373) ~[spring-beans-6.2.15.jar:6.2.15]
	at org.springframework.beans.factory.support.AbstractBeanFactory.doGetBean(AbstractBeanFactory.java:337) ~[spring-beans-6.2.15.jar:6.2.15]
	at org.springframework.beans.factory.support.AbstractBeanFactory.getBean(AbstractBeanFactory.java:207) ~[spring-beans-6.2.15.jar:6.2.15]
	at org.springframework.beans.factory.support.AbstractAutowireCapableBeanFactory.resolveBeanByName(AbstractAutowireCapableBeanFactory.java:468) ~[spring-beans-6.2.15.jar:6.2.15]
	at org.springframework.context.annotation.CommonAnnotationBeanPostProcessor.autowireResource(CommonAnnotationBeanPostProcessor.java:605) ~[spring-context-6.2.15.jar:6.2.15]
	at org.springframework.context.annotation.CommonAnnotationBeanPostProcessor.getResource(CommonAnnotationBeanPostProcessor.java:576) ~[spring-context-6.2.15.jar:6.2.15]
	at org.springframework.context.annotation.CommonAnnotationBeanPostProcessor$ResourceElement.getResourceToInject(CommonAnnotationBeanPostProcessor.java:738) ~[spring-context-6.2.15.jar:6.2.15]
	at org.springframework.beans.factory.annotation.InjectionMetadata$InjectedElement.inject(InjectionMetadata.java:272) ~[spring-beans-6.2.15.jar:6.2.15]
	at org.springframework.beans.factory.annotation.InjectionMetadata.inject(InjectionMetadata.java:146) ~[spring-beans-6.2.15.jar:6.2.15]
	at org.springframework.context.annotation.CommonAnnotationBeanPostProcessor.postProcessProperties(CommonAnnotationBeanPostProcessor.java:369) ~[spring-context-6.2.15.jar:6.2.15]
	at org.springframework.beans.factory.support.AbstractAutowireCapableBeanFactory.populateBean(AbstractAutowireCapableBeanFactory.java:1459) ~[spring-beans-6.2.15.jar:6.2.15]
	at org.springframework.beans.factory.support.AbstractAutowireCapableBeanFactory.doCreateBean(AbstractAutowireCapableBeanFactory.java:606) ~[spring-beans-6.2.15.jar:6.2.15]
	at org.springframework.beans.factory.support.AbstractAutowireCapableBeanFactory.createBean(AbstractAutowireCapableBeanFactory.java:529) ~[spring-beans-6.2.15.jar:6.2.15]
	at org.springframework.beans.factory.support.AbstractBeanFactory.lambda$doGetBean$0(AbstractBeanFactory.java:339) ~[spring-beans-6.2.15.jar:6.2.15]
	at org.springframework.beans.factory.support.DefaultSingletonBeanRegistry.getSingleton(DefaultSingletonBeanRegistry.java:373) ~[spring-beans-6.2.15.jar:6.2.15]
	at org.springframework.beans.factory.support.AbstractBeanFactory.doGetBean(AbstractBeanFactory.java:337) ~[spring-beans-6.2.15.jar:6.2.15]
	at org.springframework.beans.factory.support.AbstractBeanFactory.getBean(AbstractBeanFactory.java:207) ~[spring-beans-6.2.15.jar:6.2.15]
	at org.springframework.beans.factory.support.AbstractAutowireCapableBeanFactory.resolveBeanByName(AbstractAutowireCapableBeanFactory.java:468) ~[spring-beans-6.2.15.jar:6.2.15]
	at org.springframework.context.annotation.CommonAnnotationBeanPostProcessor.autowireResource(CommonAnnotationBeanPostProcessor.java:605) ~[spring-context-6.2.15.jar:6.2.15]
	at org.springframework.context.annotation.CommonAnnotationBeanPostProcessor.getResource(CommonAnnotationBeanPostProcessor.java:576) ~[spring-context-6.2.15.jar:6.2.15]
	at org.springframework.context.annotation.CommonAnnotationBeanPostProcessor$ResourceElement.getResourceToInject(CommonAnnotationBeanPostProcessor.java:738) ~[spring-context-6.2.15.jar:6.2.15]
	at org.springframework.beans.factory.annotation.InjectionMetadata$InjectedElement.inject(InjectionMetadata.java:272) ~[spring-beans-6.2.15.jar:6.2.15]
	at org.springframework.beans.factory.annotation.InjectionMetadata.inject(InjectionMetadata.java:146) ~[spring-beans-6.2.15.jar:6.2.15]
	at org.springframework.context.annotation.CommonAnnotationBeanPostProcessor.postProcessProperties(CommonAnnotationBeanPostProcessor.java:369) ~[spring-context-6.2.15.jar:6.2.15]
	at org.springframework.beans.factory.support.AbstractAutowireCapableBeanFactory.populateBean(AbstractAutowireCapableBeanFactory.java:1459) ~[spring-beans-6.2.15.jar:6.2.15]
	at org.springframework.beans.factory.support.AbstractAutowireCapableBeanFactory.doCreateBean(AbstractAutowireCapableBeanFactory.java:606) ~[spring-beans-6.2.15.jar:6.2.15]
	at org.springframework.beans.factory.support.AbstractAutowireCapableBeanFactory.createBean(AbstractAutowireCapableBeanFactory.java:529) ~[spring-beans-6.2.15.jar:6.2.15]
	at org.springframework.beans.factory.support.AbstractBeanFactory.lambda$doGetBean$0(AbstractBeanFactory.java:339) ~[spring-beans-6.2.15.jar:6.2.15]
	at org.springframework.beans.factory.support.DefaultSingletonBeanRegistry.getSingleton(DefaultSingletonBeanRegistry.java:373) ~[spring-beans-6.2.15.jar:6.2.15]
	at org.springframework.beans.factory.support.AbstractBeanFactory.doGetBean(AbstractBeanFactory.java:337) ~[spring-beans-6.2.15.jar:6.2.15]
	at org.springframework.beans.factory.support.AbstractBeanFactory.getBean(AbstractBeanFactory.java:202) ~[spring-beans-6.2.15.jar:6.2.15]
	at org.springframework.beans.factory.support.DefaultListableBeanFactory.instantiateSingleton(DefaultListableBeanFactory.java:1228) ~[spring-beans-6.2.15.jar:6.2.15]
	at org.springframework.beans.factory.support.DefaultListableBeanFactory.preInstantiateSingleton(DefaultListableBeanFactory.java:1194) ~[spring-beans-6.2.15.jar:6.2.15]
	at org.springframework.beans.factory.support.DefaultListableBeanFactory.preInstantiateSingletons(DefaultListableBeanFactory.java:1130) ~[spring-beans-6.2.15.jar:6.2.15]
	at org.springframework.context.support.AbstractApplicationContext.finishBeanFactoryInitialization(AbstractApplicationContext.java:990) ~[spring-context-6.2.15.jar:6.2.15]
	at org.springframework.context.support.AbstractApplicationContext.refresh(AbstractApplicationContext.java:627) ~[spring-context-6.2.15.jar:6.2.15]
	at org.springframework.boot.web.servlet.context.ServletWebServerApplicationContext.refresh(ServletWebServerApplicationContext.java:146) ~[spring-boot-3.5.9.jar:3.5.9]
	at org.springframework.boot.SpringApplication.refresh(SpringApplication.java:752) ~[spring-boot-3.5.9.jar:3.5.9]
	at org.springframework.boot.SpringApplication.refreshContext(SpringApplication.java:439) ~[spring-boot-3.5.9.jar:3.5.9]
	at org.springframework.boot.SpringApplication.run(SpringApplication.java:318) ~[spring-boot-3.5.9.jar:3.5.9]
	at org.springframework.boot.SpringApplication.run(SpringApplication.java:1361) ~[spring-boot-3.5.9.jar:3.5.9]
	at org.springframework.boot.SpringApplication.run(SpringApplication.java:1350) ~[spring-boot-3.5.9.jar:3.5.9]
	at com.library.admin.LibraryAdminApplication.main(LibraryAdminApplication.java:14) ~[classes/:?]
[2026-02-24 00:43:07.285] [INFO ][main][DruidDataSource] {dataSource-1} inited
[2026-02-24 00:43:07.289] [INFO ][main][StandardService] Stopping service [Tomcat]
[2026-02-24 00:43:07.290] [ERROR][Druid-ConnectionPool-Create-1903856246][DruidDataSource] create connection SQLException, url: jdbc:mysql://127.0.0.1:3306/library_v1?useUnicode=true&characterEncoding=UTF-8&serverTimezone=Asia/Taipei&rewriteBatchedStatements=true&allowPublicKeyRetrieval=true&useSSL=false, errorCode 1045, state 28000
java.sql.SQLException: Access denied for user 'mike'@'localhost' (using password: YES)
	at com.mysql.cj.jdbc.exceptions.SQLError.createSQLException(SQLError.java:130) ~[mysql-connector-j-8.0.33.jar:8.0.33]
	at com.mysql.cj.jdbc.exceptions.SQLExceptionsMapping.translateException(SQLExceptionsMapping.java:122) ~[mysql-connector-j-8.0.33.jar:8.0.33]
	at com.mysql.cj.jdbc.ConnectionImpl.createNewIO(ConnectionImpl.java:825) ~[mysql-connector-j-8.0.33.jar:8.0.33]
	at com.mysql.cj.jdbc.ConnectionImpl.<init>(ConnectionImpl.java:446) ~[mysql-connector-j-8.0.33.jar:8.0.33]
	at com.mysql.cj.jdbc.ConnectionImpl.getInstance(ConnectionImpl.java:239) ~[mysql-connector-j-8.0.33.jar:8.0.33]
	at com.mysql.cj.jdbc.NonRegisteringDriver.connect(NonRegisteringDriver.java:188) ~[mysql-connector-j-8.0.33.jar:8.0.33]
	at com.alibaba.druid.filter.FilterChainImpl.connection_connect(FilterChainImpl.java:132) ~[druid-1.2.27.jar:?]
	at com.alibaba.druid.filter.FilterAdapter.connection_connect(FilterAdapter.java:764) ~[druid-1.2.27.jar:?]
	at com.alibaba.druid.filter.FilterEventAdapter.connection_connect(FilterEventAdapter.java:33) ~[druid-1.2.27.jar:?]
	at com.alibaba.druid.filter.FilterChainImpl.connection_connect(FilterChainImpl.java:126) ~[druid-1.2.27.jar:?]
	at com.alibaba.druid.filter.FilterAdapter.connection_connect(FilterAdapter.java:764) ~[druid-1.2.27.jar:?]
	at com.alibaba.druid.filter.FilterChainImpl.connection_connect(FilterChainImpl.java:126) ~[druid-1.2.27.jar:?]
	at com.alibaba.druid.filter.stat.StatFilter.connection_connect(StatFilter.java:244) ~[druid-1.2.27.jar:?]
	at com.alibaba.druid.filter.FilterChainImpl.connection_connect(FilterChainImpl.java:126) ~[druid-1.2.27.jar:?]
	at com.alibaba.druid.pool.DruidAbstractDataSource.createPhysicalConnection(DruidAbstractDataSource.java:1695) ~[druid-1.2.27.jar:?]
	at com.alibaba.druid.pool.DruidAbstractDataSource.createPhysicalConnection(DruidAbstractDataSource.java:1811) ~[druid-1.2.27.jar:?]
	at com.alibaba.druid.pool.DruidDataSource$CreateConnectionThread.run(DruidDataSource.java:2793) ~[druid-1.2.27.jar:?]
[2026-02-24 00:43:07.296] [ERROR][Druid-ConnectionPool-Create-1903856246][DruidDataSource] create connection SQLException, url: jdbc:mysql://127.0.0.1:3306/library_v1?useUnicode=true&characterEncoding=UTF-8&serverTimezone=Asia/Taipei&rewriteBatchedStatements=true&allowPublicKeyRetrieval=true&useSSL=false, errorCode 1045, state 28000
java.sql.SQLException: Access denied for user 'mike'@'localhost' (using password: YES)
	at com.mysql.cj.jdbc.exceptions.SQLError.createSQLException(SQLError.java:130) ~[mysql-connector-j-8.0.33.jar:8.0.33]
	at com.mysql.cj.jdbc.exceptions.SQLExceptionsMapping.translateException(SQLExceptionsMapping.java:122) ~[mysql-connector-j-8.0.33.jar:8.0.33]
	at com.mysql.cj.jdbc.ConnectionImpl.createNewIO(ConnectionImpl.java:825) ~[mysql-connector-j-8.0.33.jar:8.0.33]
	at com.mysql.cj.jdbc.ConnectionImpl.<init>(ConnectionImpl.java:446) ~[mysql-connector-j-8.0.33.jar:8.0.33]
	at com.mysql.cj.jdbc.ConnectionImpl.getInstance(ConnectionImpl.java:239) ~[mysql-connector-j-8.0.33.jar:8.0.33]
	at com.mysql.cj.jdbc.NonRegisteringDriver.connect(NonRegisteringDriver.java:188) ~[mysql-connector-j-8.0.33.jar:8.0.33]
	at com.alibaba.druid.filter.FilterChainImpl.connection_connect(FilterChainImpl.java:132) ~[druid-1.2.27.jar:?]
	at com.alibaba.druid.filter.FilterAdapter.connection_connect(FilterAdapter.java:764) ~[druid-1.2.27.jar:?]
	at com.alibaba.druid.filter.FilterEventAdapter.connection_connect(FilterEventAdapter.java:33) ~[druid-1.2.27.jar:?]
	at com.alibaba.druid.filter.FilterChainImpl.connection_connect(FilterChainImpl.java:126) ~[druid-1.2.27.jar:?]
	at com.alibaba.druid.filter.FilterAdapter.connection_connect(FilterAdapter.java:764) ~[druid-1.2.27.jar:?]
	at com.alibaba.druid.filter.FilterChainImpl.connection_connect(FilterChainImpl.java:126) ~[druid-1.2.27.jar:?]
	at com.alibaba.druid.filter.stat.StatFilter.connection_connect(StatFilter.java:244) ~[druid-1.2.27.jar:?]
	at com.alibaba.druid.filter.FilterChainImpl.connection_connect(FilterChainImpl.java:126) ~[druid-1.2.27.jar:?]
	at com.alibaba.druid.pool.DruidAbstractDataSource.createPhysicalConnection(DruidAbstractDataSource.java:1695) ~[druid-1.2.27.jar:?]
	at com.alibaba.druid.pool.DruidAbstractDataSource.createPhysicalConnection(DruidAbstractDataSource.java:1811) ~[druid-1.2.27.jar:?]
	at com.alibaba.druid.pool.DruidDataSource$CreateConnectionThread.run(DruidDataSource.java:2793) ~[druid-1.2.27.jar:?]
[2026-02-24 00:43:07.296] [INFO ][Druid-ConnectionPool-Create-1903856246][DruidAbstractDataSource] {dataSource-1} failContinuous is true
[2026-02-24 00:45:23.927] [INFO ][background-preinit][Version] HV000001: Hibernate Validator 8.0.3.Final
[2026-02-24 00:45:23.964] [INFO ][main][LibraryAdminApplication] Starting LibraryAdminApplication using Java 21.0.6 with PID 14184 (E:\library\library\library-admin\target\classes started by shent in E:\library\library)
[2026-02-24 00:45:23.967] [INFO ][main][LibraryAdminApplication] The following 1 profile is active: "dev"
[2026-02-24 00:45:25.057] [INFO ][main][Http11NioProtocol] Initializing ProtocolHandler ["http-nio-8080"]
[2026-02-24 00:45:25.058] [INFO ][main][StandardService] Starting service [Tomcat]
[2026-02-24 00:45:25.058] [INFO ][main][StandardEngine] Starting Servlet engine: [Apache Tomcat/10.1.50]
[2026-02-24 00:45:25.111] [INFO ][main][[/api/library]] Initializing Spring embedded WebApplicationContext
[2026-02-24 00:45:25.215] [INFO ][main][DruidDataSourceAutoConfigure] Init DruidDataSource
[2026-02-24 00:45:25.488] [INFO ][main][DruidDataSource] {dataSource-1} inited
[2026-02-24 00:45:25.762] [WARN ][main][FileStorageAutoConfiguration] 没有找到 FileRecorder 的实现类，文件上传之外的部分功能无法正常使用，必须实现该接口才能使用完整功能！
[2026-02-24 00:45:25.777] [INFO ][main][FileStorageServiceBuilder] 加载 MinIO 存储平台：minio-1
[2026-02-24 00:45:25.781] [INFO ][main][FileStorageServiceBuilder] 加载 Amazon S3 存储平台：r2-1
[2026-02-24 00:45:26.452] [INFO ][main][Http11NioProtocol] Starting ProtocolHandler ["http-nio-8080"]
[2026-02-24 00:45:26.475] [INFO ][main][LibraryAdminApplication] Started LibraryAdminApplication in 2.876 seconds (process running for 3.728)
[2026-02-24 00:45:33.163] [INFO ][SpringApplicationShutdownHook][FileStorageService] 销毁存储平台 minio-1 成功
[2026-02-24 00:45:33.163] [INFO ][SpringApplicationShutdownHook][FileStorageService] 销毁存储平台 r2-1 成功
[2026-02-24 00:45:33.164] [INFO ][SpringApplicationShutdownHook][DruidDataSource] {dataSource-1} closing ...
[2026-02-24 00:45:33.166] [INFO ][SpringApplicationShutdownHook][DruidDataSource] {dataSource-1} closed
[2026-02-24 00:52:25.755] [INFO ][background-preinit][Version] HV000001: Hibernate Validator 8.0.3.Final
[2026-02-24 00:52:25.797] [INFO ][main][LibraryAdminApplication] Starting LibraryAdminApplication using Java 21.0.6 with PID 32096 (E:\library\library\library-admin\target\classes started by shent in E:\library\library)
[2026-02-24 00:52:25.801] [INFO ][main][LibraryAdminApplication] The following 1 profile is active: "dev"
[2026-02-24 00:52:27.102] [INFO ][main][Http11NioProtocol] Initializing ProtocolHandler ["http-nio-8080"]
[2026-02-24 00:52:27.104] [INFO ][main][StandardService] Starting service [Tomcat]
[2026-02-24 00:52:27.104] [INFO ][main][StandardEngine] Starting Servlet engine: [Apache Tomcat/10.1.50]
[2026-02-24 00:52:27.150] [INFO ][main][[/api/library]] Initializing Spring embedded WebApplicationContext
[2026-02-24 00:52:27.272] [INFO ][main][DruidDataSourceAutoConfigure] Init DruidDataSource
[2026-02-24 00:52:27.549] [INFO ][main][DruidDataSource] {dataSource-1} inited
[2026-02-24 00:52:27.830] [WARN ][main][FileStorageAutoConfiguration] 没有找到 FileRecorder 的实现类，文件上传之外的部分功能无法正常使用，必须实现该接口才能使用完整功能！
[2026-02-24 00:52:27.844] [INFO ][main][FileStorageServiceBuilder] 加载 MinIO 存储平台：minio-1
[2026-02-24 00:52:27.848] [INFO ][main][FileStorageServiceBuilder] 加载 Amazon S3 存储平台：r2-1
[2026-02-24 00:52:28.475] [INFO ][main][Http11NioProtocol] Starting ProtocolHandler ["http-nio-8080"]
[2026-02-24 00:52:28.496] [INFO ][main][LibraryAdminApplication] Started LibraryAdminApplication in 3.1 seconds (process running for 4.315)
[2026-02-24 00:52:58.062] [INFO ][SpringApplicationShutdownHook][FileStorageService] 销毁存储平台 minio-1 成功
[2026-02-24 00:52:58.062] [INFO ][SpringApplicationShutdownHook][FileStorageService] 销毁存储平台 r2-1 成功
[2026-02-24 00:52:58.063] [INFO ][SpringApplicationShutdownHook][DruidDataSource] {dataSource-1} closing ...
[2026-02-24 00:52:58.071] [INFO ][SpringApplicationShutdownHook][DruidDataSource] {dataSource-1} closed
[2026-02-24 13:17:05.570] [INFO ][background-preinit][Version] HV000001: Hibernate Validator 8.0.3.Final
[2026-02-24 13:17:05.615] [INFO ][main][LibraryAdminApplication] Starting LibraryAdminApplication using Java 21.0.6 with PID 21320 (E:\library\library\library-admin\target\classes started by shent in E:\library\library)
[2026-02-24 13:17:05.619] [INFO ][main][LibraryAdminApplication] The following 1 profile is active: "dev"
[2026-02-24 13:17:06.979] [INFO ][main][Http11NioProtocol] Initializing ProtocolHandler ["http-nio-8080"]
[2026-02-24 13:17:06.981] [INFO ][main][StandardService] Starting service [Tomcat]
[2026-02-24 13:17:06.981] [INFO ][main][StandardEngine] Starting Servlet engine: [Apache Tomcat/10.1.50]
[2026-02-24 13:17:07.026] [INFO ][main][[/api/library]] Initializing Spring embedded WebApplicationContext
[2026-02-24 13:17:07.156] [INFO ][main][DruidDataSourceAutoConfigure] Init DruidDataSource
[2026-02-24 13:17:07.330] [ERROR][main][DruidDataSource] init datasource error, url: jdbc:mysql://127.0.0.1:3307/library_v1?useUnicode=true&characterEncoding=UTF-8&serverTimezone=Asia/Taipei&rewriteBatchedStatements=true&allowPublicKeyRetrieval=true&useSSL=false
com.mysql.cj.jdbc.exceptions.CommunicationsException: Communications link failure

The last packet sent successfully to the server was 0 milliseconds ago. The driver has not received any packets from the server.
	at com.mysql.cj.jdbc.exceptions.SQLError.createCommunicationsException(SQLError.java:175) ~[mysql-connector-j-8.0.33.jar:8.0.33]
	at com.mysql.cj.jdbc.exceptions.SQLExceptionsMapping.translateException(SQLExceptionsMapping.java:64) ~[mysql-connector-j-8.0.33.jar:8.0.33]
	at com.mysql.cj.jdbc.ConnectionImpl.createNewIO(ConnectionImpl.java:825) ~[mysql-connector-j-8.0.33.jar:8.0.33]
	at com.mysql.cj.jdbc.ConnectionImpl.<init>(ConnectionImpl.java:446) ~[mysql-connector-j-8.0.33.jar:8.0.33]
	at com.mysql.cj.jdbc.ConnectionImpl.getInstance(ConnectionImpl.java:239) ~[mysql-connector-j-8.0.33.jar:8.0.33]
	at com.mysql.cj.jdbc.NonRegisteringDriver.connect(NonRegisteringDriver.java:188) ~[mysql-connector-j-8.0.33.jar:8.0.33]
	at com.alibaba.druid.filter.FilterChainImpl.connection_connect(FilterChainImpl.java:132) ~[druid-1.2.27.jar:?]
	at com.alibaba.druid.filter.FilterAdapter.connection_connect(FilterAdapter.java:764) ~[druid-1.2.27.jar:?]
	at com.alibaba.druid.filter.FilterEventAdapter.connection_connect(FilterEventAdapter.java:33) ~[druid-1.2.27.jar:?]
	at com.alibaba.druid.filter.FilterChainImpl.connection_connect(FilterChainImpl.java:126) ~[druid-1.2.27.jar:?]
	at com.alibaba.druid.filter.FilterAdapter.connection_connect(FilterAdapter.java:764) ~[druid-1.2.27.jar:?]
	at com.alibaba.druid.filter.FilterChainImpl.connection_connect(FilterChainImpl.java:126) ~[druid-1.2.27.jar:?]
	at com.alibaba.druid.filter.stat.StatFilter.connection_connect(StatFilter.java:244) ~[druid-1.2.27.jar:?]
	at com.alibaba.druid.filter.FilterChainImpl.connection_connect(FilterChainImpl.java:126) ~[druid-1.2.27.jar:?]
	at com.alibaba.druid.pool.DruidAbstractDataSource.createPhysicalConnection(DruidAbstractDataSource.java:1695) ~[druid-1.2.27.jar:?]
	at com.alibaba.druid.pool.DruidAbstractDataSource.createPhysicalConnection(DruidAbstractDataSource.java:1811) ~[druid-1.2.27.jar:?]
	at com.alibaba.druid.pool.DruidDataSource.init(DruidDataSource.java:787) ~[druid-1.2.27.jar:?]
	at com.alibaba.druid.spring.boot3.autoconfigure.DruidDataSourceWrapper.afterPropertiesSet(DruidDataSourceWrapper.java:51) ~[druid-spring-boot-3-starter-1.2.27.jar:?]
	at org.springframework.beans.factory.support.AbstractAutowireCapableBeanFactory.invokeInitMethods(AbstractAutowireCapableBeanFactory.java:1873) ~[spring-beans-6.2.15.jar:6.2.15]
	at org.springframework.beans.factory.support.AbstractAutowireCapableBeanFactory.initializeBean(AbstractAutowireCapableBeanFactory.java:1822) ~[spring-beans-6.2.15.jar:6.2.15]
	at org.springframework.beans.factory.support.AbstractAutowireCapableBeanFactory.doCreateBean(AbstractAutowireCapableBeanFactory.java:607) ~[spring-beans-6.2.15.jar:6.2.15]
	at org.springframework.beans.factory.support.AbstractAutowireCapableBeanFactory.createBean(AbstractAutowireCapableBeanFactory.java:529) ~[spring-beans-6.2.15.jar:6.2.15]
	at org.springframework.beans.factory.support.AbstractBeanFactory.lambda$doGetBean$0(AbstractBeanFactory.java:339) ~[spring-beans-6.2.15.jar:6.2.15]
	at org.springframework.beans.factory.support.DefaultSingletonBeanRegistry.getSingleton(DefaultSingletonBeanRegistry.java:373) ~[spring-beans-6.2.15.jar:6.2.15]
	at org.springframework.beans.factory.support.AbstractBeanFactory.doGetBean(AbstractBeanFactory.java:337) ~[spring-beans-6.2.15.jar:6.2.15]
	at org.springframework.beans.factory.support.AbstractBeanFactory.getBean(AbstractBeanFactory.java:202) ~[spring-beans-6.2.15.jar:6.2.15]
	at org.springframework.beans.factory.support.DefaultListableBeanFactory.doResolveDependency(DefaultListableBeanFactory.java:1708) ~[spring-beans-6.2.15.jar:6.2.15]
	at org.springframework.beans.factory.support.DefaultListableBeanFactory.resolveDependency(DefaultListableBeanFactory.java:1653) ~[spring-beans-6.2.15.jar:6.2.15]
	at org.springframework.beans.factory.support.ConstructorResolver.resolveAutowiredArgument(ConstructorResolver.java:913) ~[spring-beans-6.2.15.jar:6.2.15]
	at org.springframework.beans.factory.support.ConstructorResolver.createArgumentArray(ConstructorResolver.java:791) ~[spring-beans-6.2.15.jar:6.2.15]
	at org.springframework.beans.factory.support.ConstructorResolver.instantiateUsingFactoryMethod(ConstructorResolver.java:546) ~[spring-beans-6.2.15.jar:6.2.15]
	at org.springframework.beans.factory.support.AbstractAutowireCapableBeanFactory.instantiateUsingFactoryMethod(AbstractAutowireCapableBeanFactory.java:1375) ~[spring-beans-6.2.15.jar:6.2.15]
	at org.springframework.beans.factory.support.AbstractAutowireCapableBeanFactory.createBeanInstance(AbstractAutowireCapableBeanFactory.java:1205) ~[spring-beans-6.2.15.jar:6.2.15]
	at org.springframework.beans.factory.support.AbstractAutowireCapableBeanFactory.doCreateBean(AbstractAutowireCapableBeanFactory.java:569) ~[spring-beans-6.2.15.jar:6.2.15]
	at org.springframework.beans.factory.support.AbstractAutowireCapableBeanFactory.createBean(AbstractAutowireCapableBeanFactory.java:529) ~[spring-beans-6.2.15.jar:6.2.15]
	at org.springframework.beans.factory.support.AbstractBeanFactory.lambda$doGetBean$0(AbstractBeanFactory.java:339) ~[spring-beans-6.2.15.jar:6.2.15]
	at org.springframework.beans.factory.support.DefaultSingletonBeanRegistry.getSingleton(DefaultSingletonBeanRegistry.java:373) ~[spring-beans-6.2.15.jar:6.2.15]
	at org.springframework.beans.factory.support.AbstractBeanFactory.doGetBean(AbstractBeanFactory.java:337) ~[spring-beans-6.2.15.jar:6.2.15]
	at org.springframework.beans.factory.support.AbstractBeanFactory.getBean(AbstractBeanFactory.java:202) ~[spring-beans-6.2.15.jar:6.2.15]
	at org.springframework.beans.factory.config.DependencyDescriptor.resolveCandidate(DependencyDescriptor.java:254) ~[spring-beans-6.2.15.jar:6.2.15]
	at org.springframework.beans.factory.support.DefaultListableBeanFactory.doResolveDependency(DefaultListableBeanFactory.java:1770) ~[spring-beans-6.2.15.jar:6.2.15]
	at org.springframework.beans.factory.support.DefaultListableBeanFactory.resolveDependency(DefaultListableBeanFactory.java:1653) ~[spring-beans-6.2.15.jar:6.2.15]
	at org.springframework.beans.factory.support.AbstractAutowireCapableBeanFactory.autowireByType(AbstractAutowireCapableBeanFactory.java:1541) ~[spring-beans-6.2.15.jar:6.2.15]
	at org.springframework.beans.factory.support.AbstractAutowireCapableBeanFactory.populateBean(AbstractAutowireCapableBeanFactory.java:1450) ~[spring-beans-6.2.15.jar:6.2.15]
	at org.springframework.beans.factory.support.AbstractAutowireCapableBeanFactory.doCreateBean(AbstractAutowireCapableBeanFactory.java:606) ~[spring-beans-6.2.15.jar:6.2.15]
	at org.springframework.beans.factory.support.AbstractAutowireCapableBeanFactory.createBean(AbstractAutowireCapableBeanFactory.java:529) ~[spring-beans-6.2.15.jar:6.2.15]
	at org.springframework.beans.factory.support.AbstractBeanFactory.lambda$doGetBean$0(AbstractBeanFactory.java:339) ~[spring-beans-6.2.15.jar:6.2.15]
	at org.springframework.beans.factory.support.DefaultSingletonBeanRegistry.getSingleton(DefaultSingletonBeanRegistry.java:373) ~[spring-beans-6.2.15.jar:6.2.15]
	at org.springframework.beans.factory.support.AbstractBeanFactory.doGetBean(AbstractBeanFactory.java:337) ~[spring-beans-6.2.15.jar:6.2.15]
	at org.springframework.beans.factory.support.AbstractBeanFactory.getBean(AbstractBeanFactory.java:207) ~[spring-beans-6.2.15.jar:6.2.15]
	at org.springframework.beans.factory.support.AbstractAutowireCapableBeanFactory.resolveBeanByName(AbstractAutowireCapableBeanFactory.java:468) ~[spring-beans-6.2.15.jar:6.2.15]
	at org.springframework.context.annotation.CommonAnnotationBeanPostProcessor.autowireResource(CommonAnnotationBeanPostProcessor.java:605) ~[spring-context-6.2.15.jar:6.2.15]
	at org.springframework.context.annotation.CommonAnnotationBeanPostProcessor.getResource(CommonAnnotationBeanPostProcessor.java:576) ~[spring-context-6.2.15.jar:6.2.15]
	at org.springframework.context.annotation.CommonAnnotationBeanPostProcessor$ResourceElement.getResourceToInject(CommonAnnotationBeanPostProcessor.java:738) ~[spring-context-6.2.15.jar:6.2.15]
	at org.springframework.beans.factory.annotation.InjectionMetadata$InjectedElement.inject(InjectionMetadata.java:272) ~[spring-beans-6.2.15.jar:6.2.15]
	at org.springframework.beans.factory.annotation.InjectionMetadata.inject(InjectionMetadata.java:146) ~[spring-beans-6.2.15.jar:6.2.15]
	at org.springframework.context.annotation.CommonAnnotationBeanPostProcessor.postProcessProperties(CommonAnnotationBeanPostProcessor.java:369) ~[spring-context-6.2.15.jar:6.2.15]
	at org.springframework.beans.factory.support.AbstractAutowireCapableBeanFactory.populateBean(AbstractAutowireCapableBeanFactory.java:1459) ~[spring-beans-6.2.15.jar:6.2.15]
	at org.springframework.beans.factory.support.AbstractAutowireCapableBeanFactory.doCreateBean(AbstractAutowireCapableBeanFactory.java:606) ~[spring-beans-6.2.15.jar:6.2.15]
	at org.springframework.beans.factory.support.AbstractAutowireCapableBeanFactory.createBean(AbstractAutowireCapableBeanFactory.java:529) ~[spring-beans-6.2.15.jar:6.2.15]
	at org.springframework.beans.factory.support.AbstractBeanFactory.lambda$doGetBean$0(AbstractBeanFactory.java:339) ~[spring-beans-6.2.15.jar:6.2.15]
	at org.springframework.beans.factory.support.DefaultSingletonBeanRegistry.getSingleton(DefaultSingletonBeanRegistry.java:373) ~[spring-beans-6.2.15.jar:6.2.15]
	at org.springframework.beans.factory.support.AbstractBeanFactory.doGetBean(AbstractBeanFactory.java:337) ~[spring-beans-6.2.15.jar:6.2.15]
	at org.springframework.beans.factory.support.AbstractBeanFactory.getBean(AbstractBeanFactory.java:207) ~[spring-beans-6.2.15.jar:6.2.15]
	at org.springframework.beans.factory.support.AbstractAutowireCapableBeanFactory.resolveBeanByName(AbstractAutowireCapableBeanFactory.java:468) ~[spring-beans-6.2.15.jar:6.2.15]
	at org.springframework.context.annotation.CommonAnnotationBeanPostProcessor.autowireResource(CommonAnnotationBeanPostProcessor.java:605) ~[spring-context-6.2.15.jar:6.2.15]
	at org.springframework.context.annotation.CommonAnnotationBeanPostProcessor.getResource(CommonAnnotationBeanPostProcessor.java:576) ~[spring-context-6.2.15.jar:6.2.15]
	at org.springframework.context.annotation.CommonAnnotationBeanPostProcessor$ResourceElement.getResourceToInject(CommonAnnotationBeanPostProcessor.java:738) ~[spring-context-6.2.15.jar:6.2.15]
	at org.springframework.beans.factory.annotation.InjectionMetadata$InjectedElement.inject(InjectionMetadata.java:272) ~[spring-beans-6.2.15.jar:6.2.15]
	at org.springframework.beans.factory.annotation.InjectionMetadata.inject(InjectionMetadata.java:146) ~[spring-beans-6.2.15.jar:6.2.15]
	at org.springframework.context.annotation.CommonAnnotationBeanPostProcessor.postProcessProperties(CommonAnnotationBeanPostProcessor.java:369) ~[spring-context-6.2.15.jar:6.2.15]
	at org.springframework.beans.factory.support.AbstractAutowireCapableBeanFactory.populateBean(AbstractAutowireCapableBeanFactory.java:1459) ~[spring-beans-6.2.15.jar:6.2.15]
	at org.springframework.beans.factory.support.AbstractAutowireCapableBeanFactory.doCreateBean(AbstractAutowireCapableBeanFactory.java:606) ~[spring-beans-6.2.15.jar:6.2.15]
	at org.springframework.beans.factory.support.AbstractAutowireCapableBeanFactory.createBean(AbstractAutowireCapableBeanFactory.java:529) ~[spring-beans-6.2.15.jar:6.2.15]
	at org.springframework.beans.factory.support.AbstractBeanFactory.lambda$doGetBean$0(AbstractBeanFactory.java:339) ~[spring-beans-6.2.15.jar:6.2.15]
	at org.springframework.beans.factory.support.DefaultSingletonBeanRegistry.getSingleton(DefaultSingletonBeanRegistry.java:373) ~[spring-beans-6.2.15.jar:6.2.15]
	at org.springframework.beans.factory.support.AbstractBeanFactory.doGetBean(AbstractBeanFactory.java:337) ~[spring-beans-6.2.15.jar:6.2.15]
	at org.springframework.beans.factory.support.AbstractBeanFactory.getBean(AbstractBeanFactory.java:202) ~[spring-beans-6.2.15.jar:6.2.15]
	at org.springframework.beans.factory.support.DefaultListableBeanFactory.instantiateSingleton(DefaultListableBeanFactory.java:1228) ~[spring-beans-6.2.15.jar:6.2.15]
	at org.springframework.beans.factory.support.DefaultListableBeanFactory.preInstantiateSingleton(DefaultListableBeanFactory.java:1194) ~[spring-beans-6.2.15.jar:6.2.15]
	at org.springframework.beans.factory.support.DefaultListableBeanFactory.preInstantiateSingletons(DefaultListableBeanFactory.java:1130) ~[spring-beans-6.2.15.jar:6.2.15]
	at org.springframework.context.support.AbstractApplicationContext.finishBeanFactoryInitialization(AbstractApplicationContext.java:990) ~[spring-context-6.2.15.jar:6.2.15]
	at org.springframework.context.support.AbstractApplicationContext.refresh(AbstractApplicationContext.java:627) ~[spring-context-6.2.15.jar:6.2.15]
	at org.springframework.boot.web.servlet.context.ServletWebServerApplicationContext.refresh(ServletWebServerApplicationContext.java:146) ~[spring-boot-3.5.9.jar:3.5.9]
	at org.springframework.boot.SpringApplication.refresh(SpringApplication.java:752) ~[spring-boot-3.5.9.jar:3.5.9]
	at org.springframework.boot.SpringApplication.refreshContext(SpringApplication.java:439) ~[spring-boot-3.5.9.jar:3.5.9]
	at org.springframework.boot.SpringApplication.run(SpringApplication.java:318) ~[spring-boot-3.5.9.jar:3.5.9]
	at org.springframework.boot.SpringApplication.run(SpringApplication.java:1361) ~[spring-boot-3.5.9.jar:3.5.9]
	at org.springframework.boot.SpringApplication.run(SpringApplication.java:1350) ~[spring-boot-3.5.9.jar:3.5.9]
	at com.library.admin.LibraryAdminApplication.main(LibraryAdminApplication.java:14) ~[classes/:?]
Caused by: com.mysql.cj.exceptions.CJCommunicationsException: Communications link failure

The last packet sent successfully to the server was 0 milliseconds ago. The driver has not received any packets from the server.
	at jdk.internal.reflect.DirectConstructorHandleAccessor.newInstance(DirectConstructorHandleAccessor.java:62) ~[?:?]
	at java.lang.reflect.Constructor.newInstanceWithCaller(Constructor.java:502) ~[?:?]
	at java.lang.reflect.Constructor.newInstance(Constructor.java:486) ~[?:?]
	at com.mysql.cj.exceptions.ExceptionFactory.createException(ExceptionFactory.java:62) ~[mysql-connector-j-8.0.33.jar:8.0.33]
	at com.mysql.cj.exceptions.ExceptionFactory.createException(ExceptionFactory.java:105) ~[mysql-connector-j-8.0.33.jar:8.0.33]
	at com.mysql.cj.exceptions.ExceptionFactory.createException(ExceptionFactory.java:150) ~[mysql-connector-j-8.0.33.jar:8.0.33]
	at com.mysql.cj.exceptions.ExceptionFactory.createCommunicationsException(ExceptionFactory.java:166) ~[mysql-connector-j-8.0.33.jar:8.0.33]
	at com.mysql.cj.protocol.a.NativeSocketConnection.connect(NativeSocketConnection.java:89) ~[mysql-connector-j-8.0.33.jar:8.0.33]
	at com.mysql.cj.NativeSession.connect(NativeSession.java:121) ~[mysql-connector-j-8.0.33.jar:8.0.33]
	at com.mysql.cj.jdbc.ConnectionImpl.connectOneTryOnly(ConnectionImpl.java:945) ~[mysql-connector-j-8.0.33.jar:8.0.33]
	at com.mysql.cj.jdbc.ConnectionImpl.createNewIO(ConnectionImpl.java:815) ~[mysql-connector-j-8.0.33.jar:8.0.33]
	... 87 more
Caused by: java.net.ConnectException: Connection refused: connect
	at sun.nio.ch.Net.connect0(Native Method) ~[?:?]
	at sun.nio.ch.Net.connect(Net.java:589) ~[?:?]
	at sun.nio.ch.Net.connect(Net.java:578) ~[?:?]
	at sun.nio.ch.NioSocketImpl.connect(NioSocketImpl.java:583) ~[?:?]
	at java.net.SocksSocketImpl.connect(SocksSocketImpl.java:327) ~[?:?]
	at java.net.Socket.connect(Socket.java:751) ~[?:?]
	at com.mysql.cj.protocol.StandardSocketFactory.connect(StandardSocketFactory.java:153) ~[mysql-connector-j-8.0.33.jar:8.0.33]
	at com.mysql.cj.protocol.a.NativeSocketConnection.connect(NativeSocketConnection.java:63) ~[mysql-connector-j-8.0.33.jar:8.0.33]
	at com.mysql.cj.NativeSession.connect(NativeSession.java:121) ~[mysql-connector-j-8.0.33.jar:8.0.33]
	at com.mysql.cj.jdbc.ConnectionImpl.connectOneTryOnly(ConnectionImpl.java:945) ~[mysql-connector-j-8.0.33.jar:8.0.33]
	at com.mysql.cj.jdbc.ConnectionImpl.createNewIO(ConnectionImpl.java:815) ~[mysql-connector-j-8.0.33.jar:8.0.33]
	... 87 more
[2026-02-24 13:17:07.332] [ERROR][main][DruidDataSource] {dataSource-1} init error
com.mysql.cj.jdbc.exceptions.CommunicationsException: Communications link failure

The last packet sent successfully to the server was 0 milliseconds ago. The driver has not received any packets from the server.
	at com.mysql.cj.jdbc.exceptions.SQLError.createCommunicationsException(SQLError.java:175) ~[mysql-connector-j-8.0.33.jar:8.0.33]
	at com.mysql.cj.jdbc.exceptions.SQLExceptionsMapping.translateException(SQLExceptionsMapping.java:64) ~[mysql-connector-j-8.0.33.jar:8.0.33]
	at com.mysql.cj.jdbc.ConnectionImpl.createNewIO(ConnectionImpl.java:825) ~[mysql-connector-j-8.0.33.jar:8.0.33]
	at com.mysql.cj.jdbc.ConnectionImpl.<init>(ConnectionImpl.java:446) ~[mysql-connector-j-8.0.33.jar:8.0.33]
	at com.mysql.cj.jdbc.ConnectionImpl.getInstance(ConnectionImpl.java:239) ~[mysql-connector-j-8.0.33.jar:8.0.33]
	at com.mysql.cj.jdbc.NonRegisteringDriver.connect(NonRegisteringDriver.java:188) ~[mysql-connector-j-8.0.33.jar:8.0.33]
	at com.alibaba.druid.filter.FilterChainImpl.connection_connect(FilterChainImpl.java:132) ~[druid-1.2.27.jar:?]
	at com.alibaba.druid.filter.FilterAdapter.connection_connect(FilterAdapter.java:764) ~[druid-1.2.27.jar:?]
	at com.alibaba.druid.filter.FilterEventAdapter.connection_connect(FilterEventAdapter.java:33) ~[druid-1.2.27.jar:?]
	at com.alibaba.druid.filter.FilterChainImpl.connection_connect(FilterChainImpl.java:126) ~[druid-1.2.27.jar:?]
	at com.alibaba.druid.filter.FilterAdapter.connection_connect(FilterAdapter.java:764) ~[druid-1.2.27.jar:?]
	at com.alibaba.druid.filter.FilterChainImpl.connection_connect(FilterChainImpl.java:126) ~[druid-1.2.27.jar:?]
	at com.alibaba.druid.filter.stat.StatFilter.connection_connect(StatFilter.java:244) ~[druid-1.2.27.jar:?]
	at com.alibaba.druid.filter.FilterChainImpl.connection_connect(FilterChainImpl.java:126) ~[druid-1.2.27.jar:?]
	at com.alibaba.druid.pool.DruidAbstractDataSource.createPhysicalConnection(DruidAbstractDataSource.java:1695) ~[druid-1.2.27.jar:?]
	at com.alibaba.druid.pool.DruidAbstractDataSource.createPhysicalConnection(DruidAbstractDataSource.java:1811) ~[druid-1.2.27.jar:?]
	at com.alibaba.druid.pool.DruidDataSource.init(DruidDataSource.java:787) ~[druid-1.2.27.jar:?]
	at com.alibaba.druid.spring.boot3.autoconfigure.DruidDataSourceWrapper.afterPropertiesSet(DruidDataSourceWrapper.java:51) ~[druid-spring-boot-3-starter-1.2.27.jar:?]
	at org.springframework.beans.factory.support.AbstractAutowireCapableBeanFactory.invokeInitMethods(AbstractAutowireCapableBeanFactory.java:1873) ~[spring-beans-6.2.15.jar:6.2.15]
	at org.springframework.beans.factory.support.AbstractAutowireCapableBeanFactory.initializeBean(AbstractAutowireCapableBeanFactory.java:1822) ~[spring-beans-6.2.15.jar:6.2.15]
	at org.springframework.beans.factory.support.AbstractAutowireCapableBeanFactory.doCreateBean(AbstractAutowireCapableBeanFactory.java:607) ~[spring-beans-6.2.15.jar:6.2.15]
	at org.springframework.beans.factory.support.AbstractAutowireCapableBeanFactory.createBean(AbstractAutowireCapableBeanFactory.java:529) ~[spring-beans-6.2.15.jar:6.2.15]
	at org.springframework.beans.factory.support.AbstractBeanFactory.lambda$doGetBean$0(AbstractBeanFactory.java:339) ~[spring-beans-6.2.15.jar:6.2.15]
	at org.springframework.beans.factory.support.DefaultSingletonBeanRegistry.getSingleton(DefaultSingletonBeanRegistry.java:373) ~[spring-beans-6.2.15.jar:6.2.15]
	at org.springframework.beans.factory.support.AbstractBeanFactory.doGetBean(AbstractBeanFactory.java:337) ~[spring-beans-6.2.15.jar:6.2.15]
	at org.springframework.beans.factory.support.AbstractBeanFactory.getBean(AbstractBeanFactory.java:202) ~[spring-beans-6.2.15.jar:6.2.15]
	at org.springframework.beans.factory.support.DefaultListableBeanFactory.doResolveDependency(DefaultListableBeanFactory.java:1708) ~[spring-beans-6.2.15.jar:6.2.15]
	at org.springframework.beans.factory.support.DefaultListableBeanFactory.resolveDependency(DefaultListableBeanFactory.java:1653) ~[spring-beans-6.2.15.jar:6.2.15]
	at org.springframework.beans.factory.support.ConstructorResolver.resolveAutowiredArgument(ConstructorResolver.java:913) ~[spring-beans-6.2.15.jar:6.2.15]
	at org.springframework.beans.factory.support.ConstructorResolver.createArgumentArray(ConstructorResolver.java:791) ~[spring-beans-6.2.15.jar:6.2.15]
	at org.springframework.beans.factory.support.ConstructorResolver.instantiateUsingFactoryMethod(ConstructorResolver.java:546) ~[spring-beans-6.2.15.jar:6.2.15]
	at org.springframework.beans.factory.support.AbstractAutowireCapableBeanFactory.instantiateUsingFactoryMethod(AbstractAutowireCapableBeanFactory.java:1375) ~[spring-beans-6.2.15.jar:6.2.15]
	at org.springframework.beans.factory.support.AbstractAutowireCapableBeanFactory.createBeanInstance(AbstractAutowireCapableBeanFactory.java:1205) ~[spring-beans-6.2.15.jar:6.2.15]
	at org.springframework.beans.factory.support.AbstractAutowireCapableBeanFactory.doCreateBean(AbstractAutowireCapableBeanFactory.java:569) ~[spring-beans-6.2.15.jar:6.2.15]
	at org.springframework.beans.factory.support.AbstractAutowireCapableBeanFactory.createBean(AbstractAutowireCapableBeanFactory.java:529) ~[spring-beans-6.2.15.jar:6.2.15]
	at org.springframework.beans.factory.support.AbstractBeanFactory.lambda$doGetBean$0(AbstractBeanFactory.java:339) ~[spring-beans-6.2.15.jar:6.2.15]
	at org.springframework.beans.factory.support.DefaultSingletonBeanRegistry.getSingleton(DefaultSingletonBeanRegistry.java:373) ~[spring-beans-6.2.15.jar:6.2.15]
	at org.springframework.beans.factory.support.AbstractBeanFactory.doGetBean(AbstractBeanFactory.java:337) ~[spring-beans-6.2.15.jar:6.2.15]
	at org.springframework.beans.factory.support.AbstractBeanFactory.getBean(AbstractBeanFactory.java:202) ~[spring-beans-6.2.15.jar:6.2.15]
	at org.springframework.beans.factory.config.DependencyDescriptor.resolveCandidate(DependencyDescriptor.java:254) ~[spring-beans-6.2.15.jar:6.2.15]
	at org.springframework.beans.factory.support.DefaultListableBeanFactory.doResolveDependency(DefaultListableBeanFactory.java:1770) ~[spring-beans-6.2.15.jar:6.2.15]
	at org.springframework.beans.factory.support.DefaultListableBeanFactory.resolveDependency(DefaultListableBeanFactory.java:1653) ~[spring-beans-6.2.15.jar:6.2.15]
	at org.springframework.beans.factory.support.AbstractAutowireCapableBeanFactory.autowireByType(AbstractAutowireCapableBeanFactory.java:1541) ~[spring-beans-6.2.15.jar:6.2.15]
	at org.springframework.beans.factory.support.AbstractAutowireCapableBeanFactory.populateBean(AbstractAutowireCapableBeanFactory.java:1450) ~[spring-beans-6.2.15.jar:6.2.15]
	at org.springframework.beans.factory.support.AbstractAutowireCapableBeanFactory.doCreateBean(AbstractAutowireCapableBeanFactory.java:606) ~[spring-beans-6.2.15.jar:6.2.15]
	at org.springframework.beans.factory.support.AbstractAutowireCapableBeanFactory.createBean(AbstractAutowireCapableBeanFactory.java:529) ~[spring-beans-6.2.15.jar:6.2.15]
	at org.springframework.beans.factory.support.AbstractBeanFactory.lambda$doGetBean$0(AbstractBeanFactory.java:339) ~[spring-beans-6.2.15.jar:6.2.15]
	at org.springframework.beans.factory.support.DefaultSingletonBeanRegistry.getSingleton(DefaultSingletonBeanRegistry.java:373) ~[spring-beans-6.2.15.jar:6.2.15]
	at org.springframework.beans.factory.support.AbstractBeanFactory.doGetBean(AbstractBeanFactory.java:337) ~[spring-beans-6.2.15.jar:6.2.15]
	at org.springframework.beans.factory.support.AbstractBeanFactory.getBean(AbstractBeanFactory.java:207) ~[spring-beans-6.2.15.jar:6.2.15]
	at org.springframework.beans.factory.support.AbstractAutowireCapableBeanFactory.resolveBeanByName(AbstractAutowireCapableBeanFactory.java:468) ~[spring-beans-6.2.15.jar:6.2.15]
	at org.springframework.context.annotation.CommonAnnotationBeanPostProcessor.autowireResource(CommonAnnotationBeanPostProcessor.java:605) ~[spring-context-6.2.15.jar:6.2.15]
	at org.springframework.context.annotation.CommonAnnotationBeanPostProcessor.getResource(CommonAnnotationBeanPostProcessor.java:576) ~[spring-context-6.2.15.jar:6.2.15]
	at org.springframework.context.annotation.CommonAnnotationBeanPostProcessor$ResourceElement.getResourceToInject(CommonAnnotationBeanPostProcessor.java:738) ~[spring-context-6.2.15.jar:6.2.15]
	at org.springframework.beans.factory.annotation.InjectionMetadata$InjectedElement.inject(InjectionMetadata.java:272) ~[spring-beans-6.2.15.jar:6.2.15]
	at org.springframework.beans.factory.annotation.InjectionMetadata.inject(InjectionMetadata.java:146) ~[spring-beans-6.2.15.jar:6.2.15]
	at org.springframework.context.annotation.CommonAnnotationBeanPostProcessor.postProcessProperties(CommonAnnotationBeanPostProcessor.java:369) ~[spring-context-6.2.15.jar:6.2.15]
	at org.springframework.beans.factory.support.AbstractAutowireCapableBeanFactory.populateBean(AbstractAutowireCapableBeanFactory.java:1459) ~[spring-beans-6.2.15.jar:6.2.15]
	at org.springframework.beans.factory.support.AbstractAutowireCapableBeanFactory.doCreateBean(AbstractAutowireCapableBeanFactory.java:606) ~[spring-beans-6.2.15.jar:6.2.15]
	at org.springframework.beans.factory.support.AbstractAutowireCapableBeanFactory.createBean(AbstractAutowireCapableBeanFactory.java:529) ~[spring-beans-6.2.15.jar:6.2.15]
	at org.springframework.beans.factory.support.AbstractBeanFactory.lambda$doGetBean$0(AbstractBeanFactory.java:339) ~[spring-beans-6.2.15.jar:6.2.15]
	at org.springframework.beans.factory.support.DefaultSingletonBeanRegistry.getSingleton(DefaultSingletonBeanRegistry.java:373) ~[spring-beans-6.2.15.jar:6.2.15]
	at org.springframework.beans.factory.support.AbstractBeanFactory.doGetBean(AbstractBeanFactory.java:337) ~[spring-beans-6.2.15.jar:6.2.15]
	at org.springframework.beans.factory.support.AbstractBeanFactory.getBean(AbstractBeanFactory.java:207) ~[spring-beans-6.2.15.jar:6.2.15]
	at org.springframework.beans.factory.support.AbstractAutowireCapableBeanFactory.resolveBeanByName(AbstractAutowireCapableBeanFactory.java:468) ~[spring-beans-6.2.15.jar:6.2.15]
	at org.springframework.context.annotation.CommonAnnotationBeanPostProcessor.autowireResource(CommonAnnotationBeanPostProcessor.java:605) ~[spring-context-6.2.15.jar:6.2.15]
	at org.springframework.context.annotation.CommonAnnotationBeanPostProcessor.getResource(CommonAnnotationBeanPostProcessor.java:576) ~[spring-context-6.2.15.jar:6.2.15]
	at org.springframework.context.annotation.CommonAnnotationBeanPostProcessor$ResourceElement.getResourceToInject(CommonAnnotationBeanPostProcessor.java:738) ~[spring-context-6.2.15.jar:6.2.15]
	at org.springframework.beans.factory.annotation.InjectionMetadata$InjectedElement.inject(InjectionMetadata.java:272) ~[spring-beans-6.2.15.jar:6.2.15]
	at org.springframework.beans.factory.annotation.InjectionMetadata.inject(InjectionMetadata.java:146) ~[spring-beans-6.2.15.jar:6.2.15]
	at org.springframework.context.annotation.CommonAnnotationBeanPostProcessor.postProcessProperties(CommonAnnotationBeanPostProcessor.java:369) ~[spring-context-6.2.15.jar:6.2.15]
	at org.springframework.beans.factory.support.AbstractAutowireCapableBeanFactory.populateBean(AbstractAutowireCapableBeanFactory.java:1459) ~[spring-beans-6.2.15.jar:6.2.15]
	at org.springframework.beans.factory.support.AbstractAutowireCapableBeanFactory.doCreateBean(AbstractAutowireCapableBeanFactory.java:606) ~[spring-beans-6.2.15.jar:6.2.15]
	at org.springframework.beans.factory.support.AbstractAutowireCapableBeanFactory.createBean(AbstractAutowireCapableBeanFactory.java:529) ~[spring-beans-6.2.15.jar:6.2.15]
	at org.springframework.beans.factory.support.AbstractBeanFactory.lambda$doGetBean$0(AbstractBeanFactory.java:339) ~[spring-beans-6.2.15.jar:6.2.15]
	at org.springframework.beans.factory.support.DefaultSingletonBeanRegistry.getSingleton(DefaultSingletonBeanRegistry.java:373) ~[spring-beans-6.2.15.jar:6.2.15]
	at org.springframework.beans.factory.support.AbstractBeanFactory.doGetBean(AbstractBeanFactory.java:337) ~[spring-beans-6.2.15.jar:6.2.15]
	at org.springframework.beans.factory.support.AbstractBeanFactory.getBean(AbstractBeanFactory.java:202) ~[spring-beans-6.2.15.jar:6.2.15]
	at org.springframework.beans.factory.support.DefaultListableBeanFactory.instantiateSingleton(DefaultListableBeanFactory.java:1228) ~[spring-beans-6.2.15.jar:6.2.15]
	at org.springframework.beans.factory.support.DefaultListableBeanFactory.preInstantiateSingleton(DefaultListableBeanFactory.java:1194) ~[spring-beans-6.2.15.jar:6.2.15]
	at org.springframework.beans.factory.support.DefaultListableBeanFactory.preInstantiateSingletons(DefaultListableBeanFactory.java:1130) ~[spring-beans-6.2.15.jar:6.2.15]
	at org.springframework.context.support.AbstractApplicationContext.finishBeanFactoryInitialization(AbstractApplicationContext.java:990) ~[spring-context-6.2.15.jar:6.2.15]
	at org.springframework.context.support.AbstractApplicationContext.refresh(AbstractApplicationContext.java:627) ~[spring-context-6.2.15.jar:6.2.15]
	at org.springframework.boot.web.servlet.context.ServletWebServerApplicationContext.refresh(ServletWebServerApplicationContext.java:146) ~[spring-boot-3.5.9.jar:3.5.9]
	at org.springframework.boot.SpringApplication.refresh(SpringApplication.java:752) ~[spring-boot-3.5.9.jar:3.5.9]
	at org.springframework.boot.SpringApplication.refreshContext(SpringApplication.java:439) ~[spring-boot-3.5.9.jar:3.5.9]
	at org.springframework.boot.SpringApplication.run(SpringApplication.java:318) ~[spring-boot-3.5.9.jar:3.5.9]
	at org.springframework.boot.SpringApplication.run(SpringApplication.java:1361) ~[spring-boot-3.5.9.jar:3.5.9]
	at org.springframework.boot.SpringApplication.run(SpringApplication.java:1350) ~[spring-boot-3.5.9.jar:3.5.9]
	at com.library.admin.LibraryAdminApplication.main(LibraryAdminApplication.java:14) ~[classes/:?]
Caused by: com.mysql.cj.exceptions.CJCommunicationsException: Communications link failure

The last packet sent successfully to the server was 0 milliseconds ago. The driver has not received any packets from the server.
	at jdk.internal.reflect.DirectConstructorHandleAccessor.newInstance(DirectConstructorHandleAccessor.java:62) ~[?:?]
	at java.lang.reflect.Constructor.newInstanceWithCaller(Constructor.java:502) ~[?:?]
	at java.lang.reflect.Constructor.newInstance(Constructor.java:486) ~[?:?]
	at com.mysql.cj.exceptions.ExceptionFactory.createException(ExceptionFactory.java:62) ~[mysql-connector-j-8.0.33.jar:8.0.33]
	at com.mysql.cj.exceptions.ExceptionFactory.createException(ExceptionFactory.java:105) ~[mysql-connector-j-8.0.33.jar:8.0.33]
	at com.mysql.cj.exceptions.ExceptionFactory.createException(ExceptionFactory.java:150) ~[mysql-connector-j-8.0.33.jar:8.0.33]
	at com.mysql.cj.exceptions.ExceptionFactory.createCommunicationsException(ExceptionFactory.java:166) ~[mysql-connector-j-8.0.33.jar:8.0.33]
	at com.mysql.cj.protocol.a.NativeSocketConnection.connect(NativeSocketConnection.java:89) ~[mysql-connector-j-8.0.33.jar:8.0.33]
	at com.mysql.cj.NativeSession.connect(NativeSession.java:121) ~[mysql-connector-j-8.0.33.jar:8.0.33]
	at com.mysql.cj.jdbc.ConnectionImpl.connectOneTryOnly(ConnectionImpl.java:945) ~[mysql-connector-j-8.0.33.jar:8.0.33]
	at com.mysql.cj.jdbc.ConnectionImpl.createNewIO(ConnectionImpl.java:815) ~[mysql-connector-j-8.0.33.jar:8.0.33]
	... 87 more
Caused by: java.net.ConnectException: Connection refused: connect
	at sun.nio.ch.Net.connect0(Native Method) ~[?:?]
	at sun.nio.ch.Net.connect(Net.java:589) ~[?:?]
	at sun.nio.ch.Net.connect(Net.java:578) ~[?:?]
	at sun.nio.ch.NioSocketImpl.connect(NioSocketImpl.java:583) ~[?:?]
	at java.net.SocksSocketImpl.connect(SocksSocketImpl.java:327) ~[?:?]
	at java.net.Socket.connect(Socket.java:751) ~[?:?]
	at com.mysql.cj.protocol.StandardSocketFactory.connect(StandardSocketFactory.java:153) ~[mysql-connector-j-8.0.33.jar:8.0.33]
	at com.mysql.cj.protocol.a.NativeSocketConnection.connect(NativeSocketConnection.java:63) ~[mysql-connector-j-8.0.33.jar:8.0.33]
	at com.mysql.cj.NativeSession.connect(NativeSession.java:121) ~[mysql-connector-j-8.0.33.jar:8.0.33]
	at com.mysql.cj.jdbc.ConnectionImpl.connectOneTryOnly(ConnectionImpl.java:945) ~[mysql-connector-j-8.0.33.jar:8.0.33]
	at com.mysql.cj.jdbc.ConnectionImpl.createNewIO(ConnectionImpl.java:815) ~[mysql-connector-j-8.0.33.jar:8.0.33]
	... 87 more
[2026-02-24 13:17:07.332] [INFO ][main][DruidDataSource] {dataSource-1} inited
[2026-02-24 13:17:07.333] [ERROR][Druid-ConnectionPool-Create-2009932635][DruidDataSource] create connection SQLException, url: jdbc:mysql://127.0.0.1:3307/library_v1?useUnicode=true&characterEncoding=UTF-8&serverTimezone=Asia/Taipei&rewriteBatchedStatements=true&allowPublicKeyRetrieval=true&useSSL=false, errorCode 0, state 08S01
com.mysql.cj.jdbc.exceptions.CommunicationsException: Communications link failure

The last packet sent successfully to the server was 0 milliseconds ago. The driver has not received any packets from the server.
	at com.mysql.cj.jdbc.exceptions.SQLError.createCommunicationsException(SQLError.java:175) ~[mysql-connector-j-8.0.33.jar:8.0.33]
	at com.mysql.cj.jdbc.exceptions.SQLExceptionsMapping.translateException(SQLExceptionsMapping.java:64) ~[mysql-connector-j-8.0.33.jar:8.0.33]
	at com.mysql.cj.jdbc.ConnectionImpl.createNewIO(ConnectionImpl.java:825) ~[mysql-connector-j-8.0.33.jar:8.0.33]
	at com.mysql.cj.jdbc.ConnectionImpl.<init>(ConnectionImpl.java:446) ~[mysql-connector-j-8.0.33.jar:8.0.33]
	at com.mysql.cj.jdbc.ConnectionImpl.getInstance(ConnectionImpl.java:239) ~[mysql-connector-j-8.0.33.jar:8.0.33]
	at com.mysql.cj.jdbc.NonRegisteringDriver.connect(NonRegisteringDriver.java:188) ~[mysql-connector-j-8.0.33.jar:8.0.33]
	at com.alibaba.druid.filter.FilterChainImpl.connection_connect(FilterChainImpl.java:132) ~[druid-1.2.27.jar:?]
	at com.alibaba.druid.filter.FilterAdapter.connection_connect(FilterAdapter.java:764) ~[druid-1.2.27.jar:?]
	at com.alibaba.druid.filter.FilterEventAdapter.connection_connect(FilterEventAdapter.java:33) ~[druid-1.2.27.jar:?]
	at com.alibaba.druid.filter.FilterChainImpl.connection_connect(FilterChainImpl.java:126) ~[druid-1.2.27.jar:?]
	at com.alibaba.druid.filter.FilterAdapter.connection_connect(FilterAdapter.java:764) ~[druid-1.2.27.jar:?]
	at com.alibaba.druid.filter.FilterChainImpl.connection_connect(FilterChainImpl.java:126) ~[druid-1.2.27.jar:?]
	at com.alibaba.druid.filter.stat.StatFilter.connection_connect(StatFilter.java:244) ~[druid-1.2.27.jar:?]
	at com.alibaba.druid.filter.FilterChainImpl.connection_connect(FilterChainImpl.java:126) ~[druid-1.2.27.jar:?]
	at com.alibaba.druid.pool.DruidAbstractDataSource.createPhysicalConnection(DruidAbstractDataSource.java:1695) ~[druid-1.2.27.jar:?]
	at com.alibaba.druid.pool.DruidAbstractDataSource.createPhysicalConnection(DruidAbstractDataSource.java:1811) ~[druid-1.2.27.jar:?]
	at com.alibaba.druid.pool.DruidDataSource$CreateConnectionThread.run(DruidDataSource.java:2793) ~[druid-1.2.27.jar:?]
Caused by: com.mysql.cj.exceptions.CJCommunicationsException: Communications link failure

The last packet sent successfully to the server was 0 milliseconds ago. The driver has not received any packets from the server.
	at jdk.internal.reflect.DirectConstructorHandleAccessor.newInstance(DirectConstructorHandleAccessor.java:62) ~[?:?]
	at java.lang.reflect.Constructor.newInstanceWithCaller(Constructor.java:502) ~[?:?]
	at java.lang.reflect.Constructor.newInstance(Constructor.java:486) ~[?:?]
	at com.mysql.cj.exceptions.ExceptionFactory.createException(ExceptionFactory.java:62) ~[mysql-connector-j-8.0.33.jar:8.0.33]
	at com.mysql.cj.exceptions.ExceptionFactory.createException(ExceptionFactory.java:105) ~[mysql-connector-j-8.0.33.jar:8.0.33]
	at com.mysql.cj.exceptions.ExceptionFactory.createException(ExceptionFactory.java:150) ~[mysql-connector-j-8.0.33.jar:8.0.33]
	at com.mysql.cj.exceptions.ExceptionFactory.createCommunicationsException(ExceptionFactory.java:166) ~[mysql-connector-j-8.0.33.jar:8.0.33]
	at com.mysql.cj.protocol.a.NativeSocketConnection.connect(NativeSocketConnection.java:89) ~[mysql-connector-j-8.0.33.jar:8.0.33]
	at com.mysql.cj.NativeSession.connect(NativeSession.java:121) ~[mysql-connector-j-8.0.33.jar:8.0.33]
	at com.mysql.cj.jdbc.ConnectionImpl.connectOneTryOnly(ConnectionImpl.java:945) ~[mysql-connector-j-8.0.33.jar:8.0.33]
	at com.mysql.cj.jdbc.ConnectionImpl.createNewIO(ConnectionImpl.java:815) ~[mysql-connector-j-8.0.33.jar:8.0.33]
	... 14 more
Caused by: java.net.ConnectException: Connection refused: connect
	at sun.nio.ch.Net.connect0(Native Method) ~[?:?]
	at sun.nio.ch.Net.connect(Net.java:589) ~[?:?]
	at sun.nio.ch.Net.connect(Net.java:578) ~[?:?]
	at sun.nio.ch.NioSocketImpl.connect(NioSocketImpl.java:583) ~[?:?]
	at java.net.SocksSocketImpl.connect(SocksSocketImpl.java:327) ~[?:?]
	at java.net.Socket.connect(Socket.java:751) ~[?:?]
	at com.mysql.cj.protocol.StandardSocketFactory.connect(StandardSocketFactory.java:153) ~[mysql-connector-j-8.0.33.jar:8.0.33]
	at com.mysql.cj.protocol.a.NativeSocketConnection.connect(NativeSocketConnection.java:63) ~[mysql-connector-j-8.0.33.jar:8.0.33]
	at com.mysql.cj.NativeSession.connect(NativeSession.java:121) ~[mysql-connector-j-8.0.33.jar:8.0.33]
	at com.mysql.cj.jdbc.ConnectionImpl.connectOneTryOnly(ConnectionImpl.java:945) ~[mysql-connector-j-8.0.33.jar:8.0.33]
	at com.mysql.cj.jdbc.ConnectionImpl.createNewIO(ConnectionImpl.java:815) ~[mysql-connector-j-8.0.33.jar:8.0.33]
	... 14 more
[2026-02-24 13:17:07.334] [ERROR][Druid-ConnectionPool-Create-2009932635][DruidDataSource] create connection SQLException, url: jdbc:mysql://127.0.0.1:3307/library_v1?useUnicode=true&characterEncoding=UTF-8&serverTimezone=Asia/Taipei&rewriteBatchedStatements=true&allowPublicKeyRetrieval=true&useSSL=false, errorCode 0, state 08S01
com.mysql.cj.jdbc.exceptions.CommunicationsException: Communications link failure

The last packet sent successfully to the server was 0 milliseconds ago. The driver has not received any packets from the server.
	at com.mysql.cj.jdbc.exceptions.SQLError.createCommunicationsException(SQLError.java:175) ~[mysql-connector-j-8.0.33.jar:8.0.33]
	at com.mysql.cj.jdbc.exceptions.SQLExceptionsMapping.translateException(SQLExceptionsMapping.java:64) ~[mysql-connector-j-8.0.33.jar:8.0.33]
	at com.mysql.cj.jdbc.ConnectionImpl.createNewIO(ConnectionImpl.java:825) ~[mysql-connector-j-8.0.33.jar:8.0.33]
	at com.mysql.cj.jdbc.ConnectionImpl.<init>(ConnectionImpl.java:446) ~[mysql-connector-j-8.0.33.jar:8.0.33]
	at com.mysql.cj.jdbc.ConnectionImpl.getInstance(ConnectionImpl.java:239) ~[mysql-connector-j-8.0.33.jar:8.0.33]
	at com.mysql.cj.jdbc.NonRegisteringDriver.connect(NonRegisteringDriver.java:188) ~[mysql-connector-j-8.0.33.jar:8.0.33]
	at com.alibaba.druid.filter.FilterChainImpl.connection_connect(FilterChainImpl.java:132) ~[druid-1.2.27.jar:?]
	at com.alibaba.druid.filter.FilterAdapter.connection_connect(FilterAdapter.java:764) ~[druid-1.2.27.jar:?]
	at com.alibaba.druid.filter.FilterEventAdapter.connection_connect(FilterEventAdapter.java:33) ~[druid-1.2.27.jar:?]
	at com.alibaba.druid.filter.FilterChainImpl.connection_connect(FilterChainImpl.java:126) ~[druid-1.2.27.jar:?]
	at com.alibaba.druid.filter.FilterAdapter.connection_connect(FilterAdapter.java:764) ~[druid-1.2.27.jar:?]
	at com.alibaba.druid.filter.FilterChainImpl.connection_connect(FilterChainImpl.java:126) ~[druid-1.2.27.jar:?]
	at com.alibaba.druid.filter.stat.StatFilter.connection_connect(StatFilter.java:244) ~[druid-1.2.27.jar:?]
	at com.alibaba.druid.filter.FilterChainImpl.connection_connect(FilterChainImpl.java:126) ~[druid-1.2.27.jar:?]
	at com.alibaba.druid.pool.DruidAbstractDataSource.createPhysicalConnection(DruidAbstractDataSource.java:1695) ~[druid-1.2.27.jar:?]
	at com.alibaba.druid.pool.DruidAbstractDataSource.createPhysicalConnection(DruidAbstractDataSource.java:1811) ~[druid-1.2.27.jar:?]
	at com.alibaba.druid.pool.DruidDataSource$CreateConnectionThread.run(DruidDataSource.java:2793) ~[druid-1.2.27.jar:?]
Caused by: com.mysql.cj.exceptions.CJCommunicationsException: Communications link failure

The last packet sent successfully to the server was 0 milliseconds ago. The driver has not received any packets from the server.
	at jdk.internal.reflect.DirectConstructorHandleAccessor.newInstance(DirectConstructorHandleAccessor.java:62) ~[?:?]
	at java.lang.reflect.Constructor.newInstanceWithCaller(Constructor.java:502) ~[?:?]
	at java.lang.reflect.Constructor.newInstance(Constructor.java:486) ~[?:?]
	at com.mysql.cj.exceptions.ExceptionFactory.createException(ExceptionFactory.java:62) ~[mysql-connector-j-8.0.33.jar:8.0.33]
	at com.mysql.cj.exceptions.ExceptionFactory.createException(ExceptionFactory.java:105) ~[mysql-connector-j-8.0.33.jar:8.0.33]
	at com.mysql.cj.exceptions.ExceptionFactory.createException(ExceptionFactory.java:150) ~[mysql-connector-j-8.0.33.jar:8.0.33]
	at com.mysql.cj.exceptions.ExceptionFactory.createCommunicationsException(ExceptionFactory.java:166) ~[mysql-connector-j-8.0.33.jar:8.0.33]
	at com.mysql.cj.protocol.a.NativeSocketConnection.connect(NativeSocketConnection.java:89) ~[mysql-connector-j-8.0.33.jar:8.0.33]
	at com.mysql.cj.NativeSession.connect(NativeSession.java:121) ~[mysql-connector-j-8.0.33.jar:8.0.33]
	at com.mysql.cj.jdbc.ConnectionImpl.connectOneTryOnly(ConnectionImpl.java:945) ~[mysql-connector-j-8.0.33.jar:8.0.33]
	at com.mysql.cj.jdbc.ConnectionImpl.createNewIO(ConnectionImpl.java:815) ~[mysql-connector-j-8.0.33.jar:8.0.33]
	... 14 more
Caused by: java.net.ConnectException: Connection refused: connect
	at sun.nio.ch.Net.connect0(Native Method) ~[?:?]
	at sun.nio.ch.Net.connect(Net.java:589) ~[?:?]
	at sun.nio.ch.Net.connect(Net.java:578) ~[?:?]
	at sun.nio.ch.NioSocketImpl.connect(NioSocketImpl.java:583) ~[?:?]
	at java.net.SocksSocketImpl.connect(SocksSocketImpl.java:327) ~[?:?]
	at java.net.Socket.connect(Socket.java:751) ~[?:?]
	at com.mysql.cj.protocol.StandardSocketFactory.connect(StandardSocketFactory.java:153) ~[mysql-connector-j-8.0.33.jar:8.0.33]
	at com.mysql.cj.protocol.a.NativeSocketConnection.connect(NativeSocketConnection.java:63) ~[mysql-connector-j-8.0.33.jar:8.0.33]
	at com.mysql.cj.NativeSession.connect(NativeSession.java:121) ~[mysql-connector-j-8.0.33.jar:8.0.33]
	at com.mysql.cj.jdbc.ConnectionImpl.connectOneTryOnly(ConnectionImpl.java:945) ~[mysql-connector-j-8.0.33.jar:8.0.33]
	at com.mysql.cj.jdbc.ConnectionImpl.createNewIO(ConnectionImpl.java:815) ~[mysql-connector-j-8.0.33.jar:8.0.33]
	... 14 more
[2026-02-24 13:17:07.334] [INFO ][Druid-ConnectionPool-Create-2009932635][DruidAbstractDataSource] {dataSource-1} failContinuous is true
[2026-02-24 13:17:07.336] [INFO ][main][StandardService] Stopping service [Tomcat]
[2026-02-24 13:21:09.621] [INFO ][background-preinit][Version] HV000001: Hibernate Validator 8.0.3.Final
[2026-02-24 13:21:09.674] [INFO ][main][LibraryAdminApplication] Starting LibraryAdminApplication using Java 21.0.6 with PID 6252 (E:\library\library\library-admin\target\classes started by shent in E:\library\library)
[2026-02-24 13:21:09.686] [INFO ][main][LibraryAdminApplication] The following 1 profile is active: "dev"
[2026-02-24 13:21:11.118] [INFO ][main][Http11NioProtocol] Initializing ProtocolHandler ["http-nio-8080"]
[2026-02-24 13:21:11.119] [INFO ][main][StandardService] Starting service [Tomcat]
[2026-02-24 13:21:11.120] [INFO ][main][StandardEngine] Starting Servlet engine: [Apache Tomcat/10.1.50]
[2026-02-24 13:21:11.165] [INFO ][main][[/api/library]] Initializing Spring embedded WebApplicationContext
[2026-02-24 13:21:11.326] [INFO ][main][DruidDataSourceAutoConfigure] Init DruidDataSource
[2026-02-24 13:21:11.698] [INFO ][main][DruidDataSource] {dataSource-1} inited
[2026-02-24 13:21:12.124] [WARN ][main][FileStorageAutoConfiguration] 没有找到 FileRecorder 的实现类，文件上传之外的部分功能无法正常使用，必须实现该接口才能使用完整功能！
[2026-02-24 13:21:12.147] [INFO ][main][FileStorageServiceBuilder] 加载 MinIO 存储平台：minio-1
[2026-02-24 13:21:12.153] [INFO ][main][FileStorageServiceBuilder] 加载 Amazon S3 存储平台：r2-1
[2026-02-24 13:21:13.161] [INFO ][main][Http11NioProtocol] Starting ProtocolHandler ["http-nio-8080"]
[2026-02-24 13:21:13.188] [INFO ][main][LibraryAdminApplication] Started LibraryAdminApplication in 3.975 seconds (process running for 5.297)
[2026-02-24 13:21:21.488] [INFO ][SpringApplicationShutdownHook][FileStorageService] 销毁存储平台 minio-1 成功
[2026-02-24 13:21:21.488] [INFO ][SpringApplicationShutdownHook][FileStorageService] 销毁存储平台 r2-1 成功
[2026-02-24 13:21:21.488] [INFO ][SpringApplicationShutdownHook][DruidDataSource] {dataSource-1} closing ...
[2026-02-24 13:21:21.496] [INFO ][SpringApplicationShutdownHook][DruidDataSource] {dataSource-1} closed
[2026-02-26 15:45:02.057] [INFO ][background-preinit][Version] HV000001: Hibernate Validator 8.0.3.Final
[2026-02-26 15:45:02.104] [INFO ][main][LibraryAdminApplication] Starting LibraryAdminApplication using Java 21.0.6 with PID 21492 (E:\library\library\library-admin\target\classes started by shent in E:\library\library)
[2026-02-26 15:45:02.107] [INFO ][main][LibraryAdminApplication] The following 1 profile is active: "dev"
[2026-02-26 15:45:03.398] [INFO ][main][Http11NioProtocol] Initializing ProtocolHandler ["http-nio-8080"]
[2026-02-26 15:45:03.399] [INFO ][main][StandardService] Starting service [Tomcat]
[2026-02-26 15:45:03.399] [INFO ][main][StandardEngine] Starting Servlet engine: [Apache Tomcat/10.1.50]
[2026-02-26 15:45:03.453] [INFO ][main][[/api/library]] Initializing Spring embedded WebApplicationContext
[2026-02-26 15:45:03.591] [INFO ][main][DruidDataSourceAutoConfigure] Init DruidDataSource
[2026-02-26 15:45:03.902] [INFO ][main][DruidDataSource] {dataSource-1} inited
[2026-02-26 15:45:04.183] [WARN ][main][FileStorageAutoConfiguration] 没有找到 FileRecorder 的实现类，文件上传之外的部分功能无法正常使用，必须实现该接口才能使用完整功能！
[2026-02-26 15:45:04.197] [INFO ][main][FileStorageServiceBuilder] 加载 MinIO 存储平台：minio-1
[2026-02-26 15:45:04.200] [INFO ][main][FileStorageServiceBuilder] 加载 Amazon S3 存储平台：r2-1
[2026-02-26 15:45:04.842] [INFO ][main][Http11NioProtocol] Starting ProtocolHandler ["http-nio-8080"]
[2026-02-26 15:45:04.865] [INFO ][main][LibraryAdminApplication] Started LibraryAdminApplication in 3.197 seconds (process running for 8.591)
[2026-02-26 15:45:09.386] [INFO ][SpringApplicationShutdownHook][FileStorageService] 销毁存储平台 minio-1 成功
[2026-02-26 15:45:09.386] [INFO ][SpringApplicationShutdownHook][FileStorageService] 销毁存储平台 r2-1 成功
[2026-02-26 15:45:09.386] [INFO ][SpringApplicationShutdownHook][DruidDataSource] {dataSource-1} closing ...
[2026-02-26 15:45:09.390] [INFO ][SpringApplicationShutdownHook][DruidDataSource] {dataSource-1} closed
[2026-02-26 22:07:33.270] [INFO ][background-preinit][Version] HV000001: Hibernate Validator 8.0.3.Final
[2026-02-26 22:07:33.310] [INFO ][main][LibraryAdminApplication] Starting LibraryAdminApplication using Java 21.0.6 with PID 29044 (E:\library\library\library-admin\target\classes started by shent in E:\library\library)
[2026-02-26 22:07:33.313] [INFO ][main][LibraryAdminApplication] The following 1 profile is active: "dev"
[2026-02-26 22:07:34.644] [INFO ][main][Http11NioProtocol] Initializing ProtocolHandler ["http-nio-8080"]
[2026-02-26 22:07:34.645] [INFO ][main][StandardService] Starting service [Tomcat]
[2026-02-26 22:07:34.645] [INFO ][main][StandardEngine] Starting Servlet engine: [Apache Tomcat/10.1.50]
[2026-02-26 22:07:34.697] [INFO ][main][[/api/library]] Initializing Spring embedded WebApplicationContext
[2026-02-26 22:07:34.811] [INFO ][main][DruidDataSourceAutoConfigure] Init DruidDataSource
[2026-02-26 22:07:35.122] [INFO ][main][DruidDataSource] {dataSource-1} inited
[2026-02-26 22:07:35.417] [WARN ][main][FileStorageAutoConfiguration] 没有找到 FileRecorder 的实现类，文件上传之外的部分功能无法正常使用，必须实现该接口才能使用完整功能！
[2026-02-26 22:07:35.432] [INFO ][main][FileStorageServiceBuilder] 加载 MinIO 存储平台：minio-1
[2026-02-26 22:07:35.436] [INFO ][main][FileStorageServiceBuilder] 加载 Amazon S3 存储平台：r2-1
[2026-02-26 22:07:36.531] [INFO ][main][Http11NioProtocol] Starting ProtocolHandler ["http-nio-8080"]
[2026-02-26 22:07:36.553] [INFO ][main][LibraryAdminApplication] Started LibraryAdminApplication in 3.645 seconds (process running for 4.893)
[2026-02-26 22:21:23.183] [INFO ][http-nio-8080-exec-1][[/api/library]] Initializing Spring DispatcherServlet 'dispatcherServlet'
[2026-02-26 22:26:51.006] [INFO ][SpringApplicationShutdownHook][FileStorageService] 销毁存储平台 minio-1 成功
[2026-02-26 22:26:51.006] [INFO ][SpringApplicationShutdownHook][FileStorageService] 销毁存储平台 r2-1 成功
[2026-02-26 22:26:51.006] [INFO ][SpringApplicationShutdownHook][DruidDataSource] {dataSource-1} closing ...
[2026-02-26 22:26:51.009] [INFO ][SpringApplicationShutdownHook][DruidDataSource] {dataSource-1} closed
[2026-02-26 22:27:06.312] [INFO ][background-preinit][Version] HV000001: Hibernate Validator 8.0.3.Final
[2026-02-26 22:27:06.344] [INFO ][main][LibraryAdminApplicationTests] Starting LibraryAdminApplicationTests using Java 21.0.6 with PID 28428 (started by shent in E:\library\library\library-admin)
[2026-02-26 22:27:06.347] [INFO ][main][LibraryAdminApplicationTests] The following 1 profile is active: "dev"
[2026-02-26 22:27:07.604] [INFO ][main][DruidDataSourceAutoConfigure] Init DruidDataSource
[2026-02-26 22:27:07.955] [INFO ][main][DruidDataSource] {dataSource-1} inited
[2026-02-26 22:27:08.333] [WARN ][main][FileStorageAutoConfiguration] 没有找到 FileRecorder 的实现类，文件上传之外的部分功能无法正常使用，必须实现该接口才能使用完整功能！
[2026-02-26 22:27:08.349] [INFO ][main][FileStorageServiceBuilder] 加载 MinIO 存储平台：minio-1
[2026-02-26 22:27:08.353] [INFO ][main][FileStorageServiceBuilder] 加载 Amazon S3 存储平台：r2-1
[2026-02-26 22:27:09.645] [INFO ][main][LibraryAdminApplicationTests] Started LibraryAdminApplicationTests in 3.603 seconds (process running for 5.108)
[2026-02-26 22:27:11.830] [ERROR][main][EmailUtil] 邮件发送失败：
org.springframework.mail.MailSendException: Failed messages: org.eclipse.angus.mail.smtp.SMTPSendFailedException: 530-5.7.0 Must issue a STARTTLS command first. For more information, go to
530-5.7.0  https://support.google.com/a/answer/3221692 and review RFC 3207
530 5.7.0 specifications. d9443c01a7336-2adfb6a0409sm40563725ad.44 - gsmtp

	at org.springframework.mail.javamail.JavaMailSenderImpl.doSend(JavaMailSenderImpl.java:453) ~[spring-context-support-6.2.15.jar:6.2.15]
	at org.springframework.mail.javamail.JavaMailSenderImpl.send(JavaMailSenderImpl.java:317) ~[spring-context-support-6.2.15.jar:6.2.15]
	at org.springframework.mail.MailSender.send(MailSender.java:42) ~[spring-context-support-6.2.15.jar:6.2.15]
	at com.library.system.util.EmailUtil.sendFromEmail(EmailUtil.java:41) ~[classes/:?]
	at com.library.admin.LibraryAdminApplicationTests.mailTest(LibraryAdminApplicationTests.java:29) ~[test-classes/:?]
	at jdk.internal.reflect.DirectMethodHandleAccessor.invoke(DirectMethodHandleAccessor.java:103) ~[?:?]
	at java.lang.reflect.Method.invoke(Method.java:580) ~[?:?]
	at org.junit.platform.commons.util.ReflectionUtils.invokeMethod(ReflectionUtils.java:775) ~[junit-platform-commons-1.12.2.jar:1.12.2]
	at org.junit.platform.commons.support.ReflectionSupport.invokeMethod(ReflectionSupport.java:479) ~[junit-platform-commons-1.12.2.jar:1.12.2]
	at org.junit.jupiter.engine.execution.MethodInvocation.proceed(MethodInvocation.java:60) ~[junit-jupiter-engine-5.12.2.jar:5.12.2]
	at org.junit.jupiter.engine.execution.InvocationInterceptorChain$ValidatingInvocation.proceed(InvocationInterceptorChain.java:131) ~[junit-jupiter-engine-5.12.2.jar:5.12.2]
	at org.junit.jupiter.engine.extension.TimeoutExtension.intercept(TimeoutExtension.java:161) ~[junit-jupiter-engine-5.12.2.jar:5.12.2]
	at org.junit.jupiter.engine.extension.TimeoutExtension.interceptTestableMethod(TimeoutExtension.java:152) ~[junit-jupiter-engine-5.12.2.jar:5.12.2]
	at org.junit.jupiter.engine.extension.TimeoutExtension.interceptTestMethod(TimeoutExtension.java:91) ~[junit-jupiter-engine-5.12.2.jar:5.12.2]
	at org.junit.jupiter.engine.execution.InterceptingExecutableInvoker$ReflectiveInterceptorCall.lambda$ofVoidMethod$0(InterceptingExecutableInvoker.java:112) ~[junit-jupiter-engine-5.12.2.jar:5.12.2]
	at org.junit.jupiter.engine.execution.InterceptingExecutableInvoker.lambda$invoke$0(InterceptingExecutableInvoker.java:94) ~[junit-jupiter-engine-5.12.2.jar:5.12.2]
	at org.junit.jupiter.engine.execution.InvocationInterceptorChain$InterceptedInvocation.proceed(InvocationInterceptorChain.java:106) ~[junit-jupiter-engine-5.12.2.jar:5.12.2]
	at org.junit.jupiter.engine.execution.InvocationInterceptorChain.proceed(InvocationInterceptorChain.java:64) ~[junit-jupiter-engine-5.12.2.jar:5.12.2]
	at org.junit.jupiter.engine.execution.InvocationInterceptorChain.chainAndInvoke(InvocationInterceptorChain.java:45) ~[junit-jupiter-engine-5.12.2.jar:5.12.2]
	at org.junit.jupiter.engine.execution.InvocationInterceptorChain.invoke(InvocationInterceptorChain.java:37) ~[junit-jupiter-engine-5.12.2.jar:5.12.2]
	at org.junit.jupiter.engine.execution.InterceptingExecutableInvoker.invoke(InterceptingExecutableInvoker.java:93) ~[junit-jupiter-engine-5.12.2.jar:5.12.2]
	at org.junit.jupiter.engine.execution.InterceptingExecutableInvoker.invoke(InterceptingExecutableInvoker.java:87) ~[junit-jupiter-engine-5.12.2.jar:5.12.2]
	at org.junit.jupiter.engine.descriptor.TestMethodTestDescriptor.lambda$invokeTestMethod$7(TestMethodTestDescriptor.java:216) ~[junit-jupiter-engine-5.12.2.jar:5.12.2]
	at org.junit.platform.engine.support.hierarchical.ThrowableCollector.execute(ThrowableCollector.java:73) ~[junit-platform-engine-1.12.2.jar:1.12.2]
	at org.junit.jupiter.engine.descriptor.TestMethodTestDescriptor.invokeTestMethod(TestMethodTestDescriptor.java:212) ~[junit-jupiter-engine-5.12.2.jar:5.12.2]
	at org.junit.jupiter.engine.descriptor.TestMethodTestDescriptor.execute(TestMethodTestDescriptor.java:137) ~[junit-jupiter-engine-5.12.2.jar:5.12.2]
	at org.junit.jupiter.engine.descriptor.TestMethodTestDescriptor.execute(TestMethodTestDescriptor.java:69) ~[junit-jupiter-engine-5.12.2.jar:5.12.2]
	at org.junit.platform.engine.support.hierarchical.NodeTestTask.lambda$executeRecursively$6(NodeTestTask.java:156) ~[junit-platform-engine-1.12.2.jar:1.12.2]
	at org.junit.platform.engine.support.hierarchical.ThrowableCollector.execute(ThrowableCollector.java:73) ~[junit-platform-engine-1.12.2.jar:1.12.2]
	at org.junit.platform.engine.support.hierarchical.NodeTestTask.lambda$executeRecursively$8(NodeTestTask.java:146) ~[junit-platform-engine-1.12.2.jar:1.12.2]
	at org.junit.platform.engine.support.hierarchical.Node.around(Node.java:137) ~[junit-platform-engine-1.12.2.jar:1.12.2]
	at org.junit.platform.engine.support.hierarchical.NodeTestTask.lambda$executeRecursively$9(NodeTestTask.java:144) ~[junit-platform-engine-1.12.2.jar:1.12.2]
	at org.junit.platform.engine.support.hierarchical.ThrowableCollector.execute(ThrowableCollector.java:73) ~[junit-platform-engine-1.12.2.jar:1.12.2]
	at org.junit.platform.engine.support.hierarchical.NodeTestTask.executeRecursively(NodeTestTask.java:143) ~[junit-platform-engine-1.12.2.jar:1.12.2]
	at org.junit.platform.engine.support.hierarchical.NodeTestTask.execute(NodeTestTask.java:100) ~[junit-platform-engine-1.12.2.jar:1.12.2]
	at java.util.ArrayList.forEach(ArrayList.java:1596) ~[?:?]
	at org.junit.platform.engine.support.hierarchical.SameThreadHierarchicalTestExecutorService.invokeAll(SameThreadHierarchicalTestExecutorService.java:41) ~[junit-platform-engine-1.12.2.jar:1.12.2]
	at org.junit.platform.engine.support.hierarchical.NodeTestTask.lambda$executeRecursively$6(NodeTestTask.java:160) ~[junit-platform-engine-1.12.2.jar:1.12.2]
	at org.junit.platform.engine.support.hierarchical.ThrowableCollector.execute(ThrowableCollector.java:73) ~[junit-platform-engine-1.12.2.jar:1.12.2]
	at org.junit.platform.engine.support.hierarchical.NodeTestTask.lambda$executeRecursively$8(NodeTestTask.java:146) ~[junit-platform-engine-1.12.2.jar:1.12.2]
	at org.junit.platform.engine.support.hierarchical.Node.around(Node.java:137) ~[junit-platform-engine-1.12.2.jar:1.12.2]
	at org.junit.platform.engine.support.hierarchical.NodeTestTask.lambda$executeRecursively$9(NodeTestTask.java:144) ~[junit-platform-engine-1.12.2.jar:1.12.2]
	at org.junit.platform.engine.support.hierarchical.ThrowableCollector.execute(ThrowableCollector.java:73) ~[junit-platform-engine-1.12.2.jar:1.12.2]
	at org.junit.platform.engine.support.hierarchical.NodeTestTask.executeRecursively(NodeTestTask.java:143) ~[junit-platform-engine-1.12.2.jar:1.12.2]
	at org.junit.platform.engine.support.hierarchical.NodeTestTask.execute(NodeTestTask.java:100) ~[junit-platform-engine-1.12.2.jar:1.12.2]
	at java.util.ArrayList.forEach(ArrayList.java:1596) ~[?:?]
	at org.junit.platform.engine.support.hierarchical.SameThreadHierarchicalTestExecutorService.invokeAll(SameThreadHierarchicalTestExecutorService.java:41) ~[junit-platform-engine-1.12.2.jar:1.12.2]
	at org.junit.platform.engine.support.hierarchical.NodeTestTask.lambda$executeRecursively$6(NodeTestTask.java:160) ~[junit-platform-engine-1.12.2.jar:1.12.2]
	at org.junit.platform.engine.support.hierarchical.ThrowableCollector.execute(ThrowableCollector.java:73) ~[junit-platform-engine-1.12.2.jar:1.12.2]
	at org.junit.platform.engine.support.hierarchical.NodeTestTask.lambda$executeRecursively$8(NodeTestTask.java:146) ~[junit-platform-engine-1.12.2.jar:1.12.2]
	at org.junit.platform.engine.support.hierarchical.Node.around(Node.java:137) ~[junit-platform-engine-1.12.2.jar:1.12.2]
	at org.junit.platform.engine.support.hierarchical.NodeTestTask.lambda$executeRecursively$9(NodeTestTask.java:144) ~[junit-platform-engine-1.12.2.jar:1.12.2]
	at org.junit.platform.engine.support.hierarchical.ThrowableCollector.execute(ThrowableCollector.java:73) ~[junit-platform-engine-1.12.2.jar:1.12.2]
	at org.junit.platform.engine.support.hierarchical.NodeTestTask.executeRecursively(NodeTestTask.java:143) ~[junit-platform-engine-1.12.2.jar:1.12.2]
	at org.junit.platform.engine.support.hierarchical.NodeTestTask.execute(NodeTestTask.java:100) ~[junit-platform-engine-1.12.2.jar:1.12.2]
	at org.junit.platform.engine.support.hierarchical.SameThreadHierarchicalTestExecutorService.submit(SameThreadHierarchicalTestExecutorService.java:35) ~[junit-platform-engine-1.12.2.jar:1.12.2]
	at org.junit.platform.engine.support.hierarchical.HierarchicalTestExecutor.execute(HierarchicalTestExecutor.java:57) ~[junit-platform-engine-1.12.2.jar:1.12.2]
	at org.junit.platform.engine.support.hierarchical.HierarchicalTestEngine.execute(HierarchicalTestEngine.java:54) ~[junit-platform-engine-1.12.2.jar:1.12.2]
	at org.junit.platform.launcher.core.EngineExecutionOrchestrator.execute(EngineExecutionOrchestrator.java:201) ~[junit-platform-launcher-1.12.2.jar:1.12.2]
	at org.junit.platform.launcher.core.EngineExecutionOrchestrator.execute(EngineExecutionOrchestrator.java:170) ~[junit-platform-launcher-1.12.2.jar:1.12.2]
	at org.junit.platform.launcher.core.EngineExecutionOrchestrator.execute(EngineExecutionOrchestrator.java:94) ~[junit-platform-launcher-1.12.2.jar:1.12.2]
	at org.junit.platform.launcher.core.EngineExecutionOrchestrator.lambda$execute$0(EngineExecutionOrchestrator.java:59) ~[junit-platform-launcher-1.12.2.jar:1.12.2]
	at org.junit.platform.launcher.core.EngineExecutionOrchestrator.withInterceptedStreams(EngineExecutionOrchestrator.java:142) ~[junit-platform-launcher-1.12.2.jar:1.12.2]
	at org.junit.platform.launcher.core.EngineExecutionOrchestrator.execute(EngineExecutionOrchestrator.java:58) ~[junit-platform-launcher-1.12.2.jar:1.12.2]
	at org.junit.platform.launcher.core.DefaultLauncher.execute(DefaultLauncher.java:103) ~[junit-platform-launcher-1.12.2.jar:1.12.2]
	at org.junit.platform.launcher.core.DefaultLauncher.execute(DefaultLauncher.java:85) ~[junit-platform-launcher-1.12.2.jar:1.12.2]
	at org.junit.platform.launcher.core.DelegatingLauncher.execute(DelegatingLauncher.java:47) ~[junit-platform-launcher-1.12.2.jar:1.12.2]
	at org.junit.platform.launcher.core.InterceptingLauncher.lambda$execute$1(InterceptingLauncher.java:39) ~[junit-platform-launcher-1.12.2.jar:1.12.2]
	at org.junit.platform.launcher.core.ClasspathAlignmentCheckingLauncherInterceptor.intercept(ClasspathAlignmentCheckingLauncherInterceptor.java:25) ~[junit-platform-launcher-1.12.2.jar:1.12.2]
	at org.junit.platform.launcher.core.InterceptingLauncher.execute(InterceptingLauncher.java:38) ~[junit-platform-launcher-1.12.2.jar:1.12.2]
	at org.junit.platform.launcher.core.DelegatingLauncher.execute(DelegatingLauncher.java:47) ~[junit-platform-launcher-1.12.2.jar:1.12.2]
	at org.junit.platform.launcher.core.SessionPerRequestLauncher.execute(SessionPerRequestLauncher.java:63) ~[junit-platform-launcher-1.12.2.jar:1.12.2]
	at com.intellij.junit5.JUnit5IdeaTestRunner.startRunnerWithArgs(JUnit5IdeaTestRunner.java:66) ~[junit5-rt.jar:?]
	at com.intellij.rt.junit.IdeaTestRunner$Repeater$1.execute(IdeaTestRunner.java:38) ~[junit-rt.jar:?]
	at com.intellij.rt.execution.junit.TestsRepeater.repeat(TestsRepeater.java:11) ~[idea_rt.jar:?]
	at com.intellij.rt.junit.IdeaTestRunner$Repeater.startRunnerWithArgs(IdeaTestRunner.java:35) ~[junit-rt.jar:?]
	at com.intellij.rt.junit.JUnitStarter.prepareStreamsAndStart(JUnitStarter.java:237) ~[junit-rt.jar:?]
	at com.intellij.rt.junit.JUnitStarter.main(JUnitStarter.java:58) ~[junit-rt.jar:?]
[2026-02-26 22:27:12.312] [INFO ][SpringApplicationShutdownHook][FileStorageService] 销毁存储平台 minio-1 成功
[2026-02-26 22:27:12.312] [INFO ][SpringApplicationShutdownHook][FileStorageService] 销毁存储平台 r2-1 成功
[2026-02-26 22:27:12.312] [INFO ][SpringApplicationShutdownHook][DruidDataSource] {dataSource-1} closing ...
[2026-02-26 22:27:12.319] [INFO ][SpringApplicationShutdownHook][DruidDataSource] {dataSource-1} closed
[2026-02-26 22:31:20.122] [INFO ][background-preinit][Version] HV000001: Hibernate Validator 8.0.3.Final
[2026-02-26 22:31:20.161] [INFO ][main][LibraryAdminApplication] Starting LibraryAdminApplication using Java 21.0.6 with PID 32492 (E:\library\library\library-admin\target\classes started by shent in E:\library\library)
[2026-02-26 22:31:20.163] [INFO ][main][LibraryAdminApplication] The following 1 profile is active: "dev"
[2026-02-26 22:31:21.311] [INFO ][main][Http11NioProtocol] Initializing ProtocolHandler ["http-nio-8080"]
[2026-02-26 22:31:21.312] [INFO ][main][StandardService] Starting service [Tomcat]
[2026-02-26 22:31:21.312] [INFO ][main][StandardEngine] Starting Servlet engine: [Apache Tomcat/10.1.50]
[2026-02-26 22:31:21.363] [INFO ][main][[/api/library]] Initializing Spring embedded WebApplicationContext
[2026-02-26 22:31:21.464] [INFO ][main][DruidDataSourceAutoConfigure] Init DruidDataSource
[2026-02-26 22:31:21.723] [INFO ][main][DruidDataSource] {dataSource-1} inited
[2026-02-26 22:31:21.980] [WARN ][main][FileStorageAutoConfiguration] 没有找到 FileRecorder 的实现类，文件上传之外的部分功能无法正常使用，必须实现该接口才能使用完整功能！
[2026-02-26 22:31:21.993] [INFO ][main][FileStorageServiceBuilder] 加载 MinIO 存储平台：minio-1
[2026-02-26 22:31:21.996] [INFO ][main][FileStorageServiceBuilder] 加载 Amazon S3 存储平台：r2-1
[2026-02-26 22:31:22.880] [INFO ][main][Http11NioProtocol] Starting ProtocolHandler ["http-nio-8080"]
[2026-02-26 22:31:22.901] [INFO ][main][LibraryAdminApplication] Started LibraryAdminApplication in 3.095 seconds (process running for 3.991)
[2026-02-26 22:31:26.147] [INFO ][http-nio-8080-exec-1][[/api/library]] Initializing Spring DispatcherServlet 'dispatcherServlet'
[2026-02-26 22:31:52.643] [INFO ][SpringApplicationShutdownHook][FileStorageService] 销毁存储平台 minio-1 成功
[2026-02-26 22:31:52.643] [INFO ][SpringApplicationShutdownHook][FileStorageService] 销毁存储平台 r2-1 成功
[2026-02-26 22:31:52.643] [INFO ][SpringApplicationShutdownHook][DruidDataSource] {dataSource-1} closing ...
[2026-02-26 22:31:52.648] [INFO ][SpringApplicationShutdownHook][DruidDataSource] {dataSource-1} closed
[2026-02-26 22:32:00.898] [INFO ][background-preinit][Version] HV000001: Hibernate Validator 8.0.3.Final
[2026-02-26 22:32:00.930] [INFO ][main][LibraryAdminApplicationTests] Starting LibraryAdminApplicationTests using Java 21.0.6 with PID 32356 (started by shent in E:\library\library\library-admin)
[2026-02-26 22:32:00.933] [INFO ][main][LibraryAdminApplicationTests] The following 1 profile is active: "dev"
[2026-02-26 22:32:02.151] [INFO ][main][DruidDataSourceAutoConfigure] Init DruidDataSource
[2026-02-26 22:32:02.464] [INFO ][main][DruidDataSource] {dataSource-1} inited
[2026-02-26 22:32:02.819] [WARN ][main][FileStorageAutoConfiguration] 没有找到 FileRecorder 的实现类，文件上传之外的部分功能无法正常使用，必须实现该接口才能使用完整功能！
[2026-02-26 22:32:02.840] [INFO ][main][FileStorageServiceBuilder] 加载 MinIO 存储平台：minio-1
[2026-02-26 22:32:02.844] [INFO ][main][FileStorageServiceBuilder] 加载 Amazon S3 存储平台：r2-1
[2026-02-26 22:32:04.073] [INFO ][main][LibraryAdminApplicationTests] Started LibraryAdminApplicationTests in 3.418 seconds (process running for 4.75)
[2026-02-26 22:32:05.790] [ERROR][main][EmailUtil] 邮件发送失败：
org.springframework.mail.MailSendException: Failed messages: org.eclipse.angus.mail.smtp.SMTPSendFailedException: 530-5.7.0 Must issue a STARTTLS command first. For more information, go to
530-5.7.0  https://support.google.com/a/answer/3221692 and review RFC 3207
530 5.7.0 specifications. d9443c01a7336-2adfb5b257esm26586955ad.4 - gsmtp

	at org.springframework.mail.javamail.JavaMailSenderImpl.doSend(JavaMailSenderImpl.java:453) ~[spring-context-support-6.2.15.jar:6.2.15]
	at org.springframework.mail.javamail.JavaMailSenderImpl.send(JavaMailSenderImpl.java:317) ~[spring-context-support-6.2.15.jar:6.2.15]
	at org.springframework.mail.MailSender.send(MailSender.java:42) ~[spring-context-support-6.2.15.jar:6.2.15]
	at com.library.system.util.EmailUtil.sendFromEmail(EmailUtil.java:41) ~[classes/:?]
	at com.library.admin.LibraryAdminApplicationTests.mailTest(LibraryAdminApplicationTests.java:29) ~[test-classes/:?]
	at jdk.internal.reflect.DirectMethodHandleAccessor.invoke(DirectMethodHandleAccessor.java:103) ~[?:?]
	at java.lang.reflect.Method.invoke(Method.java:580) ~[?:?]
	at org.junit.platform.commons.util.ReflectionUtils.invokeMethod(ReflectionUtils.java:775) ~[junit-platform-commons-1.12.2.jar:1.12.2]
	at org.junit.platform.commons.support.ReflectionSupport.invokeMethod(ReflectionSupport.java:479) ~[junit-platform-commons-1.12.2.jar:1.12.2]
	at org.junit.jupiter.engine.execution.MethodInvocation.proceed(MethodInvocation.java:60) ~[junit-jupiter-engine-5.12.2.jar:5.12.2]
	at org.junit.jupiter.engine.execution.InvocationInterceptorChain$ValidatingInvocation.proceed(InvocationInterceptorChain.java:131) ~[junit-jupiter-engine-5.12.2.jar:5.12.2]
	at org.junit.jupiter.engine.extension.TimeoutExtension.intercept(TimeoutExtension.java:161) ~[junit-jupiter-engine-5.12.2.jar:5.12.2]
	at org.junit.jupiter.engine.extension.TimeoutExtension.interceptTestableMethod(TimeoutExtension.java:152) ~[junit-jupiter-engine-5.12.2.jar:5.12.2]
	at org.junit.jupiter.engine.extension.TimeoutExtension.interceptTestMethod(TimeoutExtension.java:91) ~[junit-jupiter-engine-5.12.2.jar:5.12.2]
	at org.junit.jupiter.engine.execution.InterceptingExecutableInvoker$ReflectiveInterceptorCall.lambda$ofVoidMethod$0(InterceptingExecutableInvoker.java:112) ~[junit-jupiter-engine-5.12.2.jar:5.12.2]
	at org.junit.jupiter.engine.execution.InterceptingExecutableInvoker.lambda$invoke$0(InterceptingExecutableInvoker.java:94) ~[junit-jupiter-engine-5.12.2.jar:5.12.2]
	at org.junit.jupiter.engine.execution.InvocationInterceptorChain$InterceptedInvocation.proceed(InvocationInterceptorChain.java:106) ~[junit-jupiter-engine-5.12.2.jar:5.12.2]
	at org.junit.jupiter.engine.execution.InvocationInterceptorChain.proceed(InvocationInterceptorChain.java:64) ~[junit-jupiter-engine-5.12.2.jar:5.12.2]
	at org.junit.jupiter.engine.execution.InvocationInterceptorChain.chainAndInvoke(InvocationInterceptorChain.java:45) ~[junit-jupiter-engine-5.12.2.jar:5.12.2]
	at org.junit.jupiter.engine.execution.InvocationInterceptorChain.invoke(InvocationInterceptorChain.java:37) ~[junit-jupiter-engine-5.12.2.jar:5.12.2]
	at org.junit.jupiter.engine.execution.InterceptingExecutableInvoker.invoke(InterceptingExecutableInvoker.java:93) ~[junit-jupiter-engine-5.12.2.jar:5.12.2]
	at org.junit.jupiter.engine.execution.InterceptingExecutableInvoker.invoke(InterceptingExecutableInvoker.java:87) ~[junit-jupiter-engine-5.12.2.jar:5.12.2]
	at org.junit.jupiter.engine.descriptor.TestMethodTestDescriptor.lambda$invokeTestMethod$7(TestMethodTestDescriptor.java:216) ~[junit-jupiter-engine-5.12.2.jar:5.12.2]
	at org.junit.platform.engine.support.hierarchical.ThrowableCollector.execute(ThrowableCollector.java:73) ~[junit-platform-engine-1.12.2.jar:1.12.2]
	at org.junit.jupiter.engine.descriptor.TestMethodTestDescriptor.invokeTestMethod(TestMethodTestDescriptor.java:212) ~[junit-jupiter-engine-5.12.2.jar:5.12.2]
	at org.junit.jupiter.engine.descriptor.TestMethodTestDescriptor.execute(TestMethodTestDescriptor.java:137) ~[junit-jupiter-engine-5.12.2.jar:5.12.2]
	at org.junit.jupiter.engine.descriptor.TestMethodTestDescriptor.execute(TestMethodTestDescriptor.java:69) ~[junit-jupiter-engine-5.12.2.jar:5.12.2]
	at org.junit.platform.engine.support.hierarchical.NodeTestTask.lambda$executeRecursively$6(NodeTestTask.java:156) ~[junit-platform-engine-1.12.2.jar:1.12.2]
	at org.junit.platform.engine.support.hierarchical.ThrowableCollector.execute(ThrowableCollector.java:73) ~[junit-platform-engine-1.12.2.jar:1.12.2]
	at org.junit.platform.engine.support.hierarchical.NodeTestTask.lambda$executeRecursively$8(NodeTestTask.java:146) ~[junit-platform-engine-1.12.2.jar:1.12.2]
	at org.junit.platform.engine.support.hierarchical.Node.around(Node.java:137) ~[junit-platform-engine-1.12.2.jar:1.12.2]
	at org.junit.platform.engine.support.hierarchical.NodeTestTask.lambda$executeRecursively$9(NodeTestTask.java:144) ~[junit-platform-engine-1.12.2.jar:1.12.2]
	at org.junit.platform.engine.support.hierarchical.ThrowableCollector.execute(ThrowableCollector.java:73) ~[junit-platform-engine-1.12.2.jar:1.12.2]
	at org.junit.platform.engine.support.hierarchical.NodeTestTask.executeRecursively(NodeTestTask.java:143) ~[junit-platform-engine-1.12.2.jar:1.12.2]
	at org.junit.platform.engine.support.hierarchical.NodeTestTask.execute(NodeTestTask.java:100) ~[junit-platform-engine-1.12.2.jar:1.12.2]
	at java.util.ArrayList.forEach(ArrayList.java:1596) ~[?:?]
	at org.junit.platform.engine.support.hierarchical.SameThreadHierarchicalTestExecutorService.invokeAll(SameThreadHierarchicalTestExecutorService.java:41) ~[junit-platform-engine-1.12.2.jar:1.12.2]
	at org.junit.platform.engine.support.hierarchical.NodeTestTask.lambda$executeRecursively$6(NodeTestTask.java:160) ~[junit-platform-engine-1.12.2.jar:1.12.2]
	at org.junit.platform.engine.support.hierarchical.ThrowableCollector.execute(ThrowableCollector.java:73) ~[junit-platform-engine-1.12.2.jar:1.12.2]
	at org.junit.platform.engine.support.hierarchical.NodeTestTask.lambda$executeRecursively$8(NodeTestTask.java:146) ~[junit-platform-engine-1.12.2.jar:1.12.2]
	at org.junit.platform.engine.support.hierarchical.Node.around(Node.java:137) ~[junit-platform-engine-1.12.2.jar:1.12.2]
	at org.junit.platform.engine.support.hierarchical.NodeTestTask.lambda$executeRecursively$9(NodeTestTask.java:144) ~[junit-platform-engine-1.12.2.jar:1.12.2]
	at org.junit.platform.engine.support.hierarchical.ThrowableCollector.execute(ThrowableCollector.java:73) ~[junit-platform-engine-1.12.2.jar:1.12.2]
	at org.junit.platform.engine.support.hierarchical.NodeTestTask.executeRecursively(NodeTestTask.java:143) ~[junit-platform-engine-1.12.2.jar:1.12.2]
	at org.junit.platform.engine.support.hierarchical.NodeTestTask.execute(NodeTestTask.java:100) ~[junit-platform-engine-1.12.2.jar:1.12.2]
	at java.util.ArrayList.forEach(ArrayList.java:1596) ~[?:?]
	at org.junit.platform.engine.support.hierarchical.SameThreadHierarchicalTestExecutorService.invokeAll(SameThreadHierarchicalTestExecutorService.java:41) ~[junit-platform-engine-1.12.2.jar:1.12.2]
	at org.junit.platform.engine.support.hierarchical.NodeTestTask.lambda$executeRecursively$6(NodeTestTask.java:160) ~[junit-platform-engine-1.12.2.jar:1.12.2]
	at org.junit.platform.engine.support.hierarchical.ThrowableCollector.execute(ThrowableCollector.java:73) ~[junit-platform-engine-1.12.2.jar:1.12.2]
	at org.junit.platform.engine.support.hierarchical.NodeTestTask.lambda$executeRecursively$8(NodeTestTask.java:146) ~[junit-platform-engine-1.12.2.jar:1.12.2]
	at org.junit.platform.engine.support.hierarchical.Node.around(Node.java:137) ~[junit-platform-engine-1.12.2.jar:1.12.2]
	at org.junit.platform.engine.support.hierarchical.NodeTestTask.lambda$executeRecursively$9(NodeTestTask.java:144) ~[junit-platform-engine-1.12.2.jar:1.12.2]
	at org.junit.platform.engine.support.hierarchical.ThrowableCollector.execute(ThrowableCollector.java:73) ~[junit-platform-engine-1.12.2.jar:1.12.2]
	at org.junit.platform.engine.support.hierarchical.NodeTestTask.executeRecursively(NodeTestTask.java:143) ~[junit-platform-engine-1.12.2.jar:1.12.2]
	at org.junit.platform.engine.support.hierarchical.NodeTestTask.execute(NodeTestTask.java:100) ~[junit-platform-engine-1.12.2.jar:1.12.2]
	at org.junit.platform.engine.support.hierarchical.SameThreadHierarchicalTestExecutorService.submit(SameThreadHierarchicalTestExecutorService.java:35) ~[junit-platform-engine-1.12.2.jar:1.12.2]
	at org.junit.platform.engine.support.hierarchical.HierarchicalTestExecutor.execute(HierarchicalTestExecutor.java:57) ~[junit-platform-engine-1.12.2.jar:1.12.2]
	at org.junit.platform.engine.support.hierarchical.HierarchicalTestEngine.execute(HierarchicalTestEngine.java:54) ~[junit-platform-engine-1.12.2.jar:1.12.2]
	at org.junit.platform.launcher.core.EngineExecutionOrchestrator.execute(EngineExecutionOrchestrator.java:201) ~[junit-platform-launcher-1.12.2.jar:1.12.2]
	at org.junit.platform.launcher.core.EngineExecutionOrchestrator.execute(EngineExecutionOrchestrator.java:170) ~[junit-platform-launcher-1.12.2.jar:1.12.2]
	at org.junit.platform.launcher.core.EngineExecutionOrchestrator.execute(EngineExecutionOrchestrator.java:94) ~[junit-platform-launcher-1.12.2.jar:1.12.2]
	at org.junit.platform.launcher.core.EngineExecutionOrchestrator.lambda$execute$0(EngineExecutionOrchestrator.java:59) ~[junit-platform-launcher-1.12.2.jar:1.12.2]
	at org.junit.platform.launcher.core.EngineExecutionOrchestrator.withInterceptedStreams(EngineExecutionOrchestrator.java:142) ~[junit-platform-launcher-1.12.2.jar:1.12.2]
	at org.junit.platform.launcher.core.EngineExecutionOrchestrator.execute(EngineExecutionOrchestrator.java:58) ~[junit-platform-launcher-1.12.2.jar:1.12.2]
	at org.junit.platform.launcher.core.DefaultLauncher.execute(DefaultLauncher.java:103) ~[junit-platform-launcher-1.12.2.jar:1.12.2]
	at org.junit.platform.launcher.core.DefaultLauncher.execute(DefaultLauncher.java:85) ~[junit-platform-launcher-1.12.2.jar:1.12.2]
	at org.junit.platform.launcher.core.DelegatingLauncher.execute(DelegatingLauncher.java:47) ~[junit-platform-launcher-1.12.2.jar:1.12.2]
	at org.junit.platform.launcher.core.InterceptingLauncher.lambda$execute$1(InterceptingLauncher.java:39) ~[junit-platform-launcher-1.12.2.jar:1.12.2]
	at org.junit.platform.launcher.core.ClasspathAlignmentCheckingLauncherInterceptor.intercept(ClasspathAlignmentCheckingLauncherInterceptor.java:25) ~[junit-platform-launcher-1.12.2.jar:1.12.2]
	at org.junit.platform.launcher.core.InterceptingLauncher.execute(InterceptingLauncher.java:38) ~[junit-platform-launcher-1.12.2.jar:1.12.2]
	at org.junit.platform.launcher.core.DelegatingLauncher.execute(DelegatingLauncher.java:47) ~[junit-platform-launcher-1.12.2.jar:1.12.2]
	at org.junit.platform.launcher.core.SessionPerRequestLauncher.execute(SessionPerRequestLauncher.java:63) ~[junit-platform-launcher-1.12.2.jar:1.12.2]
	at com.intellij.junit5.JUnit5IdeaTestRunner.startRunnerWithArgs(JUnit5IdeaTestRunner.java:66) ~[junit5-rt.jar:?]
	at com.intellij.rt.junit.IdeaTestRunner$Repeater$1.execute(IdeaTestRunner.java:38) ~[junit-rt.jar:?]
	at com.intellij.rt.execution.junit.TestsRepeater.repeat(TestsRepeater.java:11) ~[idea_rt.jar:?]
	at com.intellij.rt.junit.IdeaTestRunner$Repeater.startRunnerWithArgs(IdeaTestRunner.java:35) ~[junit-rt.jar:?]
	at com.intellij.rt.junit.JUnitStarter.prepareStreamsAndStart(JUnitStarter.java:237) ~[junit-rt.jar:?]
	at com.intellij.rt.junit.JUnitStarter.main(JUnitStarter.java:58) ~[junit-rt.jar:?]
[2026-02-26 22:32:06.180] [INFO ][SpringApplicationShutdownHook][FileStorageService] 销毁存储平台 minio-1 成功
[2026-02-26 22:32:06.180] [INFO ][SpringApplicationShutdownHook][FileStorageService] 销毁存储平台 r2-1 成功
[2026-02-26 22:32:06.180] [INFO ][SpringApplicationShutdownHook][DruidDataSource] {dataSource-1} closing ...
[2026-02-26 22:32:06.187] [INFO ][SpringApplicationShutdownHook][DruidDataSource] {dataSource-1} closed
[2026-02-26 22:38:28.564] [INFO ][background-preinit][Version] HV000001: Hibernate Validator 8.0.3.Final
[2026-02-26 22:38:28.598] [INFO ][main][LibraryAdminApplicationTests] Starting LibraryAdminApplicationTests using Java 21.0.6 with PID 3360 (started by shent in E:\library\library\library-admin)
[2026-02-26 22:38:28.601] [INFO ][main][LibraryAdminApplicationTests] The following 1 profile is active: "dev"
[2026-02-26 22:38:29.820] [INFO ][main][DruidDataSourceAutoConfigure] Init DruidDataSource
[2026-02-26 22:38:30.145] [INFO ][main][DruidDataSource] {dataSource-1} inited
[2026-02-26 22:38:30.494] [WARN ][main][FileStorageAutoConfiguration] 没有找到 FileRecorder 的实现类，文件上传之外的部分功能无法正常使用，必须实现该接口才能使用完整功能！
[2026-02-26 22:38:30.513] [INFO ][main][FileStorageServiceBuilder] 加载 MinIO 存储平台：minio-1
[2026-02-26 22:38:30.517] [INFO ][main][FileStorageServiceBuilder] 加载 Amazon S3 存储平台：r2-1
[2026-02-26 22:38:31.729] [INFO ][main][LibraryAdminApplicationTests] Started LibraryAdminApplicationTests in 3.414 seconds (process running for 4.735)
[2026-02-26 22:38:33.453] [ERROR][main][EmailUtil] 邮件发送失败：
org.springframework.mail.MailSendException: Failed messages: org.eclipse.angus.mail.smtp.SMTPSendFailedException: 530-5.7.0 Must issue a STARTTLS command first. For more information, go to
530-5.7.0  https://support.google.com/a/answer/3221692 and review RFC 3207
530 5.7.0 specifications. d2e1a72fcca58-82739d5689csm3381257b3a.13 - gsmtp

	at org.springframework.mail.javamail.JavaMailSenderImpl.doSend(JavaMailSenderImpl.java:453) ~[spring-context-support-6.2.15.jar:6.2.15]
	at org.springframework.mail.javamail.JavaMailSenderImpl.send(JavaMailSenderImpl.java:317) ~[spring-context-support-6.2.15.jar:6.2.15]
	at org.springframework.mail.MailSender.send(MailSender.java:42) ~[spring-context-support-6.2.15.jar:6.2.15]
	at com.library.system.util.EmailUtil.sendFromEmail(EmailUtil.java:41) ~[classes/:?]
	at com.library.admin.LibraryAdminApplicationTests.mailTest(LibraryAdminApplicationTests.java:19) ~[test-classes/:?]
	at jdk.internal.reflect.DirectMethodHandleAccessor.invoke(DirectMethodHandleAccessor.java:103) ~[?:?]
	at java.lang.reflect.Method.invoke(Method.java:580) ~[?:?]
	at org.junit.platform.commons.util.ReflectionUtils.invokeMethod(ReflectionUtils.java:775) ~[junit-platform-commons-1.12.2.jar:1.12.2]
	at org.junit.platform.commons.support.ReflectionSupport.invokeMethod(ReflectionSupport.java:479) ~[junit-platform-commons-1.12.2.jar:1.12.2]
	at org.junit.jupiter.engine.execution.MethodInvocation.proceed(MethodInvocation.java:60) ~[junit-jupiter-engine-5.12.2.jar:5.12.2]
	at org.junit.jupiter.engine.execution.InvocationInterceptorChain$ValidatingInvocation.proceed(InvocationInterceptorChain.java:131) ~[junit-jupiter-engine-5.12.2.jar:5.12.2]
	at org.junit.jupiter.engine.extension.TimeoutExtension.intercept(TimeoutExtension.java:161) ~[junit-jupiter-engine-5.12.2.jar:5.12.2]
	at org.junit.jupiter.engine.extension.TimeoutExtension.interceptTestableMethod(TimeoutExtension.java:152) ~[junit-jupiter-engine-5.12.2.jar:5.12.2]
	at org.junit.jupiter.engine.extension.TimeoutExtension.interceptTestMethod(TimeoutExtension.java:91) ~[junit-jupiter-engine-5.12.2.jar:5.12.2]
	at org.junit.jupiter.engine.execution.InterceptingExecutableInvoker$ReflectiveInterceptorCall.lambda$ofVoidMethod$0(InterceptingExecutableInvoker.java:112) ~[junit-jupiter-engine-5.12.2.jar:5.12.2]
	at org.junit.jupiter.engine.execution.InterceptingExecutableInvoker.lambda$invoke$0(InterceptingExecutableInvoker.java:94) ~[junit-jupiter-engine-5.12.2.jar:5.12.2]
	at org.junit.jupiter.engine.execution.InvocationInterceptorChain$InterceptedInvocation.proceed(InvocationInterceptorChain.java:106) ~[junit-jupiter-engine-5.12.2.jar:5.12.2]
	at org.junit.jupiter.engine.execution.InvocationInterceptorChain.proceed(InvocationInterceptorChain.java:64) ~[junit-jupiter-engine-5.12.2.jar:5.12.2]
	at org.junit.jupiter.engine.execution.InvocationInterceptorChain.chainAndInvoke(InvocationInterceptorChain.java:45) ~[junit-jupiter-engine-5.12.2.jar:5.12.2]
	at org.junit.jupiter.engine.execution.InvocationInterceptorChain.invoke(InvocationInterceptorChain.java:37) ~[junit-jupiter-engine-5.12.2.jar:5.12.2]
	at org.junit.jupiter.engine.execution.InterceptingExecutableInvoker.invoke(InterceptingExecutableInvoker.java:93) ~[junit-jupiter-engine-5.12.2.jar:5.12.2]
	at org.junit.jupiter.engine.execution.InterceptingExecutableInvoker.invoke(InterceptingExecutableInvoker.java:87) ~[junit-jupiter-engine-5.12.2.jar:5.12.2]
	at org.junit.jupiter.engine.descriptor.TestMethodTestDescriptor.lambda$invokeTestMethod$7(TestMethodTestDescriptor.java:216) ~[junit-jupiter-engine-5.12.2.jar:5.12.2]
	at org.junit.platform.engine.support.hierarchical.ThrowableCollector.execute(ThrowableCollector.java:73) ~[junit-platform-engine-1.12.2.jar:1.12.2]
	at org.junit.jupiter.engine.descriptor.TestMethodTestDescriptor.invokeTestMethod(TestMethodTestDescriptor.java:212) ~[junit-jupiter-engine-5.12.2.jar:5.12.2]
	at org.junit.jupiter.engine.descriptor.TestMethodTestDescriptor.execute(TestMethodTestDescriptor.java:137) ~[junit-jupiter-engine-5.12.2.jar:5.12.2]
	at org.junit.jupiter.engine.descriptor.TestMethodTestDescriptor.execute(TestMethodTestDescriptor.java:69) ~[junit-jupiter-engine-5.12.2.jar:5.12.2]
	at org.junit.platform.engine.support.hierarchical.NodeTestTask.lambda$executeRecursively$6(NodeTestTask.java:156) ~[junit-platform-engine-1.12.2.jar:1.12.2]
	at org.junit.platform.engine.support.hierarchical.ThrowableCollector.execute(ThrowableCollector.java:73) ~[junit-platform-engine-1.12.2.jar:1.12.2]
	at org.junit.platform.engine.support.hierarchical.NodeTestTask.lambda$executeRecursively$8(NodeTestTask.java:146) ~[junit-platform-engine-1.12.2.jar:1.12.2]
	at org.junit.platform.engine.support.hierarchical.Node.around(Node.java:137) ~[junit-platform-engine-1.12.2.jar:1.12.2]
	at org.junit.platform.engine.support.hierarchical.NodeTestTask.lambda$executeRecursively$9(NodeTestTask.java:144) ~[junit-platform-engine-1.12.2.jar:1.12.2]
	at org.junit.platform.engine.support.hierarchical.ThrowableCollector.execute(ThrowableCollector.java:73) ~[junit-platform-engine-1.12.2.jar:1.12.2]
	at org.junit.platform.engine.support.hierarchical.NodeTestTask.executeRecursively(NodeTestTask.java:143) ~[junit-platform-engine-1.12.2.jar:1.12.2]
	at org.junit.platform.engine.support.hierarchical.NodeTestTask.execute(NodeTestTask.java:100) ~[junit-platform-engine-1.12.2.jar:1.12.2]
	at java.util.ArrayList.forEach(ArrayList.java:1596) ~[?:?]
	at org.junit.platform.engine.support.hierarchical.SameThreadHierarchicalTestExecutorService.invokeAll(SameThreadHierarchicalTestExecutorService.java:41) ~[junit-platform-engine-1.12.2.jar:1.12.2]
	at org.junit.platform.engine.support.hierarchical.NodeTestTask.lambda$executeRecursively$6(NodeTestTask.java:160) ~[junit-platform-engine-1.12.2.jar:1.12.2]
	at org.junit.platform.engine.support.hierarchical.ThrowableCollector.execute(ThrowableCollector.java:73) ~[junit-platform-engine-1.12.2.jar:1.12.2]
	at org.junit.platform.engine.support.hierarchical.NodeTestTask.lambda$executeRecursively$8(NodeTestTask.java:146) ~[junit-platform-engine-1.12.2.jar:1.12.2]
	at org.junit.platform.engine.support.hierarchical.Node.around(Node.java:137) ~[junit-platform-engine-1.12.2.jar:1.12.2]
	at org.junit.platform.engine.support.hierarchical.NodeTestTask.lambda$executeRecursively$9(NodeTestTask.java:144) ~[junit-platform-engine-1.12.2.jar:1.12.2]
	at org.junit.platform.engine.support.hierarchical.ThrowableCollector.execute(ThrowableCollector.java:73) ~[junit-platform-engine-1.12.2.jar:1.12.2]
	at org.junit.platform.engine.support.hierarchical.NodeTestTask.executeRecursively(NodeTestTask.java:143) ~[junit-platform-engine-1.12.2.jar:1.12.2]
	at org.junit.platform.engine.support.hierarchical.NodeTestTask.execute(NodeTestTask.java:100) ~[junit-platform-engine-1.12.2.jar:1.12.2]
	at java.util.ArrayList.forEach(ArrayList.java:1596) ~[?:?]
	at org.junit.platform.engine.support.hierarchical.SameThreadHierarchicalTestExecutorService.invokeAll(SameThreadHierarchicalTestExecutorService.java:41) ~[junit-platform-engine-1.12.2.jar:1.12.2]
	at org.junit.platform.engine.support.hierarchical.NodeTestTask.lambda$executeRecursively$6(NodeTestTask.java:160) ~[junit-platform-engine-1.12.2.jar:1.12.2]
	at org.junit.platform.engine.support.hierarchical.ThrowableCollector.execute(ThrowableCollector.java:73) ~[junit-platform-engine-1.12.2.jar:1.12.2]
	at org.junit.platform.engine.support.hierarchical.NodeTestTask.lambda$executeRecursively$8(NodeTestTask.java:146) ~[junit-platform-engine-1.12.2.jar:1.12.2]
	at org.junit.platform.engine.support.hierarchical.Node.around(Node.java:137) ~[junit-platform-engine-1.12.2.jar:1.12.2]
	at org.junit.platform.engine.support.hierarchical.NodeTestTask.lambda$executeRecursively$9(NodeTestTask.java:144) ~[junit-platform-engine-1.12.2.jar:1.12.2]
	at org.junit.platform.engine.support.hierarchical.ThrowableCollector.execute(ThrowableCollector.java:73) ~[junit-platform-engine-1.12.2.jar:1.12.2]
	at org.junit.platform.engine.support.hierarchical.NodeTestTask.executeRecursively(NodeTestTask.java:143) ~[junit-platform-engine-1.12.2.jar:1.12.2]
	at org.junit.platform.engine.support.hierarchical.NodeTestTask.execute(NodeTestTask.java:100) ~[junit-platform-engine-1.12.2.jar:1.12.2]
	at org.junit.platform.engine.support.hierarchical.SameThreadHierarchicalTestExecutorService.submit(SameThreadHierarchicalTestExecutorService.java:35) ~[junit-platform-engine-1.12.2.jar:1.12.2]
	at org.junit.platform.engine.support.hierarchical.HierarchicalTestExecutor.execute(HierarchicalTestExecutor.java:57) ~[junit-platform-engine-1.12.2.jar:1.12.2]
	at org.junit.platform.engine.support.hierarchical.HierarchicalTestEngine.execute(HierarchicalTestEngine.java:54) ~[junit-platform-engine-1.12.2.jar:1.12.2]
	at org.junit.platform.launcher.core.EngineExecutionOrchestrator.execute(EngineExecutionOrchestrator.java:201) ~[junit-platform-launcher-1.12.2.jar:1.12.2]
	at org.junit.platform.launcher.core.EngineExecutionOrchestrator.execute(EngineExecutionOrchestrator.java:170) ~[junit-platform-launcher-1.12.2.jar:1.12.2]
	at org.junit.platform.launcher.core.EngineExecutionOrchestrator.execute(EngineExecutionOrchestrator.java:94) ~[junit-platform-launcher-1.12.2.jar:1.12.2]
	at org.junit.platform.launcher.core.EngineExecutionOrchestrator.lambda$execute$0(EngineExecutionOrchestrator.java:59) ~[junit-platform-launcher-1.12.2.jar:1.12.2]
	at org.junit.platform.launcher.core.EngineExecutionOrchestrator.withInterceptedStreams(EngineExecutionOrchestrator.java:142) ~[junit-platform-launcher-1.12.2.jar:1.12.2]
	at org.junit.platform.launcher.core.EngineExecutionOrchestrator.execute(EngineExecutionOrchestrator.java:58) ~[junit-platform-launcher-1.12.2.jar:1.12.2]
	at org.junit.platform.launcher.core.DefaultLauncher.execute(DefaultLauncher.java:103) ~[junit-platform-launcher-1.12.2.jar:1.12.2]
	at org.junit.platform.launcher.core.DefaultLauncher.execute(DefaultLauncher.java:85) ~[junit-platform-launcher-1.12.2.jar:1.12.2]
	at org.junit.platform.launcher.core.DelegatingLauncher.execute(DelegatingLauncher.java:47) ~[junit-platform-launcher-1.12.2.jar:1.12.2]
	at org.junit.platform.launcher.core.InterceptingLauncher.lambda$execute$1(InterceptingLauncher.java:39) ~[junit-platform-launcher-1.12.2.jar:1.12.2]
	at org.junit.platform.launcher.core.ClasspathAlignmentCheckingLauncherInterceptor.intercept(ClasspathAlignmentCheckingLauncherInterceptor.java:25) ~[junit-platform-launcher-1.12.2.jar:1.12.2]
	at org.junit.platform.launcher.core.InterceptingLauncher.execute(InterceptingLauncher.java:38) ~[junit-platform-launcher-1.12.2.jar:1.12.2]
	at org.junit.platform.launcher.core.DelegatingLauncher.execute(DelegatingLauncher.java:47) ~[junit-platform-launcher-1.12.2.jar:1.12.2]
	at org.junit.platform.launcher.core.SessionPerRequestLauncher.execute(SessionPerRequestLauncher.java:63) ~[junit-platform-launcher-1.12.2.jar:1.12.2]
	at com.intellij.junit5.JUnit5IdeaTestRunner.startRunnerWithArgs(JUnit5IdeaTestRunner.java:66) ~[junit5-rt.jar:?]
	at com.intellij.rt.junit.IdeaTestRunner$Repeater$1.execute(IdeaTestRunner.java:38) ~[junit-rt.jar:?]
	at com.intellij.rt.execution.junit.TestsRepeater.repeat(TestsRepeater.java:11) ~[idea_rt.jar:?]
	at com.intellij.rt.junit.IdeaTestRunner$Repeater.startRunnerWithArgs(IdeaTestRunner.java:35) ~[junit-rt.jar:?]
	at com.intellij.rt.junit.JUnitStarter.prepareStreamsAndStart(JUnitStarter.java:237) ~[junit-rt.jar:?]
	at com.intellij.rt.junit.JUnitStarter.main(JUnitStarter.java:58) ~[junit-rt.jar:?]
[2026-02-26 22:38:33.499] [INFO ][SpringApplicationShutdownHook][FileStorageService] 销毁存储平台 minio-1 成功
[2026-02-26 22:38:33.499] [INFO ][SpringApplicationShutdownHook][FileStorageService] 销毁存储平台 r2-1 成功
[2026-02-26 22:38:33.499] [INFO ][SpringApplicationShutdownHook][DruidDataSource] {dataSource-1} closing ...
[2026-02-26 22:38:33.505] [INFO ][SpringApplicationShutdownHook][DruidDataSource] {dataSource-1} closed
[2026-02-26 22:40:04.761] [INFO ][background-preinit][Version] HV000001: Hibernate Validator 8.0.3.Final
[2026-02-26 22:40:04.800] [INFO ][main][LibraryAdminApplication] Starting LibraryAdminApplication using Java 21.0.6 with PID 31932 (E:\library\library\library-admin\target\classes started by shent in E:\library\library)
[2026-02-26 22:40:04.804] [INFO ][main][LibraryAdminApplication] The following 1 profile is active: "dev"
[2026-02-26 22:40:05.940] [INFO ][main][Http11NioProtocol] Initializing ProtocolHandler ["http-nio-8080"]
[2026-02-26 22:40:05.941] [INFO ][main][StandardService] Starting service [Tomcat]
[2026-02-26 22:40:05.942] [INFO ][main][StandardEngine] Starting Servlet engine: [Apache Tomcat/10.1.50]
[2026-02-26 22:40:05.987] [INFO ][main][[/api/library]] Initializing Spring embedded WebApplicationContext
[2026-02-26 22:40:06.089] [INFO ][main][DruidDataSourceAutoConfigure] Init DruidDataSource
[2026-02-26 22:40:06.348] [INFO ][main][DruidDataSource] {dataSource-1} inited
[2026-02-26 22:40:06.620] [WARN ][main][FileStorageAutoConfiguration] 没有找到 FileRecorder 的实现类，文件上传之外的部分功能无法正常使用，必须实现该接口才能使用完整功能！
[2026-02-26 22:40:06.636] [INFO ][main][FileStorageServiceBuilder] 加载 MinIO 存储平台：minio-1
[2026-02-26 22:40:06.640] [INFO ][main][FileStorageServiceBuilder] 加载 Amazon S3 存储平台：r2-1
[2026-02-26 22:40:07.570] [INFO ][main][Http11NioProtocol] Starting ProtocolHandler ["http-nio-8080"]
[2026-02-26 22:40:07.595] [INFO ][main][LibraryAdminApplication] Started LibraryAdminApplication in 3.182 seconds (process running for 4.15)
[2026-02-26 22:40:43.642] [INFO ][SpringApplicationShutdownHook][FileStorageService] 销毁存储平台 minio-1 成功
[2026-02-26 22:40:43.642] [INFO ][SpringApplicationShutdownHook][FileStorageService] 销毁存储平台 r2-1 成功
[2026-02-26 22:40:43.642] [INFO ][SpringApplicationShutdownHook][DruidDataSource] {dataSource-1} closing ...
[2026-02-26 22:40:43.647] [INFO ][SpringApplicationShutdownHook][DruidDataSource] {dataSource-1} closed
n][DruidDataSourceAutoConfigure] Init DruidDataSource
[2026-02-26 22:40:15.903] [INFO ][main][DruidDataSource] {dataSource-1} inited
[2026-02-26 22:40:16.268] [WARN ][main][FileStorageAutoConfiguration] 没有找到 FileRecorder 的实现类，文件上传之外的部分功能无法正常使用，必须实现该接口才能使用完整功能！
[2026-02-26 22:40:16.289] [INFO ][main][FileStorageServiceBuilder] 加载 MinIO 存储平台：minio-1
[2026-02-26 22:40:16.293] [INFO ][main][FileStorageServiceBuilder] 加载 Amazon S3 存储平台：r2-1
[2026-02-26 22:40:17.496] [INFO ][main][LibraryAdminApplicationTests] Started LibraryAdminApplicationTests in 3.482 seconds (process running for 4.813)
[2026-02-26 22:40:19.285] [ERROR][main][EmailUtil] 邮件发送失败：
org.springframework.mail.MailSendException: Failed messages: org.eclipse.angus.mail.smtp.SMTPSendFailedException: 530-5.7.0 Must issue a STARTTLS command first. For more information, go to
530-5.7.0  https://support.google.com/a/answer/3221692 and review RFC 3207
530 5.7.0 specifications. d9443c01a7336-2adfb5b22d4sm27883465ad.14 - gsmtp

	at org.springframework.mail.javamail.JavaMailSenderImpl.doSend(JavaMailSenderImpl.java:453) ~[spring-context-support-6.2.15.jar:6.2.15]
	at org.springframework.mail.javamail.JavaMailSenderImpl.send(JavaMailSenderImpl.java:317) ~[spring-context-support-6.2.15.jar:6.2.15]
	at org.springframework.mail.MailSender.send(MailSender.java:42) ~[spring-context-support-6.2.15.jar:6.2.15]
	at com.library.system.util.EmailUtil.sendFromEmail(EmailUtil.java:41) ~[classes/:?]
	at com.library.admin.LibraryAdminApplicationTests.mailTest(LibraryAdminApplicationTests.java:19) ~[test-classes/:?]
	at jdk.internal.reflect.DirectMethodHandleAccessor.invoke(DirectMethodHandleAccessor.java:103) ~[?:?]
	at java.lang.reflect.Method.invoke(Method.java:580) ~[?:?]
	at org.junit.platform.commons.util.ReflectionUtils.invokeMethod(ReflectionUtils.java:775) ~[junit-platform-commons-1.12.2.jar:1.12.2]
	at org.junit.platform.commons.support.ReflectionSupport.invokeMethod(ReflectionSupport.java:479) ~[junit-platform-commons-1.12.2.jar:1.12.2]
	at org.junit.jupiter.engine.execution.MethodInvocation.proceed(MethodInvocation.java:60) ~[junit-jupiter-engine-5.12.2.jar:5.12.2]
	at org.junit.jupiter.engine.execution.InvocationInterceptorChain$ValidatingInvocation.proceed(InvocationInterceptorChain.java:131) ~[junit-jupiter-engine-5.12.2.jar:5.12.2]
	at org.junit.jupiter.engine.extension.TimeoutExtension.intercept(TimeoutExtension.java:161) ~[junit-jupiter-engine-5.12.2.jar:5.12.2]
	at org.junit.jupiter.engine.extension.TimeoutExtension.interceptTestableMethod(TimeoutExtension.java:152) ~[junit-jupiter-engine-5.12.2.jar:5.12.2]
	at org.junit.jupiter.engine.extension.TimeoutExtension.interceptTestMethod(TimeoutExtension.java:91) ~[junit-jupiter-engine-5.12.2.jar:5.12.2]
	at org.junit.jupiter.engine.execution.InterceptingExecutableInvoker$ReflectiveInterceptorCall.lambda$ofVoidMethod$0(InterceptingExecutableInvoker.java:112) ~[junit-jupiter-engine-5.12.2.jar:5.12.2]
	at org.junit.jupiter.engine.execution.InterceptingExecutableInvoker.lambda$invoke$0(InterceptingExecutableInvoker.java:94) ~[junit-jupiter-engine-5.12.2.jar:5.12.2]
	at org.junit.jupiter.engine.execution.InvocationInterceptorChain$InterceptedInvocation.proceed(InvocationInterceptorChain.java:106) ~[junit-jupiter-engine-5.12.2.jar:5.12.2]
	at org.junit.jupiter.engine.execution.InvocationInterceptorChain.proceed(InvocationInterceptorChain.java:64) ~[junit-jupiter-engine-5.12.2.jar:5.12.2]
	at org.junit.jupiter.engine.execution.InvocationInterceptorChain.chainAndInvoke(InvocationInterceptorChain.java:45) ~[junit-jupiter-engine-5.12.2.jar:5.12.2]
	at org.junit.jupiter.engine.execution.InvocationInterceptorChain.invoke(InvocationInterceptorChain.java:37) ~[junit-jupiter-engine-5.12.2.jar:5.12.2]
	at org.junit.jupiter.engine.execution.InterceptingExecutableInvoker.invoke(InterceptingExecutableInvoker.java:93) ~[junit-jupiter-engine-5.12.2.jar:5.12.2]
	at org.junit.jupiter.engine.execution.InterceptingExecutableInvoker.invoke(InterceptingExecutableInvoker.java:87) ~[junit-jupiter-engine-5.12.2.jar:5.12.2]
	at org.junit.jupiter.engine.descriptor.TestMethodTestDescriptor.lambda$invokeTestMethod$7(TestMethodTestDescriptor.java:216) ~[junit-jupiter-engine-5.12.2.jar:5.12.2]
	at org.junit.platform.engine.support.hierarchical.ThrowableCollector.execute(ThrowableCollector.java:73) ~[junit-platform-engine-1.12.2.jar:1.12.2]
	at org.junit.jupiter.engine.descriptor.TestMethodTestDescriptor.invokeTestMethod(TestMethodTestDescriptor.java:212) ~[junit-jupiter-engine-5.12.2.jar:5.12.2]
	at org.junit.jupiter.engine.descriptor.TestMethodTestDescriptor.execute(TestMethodTestDescriptor.java:137) ~[junit-jupiter-engine-5.12.2.jar:5.12.2]
	at org.junit.jupiter.engine.descriptor.TestMethodTestDescriptor.execute(TestMethodTestDescriptor.java:69) ~[junit-jupiter-engine-5.12.2.jar:5.12.2]
	at org.junit.platform.engine.support.hierarchical.NodeTestTask.lambda$executeRecursively$6(NodeTestTask.java:156) ~[junit-platform-engine-1.12.2.jar:1.12.2]
	at org.junit.platform.engine.support.hierarchical.ThrowableCollector.execute(ThrowableCollector.java:73) ~[junit-platform-engine-1.12.2.jar:1.12.2]
	at org.junit.platform.engine.support.hierarchical.NodeTestTask.lambda$executeRecursively$8(NodeTestTask.java:146) ~[junit-platform-engine-1.12.2.jar:1.12.2]
	at org.junit.platform.engine.support.hierarchical.Node.around(Node.java:137) ~[junit-platform-engine-1.12.2.jar:1.12.2]
	at org.junit.platform.engine.support.hierarchical.NodeTestTask.lambda$executeRecursively$9(NodeTestTask.java:144) ~[junit-platform-engine-1.12.2.jar:1.12.2]
	at org.junit.platform.engine.support.hierarchical.ThrowableCollector.execute(ThrowableCollector.java:73) ~[junit-platform-engine-1.12.2.jar:1.12.2]
	at org.junit.platform.engine.support.hierarchical.NodeTestTask.executeRecursively(NodeTestTask.java:143) ~[junit-platform-engine-1.12.2.jar:1.12.2]
	at org.junit.platform.engine.support.hierarchical.NodeTestTask.execute(NodeTestTask.java:100) ~[junit-platform-engine-1.12.2.jar:1.12.2]
	at java.util.ArrayList.forEach(ArrayList.java:1596) ~[?:?]
	at org.junit.platform.engine.support.hierarchical.SameThreadHierarchicalTestExecutorService.invokeAll(SameThreadHierarchicalTestExecutorService.java:41) ~[junit-platform-engine-1.12.2.jar:1.12.2]
	at org.junit.platform.engine.support.hierarchical.NodeTestTask.lambda$executeRecursively$6(NodeTestTask.java:160) ~[junit-platform-engine-1.12.2.jar:1.12.2]
	at org.junit.platform.engine.support.hierarchical.ThrowableCollector.execute(ThrowableCollector.java:73) ~[junit-platform-engine-1.12.2.jar:1.12.2]
	at org.junit.platform.engine.support.hierarchical.NodeTestTask.lambda$executeRecursively$8(NodeTestTask.java:146) ~[junit-platform-engine-1.12.2.jar:1.12.2]
	at org.junit.platform.engine.support.hierarchical.Node.around(Node.java:137) ~[junit-platform-engine-1.12.2.jar:1.12.2]
	at org.junit.platform.engine.support.hierarchical.NodeTestTask.lambda$executeRecursively$9(NodeTestTask.java:144) ~[junit-platform-engine-1.12.2.jar:1.12.2]
	at org.junit.platform.engine.support.hierarchical.ThrowableCollector.execute(ThrowableCollector.java:73) ~[junit-platform-engine-1.12.2.jar:1.12.2]
	at org.junit.platform.engine.support.hierarchical.NodeTestTask.executeRecursively(NodeTestTask.java:143) ~[junit-platform-engine-1.12.2.jar:1.12.2]
	at org.junit.platform.engine.support.hierarchical.NodeTestTask.execute(NodeTestTask.java:100) ~[junit-platform-engine-1.12.2.jar:1.12.2]
	at java.util.ArrayList.forEach(ArrayList.java:1596) ~[?:?]
	at org.junit.platform.engine.support.hierarchical.SameThreadHierarchicalTestExecutorService.invokeAll(SameThreadHierarchicalTestExecutorService.java:41) ~[junit-platform-engine-1.12.2.jar:1.12.2]
	at org.junit.platform.engine.support.hierarchical.NodeTestTask.lambda$executeRecursively$6(NodeTestTask.java:160) ~[junit-platform-engine-1.12.2.jar:1.12.2]
	at org.junit.platform.engine.support.hierarchical.ThrowableCollector.execute(ThrowableCollector.java:73) ~[junit-platform-engine-1.12.2.jar:1.12.2]
	at org.junit.platform.engine.support.hierarchical.NodeTestTask.lambda$executeRecursively$8(NodeTestTask.java:146) ~[junit-platform-engine-1.12.2.jar:1.12.2]
	at org.junit.platform.engine.support.hierarchical.Node.around(Node.java:137) ~[junit-platform-engine-1.12.2.jar:1.12.2]
	at org.junit.platform.engine.support.hierarchical.NodeTestTask.lambda$executeRecursively$9(NodeTestTask.java:144) ~[junit-platform-engine-1.12.2.jar:1.12.2]
	at org.junit.platform.engine.support.hierarchical.ThrowableCollector.execute(ThrowableCollector.java:73) ~[junit-platform-engine-1.12.2.jar:1.12.2]
	at org.junit.platform.engine.support.hierarchical.NodeTestTask.executeRecursively(NodeTestTask.java:143) ~[junit-platform-engine-1.12.2.jar:1.12.2]
	at org.junit.platform.engine.support.hierarchical.NodeTestTask.execute(NodeTestTask.java:100) ~[junit-platform-engine-1.12.2.jar:1.12.2]
	at org.junit.platform.engine.support.hierarchical.SameThreadHierarchicalTestExecutorService.submit(SameThreadHierarchicalTestExecutorService.java:35) ~[junit-platform-engine-1.12.2.jar:1.12.2]
	at org.junit.platform.engine.support.hierarchical.HierarchicalTestExecutor.execute(HierarchicalTestExecutor.java:57) ~[junit-platform-engine-1.12.2.jar:1.12.2]
	at org.junit.platform.engine.support.hierarchical.HierarchicalTestEngine.execute(HierarchicalTestEngine.java:54) ~[junit-platform-engine-1.12.2.jar:1.12.2]
	at org.junit.platform.launcher.core.EngineExecutionOrchestrator.execute(EngineExecutionOrchestrator.java:201) ~[junit-platform-launcher-1.12.2.jar:1.12.2]
	at org.junit.platform.launcher.core.EngineExecutionOrchestrator.execute(EngineExecutionOrchestrator.java:170) ~[junit-platform-launcher-1.12.2.jar:1.12.2]
	at org.junit.platform.launcher.core.EngineExecutionOrchestrator.execute(EngineExecutionOrchestrator.java:94) ~[junit-platform-launcher-1.12.2.jar:1.12.2]
	at org.junit.platform.launcher.core.EngineExecutionOrchestrator.lambda$execute$0(EngineExecutionOrchestrator.java:59) ~[junit-platform-launcher-1.12.2.jar:1.12.2]
	at org.junit.platform.launcher.core.EngineExecutionOrchestrator.withInterceptedStreams(EngineExecutionOrchestrator.java:142) ~[junit-platform-launcher-1.12.2.jar:1.12.2]
	at org.junit.platform.launcher.core.EngineExecutionOrchestrator.execute(EngineExecutionOrchestrator.java:58) ~[junit-platform-launcher-1.12.2.jar:1.12.2]
	at org.junit.platform.launcher.core.DefaultLauncher.execute(DefaultLauncher.java:103) ~[junit-platform-launcher-1.12.2.jar:1.12.2]
	at org.junit.platform.launcher.core.DefaultLauncher.execute(DefaultLauncher.java:85) ~[junit-platform-launcher-1.12.2.jar:1.12.2]
	at org.junit.platform.launcher.core.DelegatingLauncher.execute(DelegatingLauncher.java:47) ~[junit-platform-launcher-1.12.2.jar:1.12.2]
	at org.junit.platform.launcher.core.InterceptingLauncher.lambda$execute$1(InterceptingLauncher.java:39) ~[junit-platform-launcher-1.12.2.jar:1.12.2]
	at org.junit.platform.launcher.core.ClasspathAlignmentCheckingLauncherInterceptor.intercept(ClasspathAlignmentCheckingLauncherInterceptor.java:25) ~[junit-platform-launcher-1.12.2.jar:1.12.2]
	at org.junit.platform.launcher.core.InterceptingLauncher.execute(InterceptingLauncher.java:38) ~[junit-platform-launcher-1.12.2.jar:1.12.2]
	at org.junit.platform.launcher.core.DelegatingLauncher.execute(DelegatingLauncher.java:47) ~[junit-platform-launcher-1.12.2.jar:1.12.2]
	at org.junit.platform.launcher.core.SessionPerRequestLauncher.execute(SessionPerRequestLauncher.java:63) ~[junit-platform-launcher-1.12.2.jar:1.12.2]
	at com.intellij.junit5.JUnit5IdeaTestRunner.startRunnerWithArgs(JUnit5IdeaTestRunner.java:66) ~[junit5-rt.jar:?]
	at com.intellij.rt.junit.IdeaTestRunner$Repeater$1.execute(IdeaTestRunner.java:38) ~[junit-rt.jar:?]
	at com.intellij.rt.execution.junit.TestsRepeater.repeat(TestsRepeater.java:11) ~[idea_rt.jar:?]
	at com.intellij.rt.junit.IdeaTestRunner$Repeater.startRunnerWithArgs(IdeaTestRunner.java:35) ~[junit-rt.jar:?]
	at com.intellij.rt.junit.JUnitStarter.prepareStreamsAndStart(JUnitStarter.java:237) ~[junit-rt.jar:?]
	at com.intellij.rt.junit.JUnitStarter.main(JUnitStarter.java:58) ~[junit-rt.jar:?]
[2026-02-26 22:40:19.324] [INFO ][SpringApplicationShutdownHook][FileStorageService] 销毁存储平台 minio-1 成功
[2026-02-26 22:40:19.324] [INFO ][SpringApplicationShutdownHook][FileStorageService] 销毁存储平台 r2-1 成功
[2026-02-26 22:40:19.324] [INFO ][SpringApplicationShutdownHook][DruidDataSource] {dataSource-1} closing ...
[2026-02-26 22:40:19.330] [INFO ][SpringApplicationShutdownHook][DruidDataSource] {dataSource-1} closed
[2026-02-26 22:42:44.068] [INFO ][background-preinit][Version] HV000001: Hibernate Validator 8.0.3.Final
[2026-02-26 22:42:44.104] [INFO ][main][LibraryAdminApplication] Starting LibraryAdminApplication using Java 21.0.6 with PID 7436 (E:\library\library\library-admin\target\classes started by shent in E:\library\library)
[2026-02-26 22:42:44.106] [INFO ][main][LibraryAdminApplication] The following 1 profile is active: "dev"
[2026-02-26 22:42:45.240] [INFO ][main][Http11NioProtocol] Initializing ProtocolHandler ["http-nio-8080"]
[2026-02-26 22:42:45.242] [INFO ][main][StandardService] Starting service [Tomcat]
[2026-02-26 22:42:45.242] [INFO ][main][StandardEngine] Starting Servlet engine: [Apache Tomcat/10.1.50]
[2026-02-26 22:42:45.298] [INFO ][main][[/api/library]] Initializing Spring embedded WebApplicationContext
[2026-02-26 22:42:45.401] [INFO ][main][DruidDataSourceAutoConfigure] Init DruidDataSource
[2026-02-26 22:42:45.669] [INFO ][main][DruidDataSource] {dataSource-1} inited
[2026-02-26 22:42:45.949] [WARN ][main][FileStorageAutoConfiguration] 没有找到 FileRecorder 的实现类，文件上传之外的部分功能无法正常使用，必须实现该接口才能使用完整功能！
[2026-02-26 22:42:45.965] [INFO ][main][FileStorageServiceBuilder] 加载 MinIO 存储平台：minio-1
[2026-02-26 22:42:45.969] [INFO ][main][FileStorageServiceBuilder] 加载 Amazon S3 存储平台：r2-1
[2026-02-26 22:42:46.827] [INFO ][main][Http11NioProtocol] Starting ProtocolHandler ["http-nio-8080"]
[2026-02-26 22:42:46.866] [INFO ][main][LibraryAdminApplication] Started LibraryAdminApplication in 3.125 seconds (process running for 3.98)
[2026-02-26 22:42:53.222] [INFO ][http-nio-8080-exec-1][[/api/library]] Initializing Spring DispatcherServlet 'dispatcherServlet'
[2026-02-26 22:43:07.066] [INFO ][SpringApplicationShutdownHook][FileStorageService] 销毁存储平台 minio-1 成功
[2026-02-26 22:43:07.066] [INFO ][SpringApplicationShutdownHook][FileStorageService] 销毁存储平台 r2-1 成功
[2026-02-26 22:43:07.066] [INFO ][SpringApplicationShutdownHook][DruidDataSource] {dataSource-1} closing ...
[2026-02-26 22:43:07.072] [INFO ][SpringApplicationShutdownHook][DruidDataSource] {dataSource-1} closed
[2026-02-26 22:43:13.186] [INFO ][background-preinit][Version] HV000001: Hibernate Validator 8.0.3.Final
[2026-02-26 22:43:13.222] [INFO ][main][LibraryAdminApplicationTests] Starting LibraryAdminApplicationTests using Java 21.0.6 with PID 10992 (started by shent in E:\library\library\library-admin)
[2026-02-26 22:43:13.225] [INFO ][main][LibraryAdminApplicationTests] The following 1 profile is active: "dev"
[2026-02-26 22:43:14.496] [INFO ][main][DruidDataSourceAutoConfigure] Init DruidDataSource
[2026-02-26 22:43:14.801] [INFO ][main][DruidDataSource] {dataSource-1} inited
[2026-02-26 22:43:15.157] [WARN ][main][FileStorageAutoConfiguration] 没有找到 FileRecorder 的实现类，文件上传之外的部分功能无法正常使用，必须实现该接口才能使用完整功能！
[2026-02-26 22:43:15.174] [INFO ][main][FileStorageServiceBuilder] 加载 MinIO 存储平台：minio-1
[2026-02-26 22:43:15.178] [INFO ][main][FileStorageServiceBuilder] 加载 Amazon S3 存储平台：r2-1
[2026-02-26 22:43:16.447] [INFO ][main][LibraryAdminApplicationTests] Started LibraryAdminApplicationTests in 3.511 seconds (process running for 4.879)
[2026-02-26 22:43:18.530] [ERROR][main][EmailUtil] 邮件发送失败：
org.springframework.mail.MailSendException: Failed messages: org.eclipse.angus.mail.smtp.SMTPSendFailedException: 530-5.7.0 Must issue a STARTTLS command first. For more information, go to
530-5.7.0  https://support.google.com/a/answer/3221692 and review RFC 3207
530 5.7.0 specifications. 41be03b00d2f7-c70fa8479aasm2492086a12.31 - gsmtp

	at org.springframework.mail.javamail.JavaMailSenderImpl.doSend(JavaMailSenderImpl.java:453) ~[spring-context-support-6.2.15.jar:6.2.15]
	at org.springframework.mail.javamail.JavaMailSenderImpl.send(JavaMailSenderImpl.java:317) ~[spring-context-support-6.2.15.jar:6.2.15]
	at org.springframework.mail.MailSender.send(MailSender.java:42) ~[spring-context-support-6.2.15.jar:6.2.15]
	at com.library.system.util.EmailUtil.sendFromEmail(EmailUtil.java:41) ~[classes/:?]
	at com.library.admin.LibraryAdminApplicationTests.mailTest(LibraryAdminApplicationTests.java:19) ~[test-classes/:?]
	at jdk.internal.reflect.DirectMethodHandleAccessor.invoke(DirectMethodHandleAccessor.java:103) ~[?:?]
	at java.lang.reflect.Method.invoke(Method.java:580) ~[?:?]
	at org.junit.platform.commons.util.ReflectionUtils.invokeMethod(ReflectionUtils.java:775) ~[junit-platform-commons-1.12.2.jar:1.12.2]
	at org.junit.platform.commons.support.ReflectionSupport.invokeMethod(ReflectionSupport.java:479) ~[junit-platform-commons-1.12.2.jar:1.12.2]
	at org.junit.jupiter.engine.execution.MethodInvocation.proceed(MethodInvocation.java:60) ~[junit-jupiter-engine-5.12.2.jar:5.12.2]
	at org.junit.jupiter.engine.execution.InvocationInterceptorChain$ValidatingInvocation.proceed(InvocationInterceptorChain.java:131) ~[junit-jupiter-engine-5.12.2.jar:5.12.2]
	at org.junit.jupiter.engine.extension.TimeoutExtension.intercept(TimeoutExtension.java:161) ~[junit-jupiter-engine-5.12.2.jar:5.12.2]
	at org.junit.jupiter.engine.extension.TimeoutExtension.interceptTestableMethod(TimeoutExtension.java:152) ~[junit-jupiter-engine-5.12.2.jar:5.12.2]
	at org.junit.jupiter.engine.extension.TimeoutExtension.interceptTestMethod(TimeoutExtension.java:91) ~[junit-jupiter-engine-5.12.2.jar:5.12.2]
	at org.junit.jupiter.engine.execution.InterceptingExecutableInvoker$ReflectiveInterceptorCall.lambda$ofVoidMethod$0(InterceptingExecutableInvoker.java:112) ~[junit-jupiter-engine-5.12.2.jar:5.12.2]
	at org.junit.jupiter.engine.execution.InterceptingExecutableInvoker.lambda$invoke$0(InterceptingExecutableInvoker.java:94) ~[junit-jupiter-engine-5.12.2.jar:5.12.2]
	at org.junit.jupiter.engine.execution.InvocationInterceptorChain$InterceptedInvocation.proceed(InvocationInterceptorChain.java:106) ~[junit-jupiter-engine-5.12.2.jar:5.12.2]
	at org.junit.jupiter.engine.execution.InvocationInterceptorChain.proceed(InvocationInterceptorChain.java:64) ~[junit-jupiter-engine-5.12.2.jar:5.12.2]
	at org.junit.jupiter.engine.execution.InvocationInterceptorChain.chainAndInvoke(InvocationInterceptorChain.java:45) ~[junit-jupiter-engine-5.12.2.jar:5.12.2]
	at org.junit.jupiter.engine.execution.InvocationInterceptorChain.invoke(InvocationInterceptorChain.java:37) ~[junit-jupiter-engine-5.12.2.jar:5.12.2]
	at org.junit.jupiter.engine.execution.InterceptingExecutableInvoker.invoke(InterceptingExecutableInvoker.java:93) ~[junit-jupiter-engine-5.12.2.jar:5.12.2]
	at org.junit.jupiter.engine.execution.InterceptingExecutableInvoker.invoke(InterceptingExecutableInvoker.java:87) ~[junit-jupiter-engine-5.12.2.jar:5.12.2]
	at org.junit.jupiter.engine.descriptor.TestMethodTestDescriptor.lambda$invokeTestMethod$7(TestMethodTestDescriptor.java:216) ~[junit-jupiter-engine-5.12.2.jar:5.12.2]
	at org.junit.platform.engine.support.hierarchical.ThrowableCollector.execute(ThrowableCollector.java:73) ~[junit-platform-engine-1.12.2.jar:1.12.2]
	at org.junit.jupiter.engine.descriptor.TestMethodTestDescriptor.invokeTestMethod(TestMethodTestDescriptor.java:212) ~[junit-jupiter-engine-5.12.2.jar:5.12.2]
	at org.junit.jupiter.engine.descriptor.TestMethodTestDescriptor.execute(TestMethodTestDescriptor.java:137) ~[junit-jupiter-engine-5.12.2.jar:5.12.2]
	at org.junit.jupiter.engine.descriptor.TestMethodTestDescriptor.execute(TestMethodTestDescriptor.java:69) ~[junit-jupiter-engine-5.12.2.jar:5.12.2]
	at org.junit.platform.engine.support.hierarchical.NodeTestTask.lambda$executeRecursively$6(NodeTestTask.java:156) ~[junit-platform-engine-1.12.2.jar:1.12.2]
	at org.junit.platform.engine.support.hierarchical.ThrowableCollector.execute(ThrowableCollector.java:73) ~[junit-platform-engine-1.12.2.jar:1.12.2]
	at org.junit.platform.engine.support.hierarchical.NodeTestTask.lambda$executeRecursively$8(NodeTestTask.java:146) ~[junit-platform-engine-1.12.2.jar:1.12.2]
	at org.junit.platform.engine.support.hierarchical.Node.around(Node.java:137) ~[junit-platform-engine-1.12.2.jar:1.12.2]
	at org.junit.platform.engine.support.hierarchical.NodeTestTask.lambda$executeRecursively$9(NodeTestTask.java:144) ~[junit-platform-engine-1.12.2.jar:1.12.2]
	at org.junit.platform.engine.support.hierarchical.ThrowableCollector.execute(ThrowableCollector.java:73) ~[junit-platform-engine-1.12.2.jar:1.12.2]
	at org.junit.platform.engine.support.hierarchical.NodeTestTask.executeRecursively(NodeTestTask.java:143) ~[junit-platform-engine-1.12.2.jar:1.12.2]
	at org.junit.platform.engine.support.hierarchical.NodeTestTask.execute(NodeTestTask.java:100) ~[junit-platform-engine-1.12.2.jar:1.12.2]
	at java.util.ArrayList.forEach(ArrayList.java:1596) ~[?:?]
	at org.junit.platform.engine.support.hierarchical.SameThreadHierarchicalTestExecutorService.invokeAll(SameThreadHierarchicalTestExecutorService.java:41) ~[junit-platform-engine-1.12.2.jar:1.12.2]
	at org.junit.platform.engine.support.hierarchical.NodeTestTask.lambda$executeRecursively$6(NodeTestTask.java:160) ~[junit-platform-engine-1.12.2.jar:1.12.2]
	at org.junit.platform.engine.support.hierarchical.ThrowableCollector.execute(ThrowableCollector.java:73) ~[junit-platform-engine-1.12.2.jar:1.12.2]
	at org.junit.platform.engine.support.hierarchical.NodeTestTask.lambda$executeRecursively$8(NodeTestTask.java:146) ~[junit-platform-engine-1.12.2.jar:1.12.2]
	at org.junit.platform.engine.support.hierarchical.Node.around(Node.java:137) ~[junit-platform-engine-1.12.2.jar:1.12.2]
	at org.junit.platform.engine.support.hierarchical.NodeTestTask.lambda$executeRecursively$9(NodeTestTask.java:144) ~[junit-platform-engine-1.12.2.jar:1.12.2]
	at org.junit.platform.engine.support.hierarchical.ThrowableCollector.execute(ThrowableCollector.java:73) ~[junit-platform-engine-1.12.2.jar:1.12.2]
	at org.junit.platform.engine.support.hierarchical.NodeTestTask.executeRecursively(NodeTestTask.java:143) ~[junit-platform-engine-1.12.2.jar:1.12.2]
	at org.junit.platform.engine.support.hierarchical.NodeTestTask.execute(NodeTestTask.java:100) ~[junit-platform-engine-1.12.2.jar:1.12.2]
	at java.util.ArrayList.forEach(ArrayList.java:1596) ~[?:?]
	at org.junit.platform.engine.support.hierarchical.SameThreadHierarchicalTestExecutorService.invokeAll(SameThreadHierarchicalTestExecutorService.java:41) ~[junit-platform-engine-1.12.2.jar:1.12.2]
	at org.junit.platform.engine.support.hierarchical.NodeTestTask.lambda$executeRecursively$6(NodeTestTask.java:160) ~[junit-platform-engine-1.12.2.jar:1.12.2]
	at org.junit.platform.engine.support.hierarchical.ThrowableCollector.execute(ThrowableCollector.java:73) ~[junit-platform-engine-1.12.2.jar:1.12.2]
	at org.junit.platform.engine.support.hierarchical.NodeTestTask.lambda$executeRecursively$8(NodeTestTask.java:146) ~[junit-platform-engine-1.12.2.jar:1.12.2]
	at org.junit.platform.engine.support.hierarchical.Node.around(Node.java:137) ~[junit-platform-engine-1.12.2.jar:1.12.2]
	at org.junit.platform.engine.support.hierarchical.NodeTestTask.lambda$executeRecursively$9(NodeTestTask.java:144) ~[junit-platform-engine-1.12.2.jar:1.12.2]
	at org.junit.platform.engine.support.hierarchical.ThrowableCollector.execute(ThrowableCollector.java:73) ~[junit-platform-engine-1.12.2.jar:1.12.2]
	at org.junit.platform.engine.support.hierarchical.NodeTestTask.executeRecursively(NodeTestTask.java:143) ~[junit-platform-engine-1.12.2.jar:1.12.2]
	at org.junit.platform.engine.support.hierarchical.NodeTestTask.execute(NodeTestTask.java:100) ~[junit-platform-engine-1.12.2.jar:1.12.2]
	at org.junit.platform.engine.support.hierarchical.SameThreadHierarchicalTestExecutorService.submit(SameThreadHierarchicalTestExecutorService.java:35) ~[junit-platform-engine-1.12.2.jar:1.12.2]
	at org.junit.platform.engine.support.hierarchical.HierarchicalTestExecutor.execute(HierarchicalTestExecutor.java:57) ~[junit-platform-engine-1.12.2.jar:1.12.2]
	at org.junit.platform.engine.support.hierarchical.HierarchicalTestEngine.execute(HierarchicalTestEngine.java:54) ~[junit-platform-engine-1.12.2.jar:1.12.2]
	at org.junit.platform.launcher.core.EngineExecutionOrchestrator.execute(EngineExecutionOrchestrator.java:201) ~[junit-platform-launcher-1.12.2.jar:1.12.2]
	at org.junit.platform.launcher.core.EngineExecutionOrchestrator.execute(EngineExecutionOrchestrator.java:170) ~[junit-platform-launcher-1.12.2.jar:1.12.2]
	at org.junit.platform.launcher.core.EngineExecutionOrchestrator.execute(EngineExecutionOrchestrator.java:94) ~[junit-platform-launcher-1.12.2.jar:1.12.2]
	at org.junit.platform.launcher.core.EngineExecutionOrchestrator.lambda$execute$0(EngineExecutionOrchestrator.java:59) ~[junit-platform-launcher-1.12.2.jar:1.12.2]
	at org.junit.platform.launcher.core.EngineExecutionOrchestrator.withInterceptedStreams(EngineExecutionOrchestrator.java:142) ~[junit-platform-launcher-1.12.2.jar:1.12.2]
	at org.junit.platform.launcher.core.EngineExecutionOrchestrator.execute(EngineExecutionOrchestrator.java:58) ~[junit-platform-launcher-1.12.2.jar:1.12.2]
	at org.junit.platform.launcher.core.DefaultLauncher.execute(DefaultLauncher.java:103) ~[junit-platform-launcher-1.12.2.jar:1.12.2]
	at org.junit.platform.launcher.core.DefaultLauncher.execute(DefaultLauncher.java:85) ~[junit-platform-launcher-1.12.2.jar:1.12.2]
	at org.junit.platform.launcher.core.DelegatingLauncher.execute(DelegatingLauncher.java:47) ~[junit-platform-launcher-1.12.2.jar:1.12.2]
	at org.junit.platform.launcher.core.InterceptingLauncher.lambda$execute$1(InterceptingLauncher.java:39) ~[junit-platform-launcher-1.12.2.jar:1.12.2]
	at org.junit.platform.launcher.core.ClasspathAlignmentCheckingLauncherInterceptor.intercept(ClasspathAlignmentCheckingLauncherInterceptor.java:25) ~[junit-platform-launcher-1.12.2.jar:1.12.2]
	at org.junit.platform.launcher.core.InterceptingLauncher.execute(InterceptingLauncher.java:38) ~[junit-platform-launcher-1.12.2.jar:1.12.2]
	at org.junit.platform.launcher.core.DelegatingLauncher.execute(DelegatingLauncher.java:47) ~[junit-platform-launcher-1.12.2.jar:1.12.2]
	at org.junit.platform.launcher.core.SessionPerRequestLauncher.execute(SessionPerRequestLauncher.java:63) ~[junit-platform-launcher-1.12.2.jar:1.12.2]
	at com.intellij.junit5.JUnit5IdeaTestRunner.startRunnerWithArgs(JUnit5IdeaTestRunner.java:66) ~[junit5-rt.jar:?]
	at com.intellij.rt.junit.IdeaTestRunner$Repeater$1.execute(IdeaTestRunner.java:38) ~[junit-rt.jar:?]
	at com.intellij.rt.execution.junit.TestsRepeater.repeat(TestsRepeater.java:11) ~[idea_rt.jar:?]
	at com.intellij.rt.junit.IdeaTestRunner$Repeater.startRunnerWithArgs(IdeaTestRunner.java:35) ~[junit-rt.jar:?]
	at com.intellij.rt.junit.JUnitStarter.prepareStreamsAndStart(JUnitStarter.java:237) ~[junit-rt.jar:?]
	at com.intellij.rt.junit.JUnitStarter.main(JUnitStarter.java:58) ~[junit-rt.jar:?]
[2026-02-26 22:43:18.574] [INFO ][SpringApplicationShutdownHook][FileStorageService] 销毁存储平台 minio-1 成功
[2026-02-26 22:43:18.574] [INFO ][SpringApplicationShutdownHook][FileStorageService] 销毁存储平台 r2-1 成功
[2026-02-26 22:43:18.575] [INFO ][SpringApplicationShutdownHook][DruidDataSource] {dataSource-1} closing ...
[2026-02-26 22:43:18.581] [INFO ][SpringApplicationShutdownHook][DruidDataSource] {dataSource-1} closed
[2026-02-26 22:48:26.474] [INFO ][background-preinit][Version] HV000001: Hibernate Validator 8.0.3.Final
[2026-02-26 22:48:26.503] [INFO ][main][LibraryAdminApplicationTests] Starting LibraryAdminApplicationTests using Java 21.0.6 with PID 29352 (started by shent in E:\library\library\library-admin)
[2026-02-26 22:48:26.507] [INFO ][main][LibraryAdminApplicationTests] The following 1 profile is active: "dev"
[2026-02-26 22:48:27.753] [INFO ][main][DruidDataSourceAutoConfigure] Init DruidDataSource
[2026-02-26 22:48:28.077] [INFO ][main][DruidDataSource] {dataSource-1} inited
[2026-02-26 22:48:28.425] [WARN ][main][FileStorageAutoConfiguration] 没有找到 FileRecorder 的实现类，文件上传之外的部分功能无法正常使用，必须实现该接口才能使用完整功能！
[2026-02-26 22:48:28.443] [INFO ][main][FileStorageServiceBuilder] 加载 MinIO 存储平台：minio-1
[2026-02-26 22:48:28.448] [INFO ][main][FileStorageServiceBuilder] 加载 Amazon S3 存储平台：r2-1
[2026-02-26 22:48:29.636] [INFO ][main][LibraryAdminApplicationTests] Started LibraryAdminApplicationTests in 3.41 seconds (process running for 4.749)
[2026-02-26 22:48:35.249] [ERROR][main][EmailUtil] 邮件发送失败：
org.springframework.mail.MailSendException: Mail server connection failed. Failed messages: jakarta.mail.MessagingException: Exception reading response;
  nested exception is:
	java.net.SocketTimeoutException: Read timed out
	at org.springframework.mail.javamail.JavaMailSenderImpl.doSend(JavaMailSenderImpl.java:410) ~[spring-context-support-6.2.15.jar:6.2.15]
	at org.springframework.mail.javamail.JavaMailSenderImpl.send(JavaMailSenderImpl.java:317) ~[spring-context-support-6.2.15.jar:6.2.15]
	at org.springframework.mail.MailSender.send(MailSender.java:42) ~[spring-context-support-6.2.15.jar:6.2.15]
	at com.library.system.util.EmailUtil.sendFromEmail(EmailUtil.java:41) ~[classes/:?]
	at com.library.admin.LibraryAdminApplicationTests.mailTest(LibraryAdminApplicationTests.java:19) ~[test-classes/:?]
	at jdk.internal.reflect.DirectMethodHandleAccessor.invoke(DirectMethodHandleAccessor.java:103) ~[?:?]
	at java.lang.reflect.Method.invoke(Method.java:580) ~[?:?]
	at org.junit.platform.commons.util.ReflectionUtils.invokeMethod(ReflectionUtils.java:775) ~[junit-platform-commons-1.12.2.jar:1.12.2]
	at org.junit.platform.commons.support.ReflectionSupport.invokeMethod(ReflectionSupport.java:479) ~[junit-platform-commons-1.12.2.jar:1.12.2]
	at org.junit.jupiter.engine.execution.MethodInvocation.proceed(MethodInvocation.java:60) ~[junit-jupiter-engine-5.12.2.jar:5.12.2]
	at org.junit.jupiter.engine.execution.InvocationInterceptorChain$ValidatingInvocation.proceed(InvocationInterceptorChain.java:131) ~[junit-jupiter-engine-5.12.2.jar:5.12.2]
	at org.junit.jupiter.engine.extension.TimeoutExtension.intercept(TimeoutExtension.java:161) ~[junit-jupiter-engine-5.12.2.jar:5.12.2]
	at org.junit.jupiter.engine.extension.TimeoutExtension.interceptTestableMethod(TimeoutExtension.java:152) ~[junit-jupiter-engine-5.12.2.jar:5.12.2]
	at org.junit.jupiter.engine.extension.TimeoutExtension.interceptTestMethod(TimeoutExtension.java:91) ~[junit-jupiter-engine-5.12.2.jar:5.12.2]
	at org.junit.jupiter.engine.execution.InterceptingExecutableInvoker$ReflectiveInterceptorCall.lambda$ofVoidMethod$0(InterceptingExecutableInvoker.java:112) ~[junit-jupiter-engine-5.12.2.jar:5.12.2]
	at org.junit.jupiter.engine.execution.InterceptingExecutableInvoker.lambda$invoke$0(InterceptingExecutableInvoker.java:94) ~[junit-jupiter-engine-5.12.2.jar:5.12.2]
	at org.junit.jupiter.engine.execution.InvocationInterceptorChain$InterceptedInvocation.proceed(InvocationInterceptorChain.java:106) ~[junit-jupiter-engine-5.12.2.jar:5.12.2]
	at org.junit.jupiter.engine.execution.InvocationInterceptorChain.proceed(InvocationInterceptorChain.java:64) ~[junit-jupiter-engine-5.12.2.jar:5.12.2]
	at org.junit.jupiter.engine.execution.InvocationInterceptorChain.chainAndInvoke(InvocationInterceptorChain.java:45) ~[junit-jupiter-engine-5.12.2.jar:5.12.2]
	at org.junit.jupiter.engine.execution.InvocationInterceptorChain.invoke(InvocationInterceptorChain.java:37) ~[junit-jupiter-engine-5.12.2.jar:5.12.2]
	at org.junit.jupiter.engine.execution.InterceptingExecutableInvoker.invoke(InterceptingExecutableInvoker.java:93) ~[junit-jupiter-engine-5.12.2.jar:5.12.2]
	at org.junit.jupiter.engine.execution.InterceptingExecutableInvoker.invoke(InterceptingExecutableInvoker.java:87) ~[junit-jupiter-engine-5.12.2.jar:5.12.2]
	at org.junit.jupiter.engine.descriptor.TestMethodTestDescriptor.lambda$invokeTestMethod$7(TestMethodTestDescriptor.java:216) ~[junit-jupiter-engine-5.12.2.jar:5.12.2]
	at org.junit.platform.engine.support.hierarchical.ThrowableCollector.execute(ThrowableCollector.java:73) ~[junit-platform-engine-1.12.2.jar:1.12.2]
	at org.junit.jupiter.engine.descriptor.TestMethodTestDescriptor.invokeTestMethod(TestMethodTestDescriptor.java:212) ~[junit-jupiter-engine-5.12.2.jar:5.12.2]
	at org.junit.jupiter.engine.descriptor.TestMethodTestDescriptor.execute(TestMethodTestDescriptor.java:137) ~[junit-jupiter-engine-5.12.2.jar:5.12.2]
	at org.junit.jupiter.engine.descriptor.TestMethodTestDescriptor.execute(TestMethodTestDescriptor.java:69) ~[junit-jupiter-engine-5.12.2.jar:5.12.2]
	at org.junit.platform.engine.support.hierarchical.NodeTestTask.lambda$executeRecursively$6(NodeTestTask.java:156) ~[junit-platform-engine-1.12.2.jar:1.12.2]
	at org.junit.platform.engine.support.hierarchical.ThrowableCollector.execute(ThrowableCollector.java:73) ~[junit-platform-engine-1.12.2.jar:1.12.2]
	at org.junit.platform.engine.support.hierarchical.NodeTestTask.lambda$executeRecursively$8(NodeTestTask.java:146) ~[junit-platform-engine-1.12.2.jar:1.12.2]
	at org.junit.platform.engine.support.hierarchical.Node.around(Node.java:137) ~[junit-platform-engine-1.12.2.jar:1.12.2]
	at org.junit.platform.engine.support.hierarchical.NodeTestTask.lambda$executeRecursively$9(NodeTestTask.java:144) ~[junit-platform-engine-1.12.2.jar:1.12.2]
	at org.junit.platform.engine.support.hierarchical.ThrowableCollector.execute(ThrowableCollector.java:73) ~[junit-platform-engine-1.12.2.jar:1.12.2]
	at org.junit.platform.engine.support.hierarchical.NodeTestTask.executeRecursively(NodeTestTask.java:143) ~[junit-platform-engine-1.12.2.jar:1.12.2]
	at org.junit.platform.engine.support.hierarchical.NodeTestTask.execute(NodeTestTask.java:100) ~[junit-platform-engine-1.12.2.jar:1.12.2]
	at java.util.ArrayList.forEach(ArrayList.java:1596) ~[?:?]
	at org.junit.platform.engine.support.hierarchical.SameThreadHierarchicalTestExecutorService.invokeAll(SameThreadHierarchicalTestExecutorService.java:41) ~[junit-platform-engine-1.12.2.jar:1.12.2]
	at org.junit.platform.engine.support.hierarchical.NodeTestTask.lambda$executeRecursively$6(NodeTestTask.java:160) ~[junit-platform-engine-1.12.2.jar:1.12.2]
	at org.junit.platform.engine.support.hierarchical.ThrowableCollector.execute(ThrowableCollector.java:73) ~[junit-platform-engine-1.12.2.jar:1.12.2]
	at org.junit.platform.engine.support.hierarchical.NodeTestTask.lambda$executeRecursively$8(NodeTestTask.java:146) ~[junit-platform-engine-1.12.2.jar:1.12.2]
	at org.junit.platform.engine.support.hierarchical.Node.around(Node.java:137) ~[junit-platform-engine-1.12.2.jar:1.12.2]
	at org.junit.platform.engine.support.hierarchical.NodeTestTask.lambda$executeRecursively$9(NodeTestTask.java:144) ~[junit-platform-engine-1.12.2.jar:1.12.2]
	at org.junit.platform.engine.support.hierarchical.ThrowableCollector.execute(ThrowableCollector.java:73) ~[junit-platform-engine-1.12.2.jar:1.12.2]
	at org.junit.platform.engine.support.hierarchical.NodeTestTask.executeRecursively(NodeTestTask.java:143) ~[junit-platform-engine-1.12.2.jar:1.12.2]
	at org.junit.platform.engine.support.hierarchical.NodeTestTask.execute(NodeTestTask.java:100) ~[junit-platform-engine-1.12.2.jar:1.12.2]
	at java.util.ArrayList.forEach(ArrayList.java:1596) ~[?:?]
	at org.junit.platform.engine.support.hierarchical.SameThreadHierarchicalTestExecutorService.invokeAll(SameThreadHierarchicalTestExecutorService.java:41) ~[junit-platform-engine-1.12.2.jar:1.12.2]
	at org.junit.platform.engine.support.hierarchical.NodeTestTask.lambda$executeRecursively$6(NodeTestTask.java:160) ~[junit-platform-engine-1.12.2.jar:1.12.2]
	at org.junit.platform.engine.support.hierarchical.ThrowableCollector.execute(ThrowableCollector.java:73) ~[junit-platform-engine-1.12.2.jar:1.12.2]
	at org.junit.platform.engine.support.hierarchical.NodeTestTask.lambda$executeRecursively$8(NodeTestTask.java:146) ~[junit-platform-engine-1.12.2.jar:1.12.2]
	at org.junit.platform.engine.support.hierarchical.Node.around(Node.java:137) ~[junit-platform-engine-1.12.2.jar:1.12.2]
	at org.junit.platform.engine.support.hierarchical.NodeTestTask.lambda$executeRecursively$9(NodeTestTask.java:144) ~[junit-platform-engine-1.12.2.jar:1.12.2]
	at org.junit.platform.engine.support.hierarchical.ThrowableCollector.execute(ThrowableCollector.java:73) ~[junit-platform-engine-1.12.2.jar:1.12.2]
	at org.junit.platform.engine.support.hierarchical.NodeTestTask.executeRecursively(NodeTestTask.java:143) ~[junit-platform-engine-1.12.2.jar:1.12.2]
	at org.junit.platform.engine.support.hierarchical.NodeTestTask.execute(NodeTestTask.java:100) ~[junit-platform-engine-1.12.2.jar:1.12.2]
	at org.junit.platform.engine.support.hierarchical.SameThreadHierarchicalTestExecutorService.submit(SameThreadHierarchicalTestExecutorService.java:35) ~[junit-platform-engine-1.12.2.jar:1.12.2]
	at org.junit.platform.engine.support.hierarchical.HierarchicalTestExecutor.execute(HierarchicalTestExecutor.java:57) ~[junit-platform-engine-1.12.2.jar:1.12.2]
	at org.junit.platform.engine.support.hierarchical.HierarchicalTestEngine.execute(HierarchicalTestEngine.java:54) ~[junit-platform-engine-1.12.2.jar:1.12.2]
	at org.junit.platform.launcher.core.EngineExecutionOrchestrator.execute(EngineExecutionOrchestrator.java:201) ~[junit-platform-launcher-1.12.2.jar:1.12.2]
	at org.junit.platform.launcher.core.EngineExecutionOrchestrator.execute(EngineExecutionOrchestrator.java:170) ~[junit-platform-launcher-1.12.2.jar:1.12.2]
	at org.junit.platform.launcher.core.EngineExecutionOrchestrator.execute(EngineExecutionOrchestrator.java:94) ~[junit-platform-launcher-1.12.2.jar:1.12.2]
	at org.junit.platform.launcher.core.EngineExecutionOrchestrator.lambda$execute$0(EngineExecutionOrchestrator.java:59) ~[junit-platform-launcher-1.12.2.jar:1.12.2]
	at org.junit.platform.launcher.core.EngineExecutionOrchestrator.withInterceptedStreams(EngineExecutionOrchestrator.java:142) ~[junit-platform-launcher-1.12.2.jar:1.12.2]
	at org.junit.platform.launcher.core.EngineExecutionOrchestrator.execute(EngineExecutionOrchestrator.java:58) ~[junit-platform-launcher-1.12.2.jar:1.12.2]
	at org.junit.platform.launcher.core.DefaultLauncher.execute(DefaultLauncher.java:103) ~[junit-platform-launcher-1.12.2.jar:1.12.2]
	at org.junit.platform.launcher.core.DefaultLauncher.execute(DefaultLauncher.java:85) ~[junit-platform-launcher-1.12.2.jar:1.12.2]
	at org.junit.platform.launcher.core.DelegatingLauncher.execute(DelegatingLauncher.java:47) ~[junit-platform-launcher-1.12.2.jar:1.12.2]
	at org.junit.platform.launcher.core.InterceptingLauncher.lambda$execute$1(InterceptingLauncher.java:39) ~[junit-platform-launcher-1.12.2.jar:1.12.2]
	at org.junit.platform.launcher.core.ClasspathAlignmentCheckingLauncherInterceptor.intercept(ClasspathAlignmentCheckingLauncherInterceptor.java:25) ~[junit-platform-launcher-1.12.2.jar:1.12.2]
	at org.junit.platform.launcher.core.InterceptingLauncher.execute(InterceptingLauncher.java:38) ~[junit-platform-launcher-1.12.2.jar:1.12.2]
	at org.junit.platform.launcher.core.DelegatingLauncher.execute(DelegatingLauncher.java:47) ~[junit-platform-launcher-1.12.2.jar:1.12.2]
	at org.junit.platform.launcher.core.SessionPerRequestLauncher.execute(SessionPerRequestLauncher.java:63) ~[junit-platform-launcher-1.12.2.jar:1.12.2]
	at com.intellij.junit5.JUnit5IdeaTestRunner.startRunnerWithArgs(JUnit5IdeaTestRunner.java:66) ~[junit5-rt.jar:?]
	at com.intellij.rt.junit.IdeaTestRunner$Repeater$1.execute(IdeaTestRunner.java:38) ~[junit-rt.jar:?]
	at com.intellij.rt.execution.junit.TestsRepeater.repeat(TestsRepeater.java:11) ~[idea_rt.jar:?]
	at com.intellij.rt.junit.IdeaTestRunner$Repeater.startRunnerWithArgs(IdeaTestRunner.java:35) ~[junit-rt.jar:?]
	at com.intellij.rt.junit.JUnitStarter.prepareStreamsAndStart(JUnitStarter.java:237) ~[junit-rt.jar:?]
	at com.intellij.rt.junit.JUnitStarter.main(JUnitStarter.java:58) ~[junit-rt.jar:?]
Caused by: jakarta.mail.MessagingException: Exception reading response
	at org.eclipse.angus.mail.smtp.SMTPTransport.readServerResponse(SMTPTransport.java:2520) ~[jakarta.mail-2.0.5.jar:?]
	at org.eclipse.angus.mail.smtp.SMTPTransport.openServer(SMTPTransport.java:2205) ~[jakarta.mail-2.0.5.jar:?]
	at org.eclipse.angus.mail.smtp.SMTPTransport.protocolConnect(SMTPTransport.java:729) ~[jakarta.mail-2.0.5.jar:?]
	at jakarta.mail.Service.connect(Service.java:345) ~[jakarta.mail-2.0.5.jar:?]
	at org.springframework.mail.javamail.JavaMailSenderImpl.connectTransport(JavaMailSenderImpl.java:480) ~[spring-context-support-6.2.15.jar:6.2.15]
	at org.springframework.mail.javamail.JavaMailSenderImpl.doSend(JavaMailSenderImpl.java:399) ~[spring-context-support-6.2.15.jar:6.2.15]
	... 77 more
Caused by: java.net.SocketTimeoutException: Read timed out
	at sun.nio.ch.NioSocketImpl.timedRead(NioSocketImpl.java:278) ~[?:?]
	at sun.nio.ch.NioSocketImpl.implRead(NioSocketImpl.java:304) ~[?:?]
	at sun.nio.ch.NioSocketImpl.read(NioSocketImpl.java:346) ~[?:?]
	at sun.nio.ch.NioSocketImpl$1.read(NioSocketImpl.java:796) ~[?:?]
	at java.net.Socket$SocketInputStream.read(Socket.java:1099) ~[?:?]
	at org.eclipse.angus.mail.util.TraceInputStream.read(TraceInputStream.java:107) ~[jakarta.mail-2.0.5.jar:?]
	at java.io.BufferedInputStream.fill(BufferedInputStream.java:291) ~[?:?]
	at java.io.BufferedInputStream.implRead(BufferedInputStream.java:325) ~[?:?]
	at java.io.BufferedInputStream.read(BufferedInputStream.java:312) ~[?:?]
	at org.eclipse.angus.mail.util.LineInputStream.readLine(LineInputStream.java:104) ~[jakarta.mail-2.0.5.jar:?]
	at org.eclipse.angus.mail.smtp.SMTPTransport.readServerResponse(SMTPTransport.java:2500) ~[jakarta.mail-2.0.5.jar:?]
	at org.eclipse.angus.mail.smtp.SMTPTransport.openServer(SMTPTransport.java:2205) ~[jakarta.mail-2.0.5.jar:?]
	at org.eclipse.angus.mail.smtp.SMTPTransport.protocolConnect(SMTPTransport.java:729) ~[jakarta.mail-2.0.5.jar:?]
	at jakarta.mail.Service.connect(Service.java:345) ~[jakarta.mail-2.0.5.jar:?]
	at org.springframework.mail.javamail.JavaMailSenderImpl.connectTransport(JavaMailSenderImpl.java:480) ~[spring-context-support-6.2.15.jar:6.2.15]
	at org.springframework.mail.javamail.JavaMailSenderImpl.doSend(JavaMailSenderImpl.java:399) ~[spring-context-support-6.2.15.jar:6.2.15]
	... 77 more
[2026-02-26 22:48:35.290] [INFO ][SpringApplicationShutdownHook][FileStorageService] 销毁存储平台 minio-1 成功
[2026-02-26 22:48:35.291] [INFO ][SpringApplicationShutdownHook][FileStorageService] 销毁存储平台 r2-1 成功
[2026-02-26 22:48:35.291] [INFO ][SpringApplicationShutdownHook][DruidDataSource] {dataSource-1} closing ...
[2026-02-26 22:48:35.297] [INFO ][SpringApplicationShutdownHook][DruidDataSource] {dataSource-1} closed
[2026-02-26 22:48:42.426] [INFO ][background-preinit][Version] HV000001: Hibernate Validator 8.0.3.Final
[2026-02-26 22:48:42.460] [INFO ][main][LibraryAdminApplicationTests] Starting LibraryAdminApplicationTests using Java 21.0.6 with PID 31672 (started by shent in E:\library\library\library-admin)
[2026-02-26 22:48:42.464] [INFO ][main][LibraryAdminApplicationTests] The following 1 profile is active: "dev"
[2026-02-26 22:48:43.729] [INFO ][main][DruidDataSourceAutoConfigure] Init DruidDataSource
[2026-02-26 22:48:44.038] [INFO ][main][DruidDataSource] {dataSource-1} inited
[2026-02-26 22:48:44.397] [WARN ][main][FileStorageAutoConfiguration] 没有找到 FileRecorder 的实现类，文件上传之外的部分功能无法正常使用，必须实现该接口才能使用完整功能！
[2026-02-26 22:48:44.417] [INFO ][main][FileStorageServiceBuilder] 加载 MinIO 存储平台：minio-1
[2026-02-26 22:48:44.421] [INFO ][main][FileStorageServiceBuilder] 加载 Amazon S3 存储平台：r2-1
[2026-02-26 22:48:45.613] [INFO ][main][LibraryAdminApplicationTests] Started LibraryAdminApplicationTests in 3.424 seconds (process running for 4.753)
[2026-02-26 22:48:47.517] [ERROR][main][EmailUtil] 邮件发送失败：
org.springframework.mail.MailSendException: Failed messages: org.eclipse.angus.mail.smtp.SMTPSendFailedException: 530-5.7.0 Must issue a STARTTLS command first. For more information, go to
530-5.7.0  https://support.google.com/a/answer/3221692 and review RFC 3207
530 5.7.0 specifications. 98e67ed59e1d1-359131aa5afsm3145460a91.0 - gsmtp

	at org.springframework.mail.javamail.JavaMailSenderImpl.doSend(JavaMailSenderImpl.java:453) ~[spring-context-support-6.2.15.jar:6.2.15]
	at org.springframework.mail.javamail.JavaMailSenderImpl.send(JavaMailSenderImpl.java:317) ~[spring-context-support-6.2.15.jar:6.2.15]
	at org.springframework.mail.MailSender.send(MailSender.java:42) ~[spring-context-support-6.2.15.jar:6.2.15]
	at com.library.system.util.EmailUtil.sendFromEmail(EmailUtil.java:41) ~[classes/:?]
	at com.library.admin.LibraryAdminApplicationTests.mailTest(LibraryAdminApplicationTests.java:19) ~[test-classes/:?]
	at jdk.internal.reflect.DirectMethodHandleAccessor.invoke(DirectMethodHandleAccessor.java:103) ~[?:?]
	at java.lang.reflect.Method.invoke(Method.java:580) ~[?:?]
	at org.junit.platform.commons.util.ReflectionUtils.invokeMethod(ReflectionUtils.java:775) ~[junit-platform-commons-1.12.2.jar:1.12.2]
	at org.junit.platform.commons.support.ReflectionSupport.invokeMethod(ReflectionSupport.java:479) ~[junit-platform-commons-1.12.2.jar:1.12.2]
	at org.junit.jupiter.engine.execution.MethodInvocation.proceed(MethodInvocation.java:60) ~[junit-jupiter-engine-5.12.2.jar:5.12.2]
	at org.junit.jupiter.engine.execution.InvocationInterceptorChain$ValidatingInvocation.proceed(InvocationInterceptorChain.java:131) ~[junit-jupiter-engine-5.12.2.jar:5.12.2]
	at org.junit.jupiter.engine.extension.TimeoutExtension.intercept(TimeoutExtension.java:161) ~[junit-jupiter-engine-5.12.2.jar:5.12.2]
	at org.junit.jupiter.engine.extension.TimeoutExtension.interceptTestableMethod(TimeoutExtension.java:152) ~[junit-jupiter-engine-5.12.2.jar:5.12.2]
	at org.junit.jupiter.engine.extension.TimeoutExtension.interceptTestMethod(TimeoutExtension.java:91) ~[junit-jupiter-engine-5.12.2.jar:5.12.2]
	at org.junit.jupiter.engine.execution.InterceptingExecutableInvoker$ReflectiveInterceptorCall.lambda$ofVoidMethod$0(InterceptingExecutableInvoker.java:112) ~[junit-jupiter-engine-5.12.2.jar:5.12.2]
	at org.junit.jupiter.engine.execution.InterceptingExecutableInvoker.lambda$invoke$0(InterceptingExecutableInvoker.java:94) ~[junit-jupiter-engine-5.12.2.jar:5.12.2]
	at org.junit.jupiter.engine.execution.InvocationInterceptorChain$InterceptedInvocation.proceed(InvocationInterceptorChain.java:106) ~[junit-jupiter-engine-5.12.2.jar:5.12.2]
	at org.junit.jupiter.engine.execution.InvocationInterceptorChain.proceed(InvocationInterceptorChain.java:64) ~[junit-jupiter-engine-5.12.2.jar:5.12.2]
	at org.junit.jupiter.engine.execution.InvocationInterceptorChain.chainAndInvoke(InvocationInterceptorChain.java:45) ~[junit-jupiter-engine-5.12.2.jar:5.12.2]
	at org.junit.jupiter.engine.execution.InvocationInterceptorChain.invoke(InvocationInterceptorChain.java:37) ~[junit-jupiter-engine-5.12.2.jar:5.12.2]
	at org.junit.jupiter.engine.execution.InterceptingExecutableInvoker.invoke(InterceptingExecutableInvoker.java:93) ~[junit-jupiter-engine-5.12.2.jar:5.12.2]
	at org.junit.jupiter.engine.execution.InterceptingExecutableInvoker.invoke(InterceptingExecutableInvoker.java:87) ~[junit-jupiter-engine-5.12.2.jar:5.12.2]
	at org.junit.jupiter.engine.descriptor.TestMethodTestDescriptor.lambda$invokeTestMethod$7(TestMethodTestDescriptor.java:216) ~[junit-jupiter-engine-5.12.2.jar:5.12.2]
	at org.junit.platform.engine.support.hierarchical.ThrowableCollector.execute(ThrowableCollector.java:73) ~[junit-platform-engine-1.12.2.jar:1.12.2]
	at org.junit.jupiter.engine.descriptor.TestMethodTestDescriptor.invokeTestMethod(TestMethodTestDescriptor.java:212) ~[junit-jupiter-engine-5.12.2.jar:5.12.2]
	at org.junit.jupiter.engine.descriptor.TestMethodTestDescriptor.execute(TestMethodTestDescriptor.java:137) ~[junit-jupiter-engine-5.12.2.jar:5.12.2]
	at org.junit.jupiter.engine.descriptor.TestMethodTestDescriptor.execute(TestMethodTestDescriptor.java:69) ~[junit-jupiter-engine-5.12.2.jar:5.12.2]
	at org.junit.platform.engine.support.hierarchical.NodeTestTask.lambda$executeRecursively$6(NodeTestTask.java:156) ~[junit-platform-engine-1.12.2.jar:1.12.2]
	at org.junit.platform.engine.support.hierarchical.ThrowableCollector.execute(ThrowableCollector.java:73) ~[junit-platform-engine-1.12.2.jar:1.12.2]
	at org.junit.platform.engine.support.hierarchical.NodeTestTask.lambda$executeRecursively$8(NodeTestTask.java:146) ~[junit-platform-engine-1.12.2.jar:1.12.2]
	at org.junit.platform.engine.support.hierarchical.Node.around(Node.java:137) ~[junit-platform-engine-1.12.2.jar:1.12.2]
	at org.junit.platform.engine.support.hierarchical.NodeTestTask.lambda$executeRecursively$9(NodeTestTask.java:144) ~[junit-platform-engine-1.12.2.jar:1.12.2]
	at org.junit.platform.engine.support.hierarchical.ThrowableCollector.execute(ThrowableCollector.java:73) ~[junit-platform-engine-1.12.2.jar:1.12.2]
	at org.junit.platform.engine.support.hierarchical.NodeTestTask.executeRecursively(NodeTestTask.java:143) ~[junit-platform-engine-1.12.2.jar:1.12.2]
	at org.junit.platform.engine.support.hierarchical.NodeTestTask.execute(NodeTestTask.java:100) ~[junit-platform-engine-1.12.2.jar:1.12.2]
	at java.util.ArrayList.forEach(ArrayList.java:1596) ~[?:?]
	at org.junit.platform.engine.support.hierarchical.SameThreadHierarchicalTestExecutorService.invokeAll(SameThreadHierarchicalTestExecutorService.java:41) ~[junit-platform-engine-1.12.2.jar:1.12.2]
	at org.junit.platform.engine.support.hierarchical.NodeTestTask.lambda$executeRecursively$6(NodeTestTask.java:160) ~[junit-platform-engine-1.12.2.jar:1.12.2]
	at org.junit.platform.engine.support.hierarchical.ThrowableCollector.execute(ThrowableCollector.java:73) ~[junit-platform-engine-1.12.2.jar:1.12.2]
	at org.junit.platform.engine.support.hierarchical.NodeTestTask.lambda$executeRecursively$8(NodeTestTask.java:146) ~[junit-platform-engine-1.12.2.jar:1.12.2]
	at org.junit.platform.engine.support.hierarchical.Node.around(Node.java:137) ~[junit-platform-engine-1.12.2.jar:1.12.2]
	at org.junit.platform.engine.support.hierarchical.NodeTestTask.lambda$executeRecursively$9(NodeTestTask.java:144) ~[junit-platform-engine-1.12.2.jar:1.12.2]
	at org.junit.platform.engine.support.hierarchical.ThrowableCollector.execute(ThrowableCollector.java:73) ~[junit-platform-engine-1.12.2.jar:1.12.2]
	at org.junit.platform.engine.support.hierarchical.NodeTestTask.executeRecursively(NodeTestTask.java:143) ~[junit-platform-engine-1.12.2.jar:1.12.2]
	at org.junit.platform.engine.support.hierarchical.NodeTestTask.execute(NodeTestTask.java:100) ~[junit-platform-engine-1.12.2.jar:1.12.2]
	at java.util.ArrayList.forEach(ArrayList.java:1596) ~[?:?]
	at org.junit.platform.engine.support.hierarchical.SameThreadHierarchicalTestExecutorService.invokeAll(SameThreadHierarchicalTestExecutorService.java:41) ~[junit-platform-engine-1.12.2.jar:1.12.2]
	at org.junit.platform.engine.support.hierarchical.NodeTestTask.lambda$executeRecursively$6(NodeTestTask.java:160) ~[junit-platform-engine-1.12.2.jar:1.12.2]
	at org.junit.platform.engine.support.hierarchical.ThrowableCollector.execute(ThrowableCollector.java:73) ~[junit-platform-engine-1.12.2.jar:1.12.2]
	at org.junit.platform.engine.support.hierarchical.NodeTestTask.lambda$executeRecursively$8(NodeTestTask.java:146) ~[junit-platform-engine-1.12.2.jar:1.12.2]
	at org.junit.platform.engine.support.hierarchical.Node.around(Node.java:137) ~[junit-platform-engine-1.12.2.jar:1.12.2]
	at org.junit.platform.engine.support.hierarchical.NodeTestTask.lambda$executeRecursively$9(NodeTestTask.java:144) ~[junit-platform-engine-1.12.2.jar:1.12.2]
	at org.junit.platform.engine.support.hierarchical.ThrowableCollector.execute(ThrowableCollector.java:73) ~[junit-platform-engine-1.12.2.jar:1.12.2]
	at org.junit.platform.engine.support.hierarchical.NodeTestTask.executeRecursively(NodeTestTask.java:143) ~[junit-platform-engine-1.12.2.jar:1.12.2]
	at org.junit.platform.engine.support.hierarchical.NodeTestTask.execute(NodeTestTask.java:100) ~[junit-platform-engine-1.12.2.jar:1.12.2]
	at org.junit.platform.engine.support.hierarchical.SameThreadHierarchicalTestExecutorService.submit(SameThreadHierarchicalTestExecutorService.java:35) ~[junit-platform-engine-1.12.2.jar:1.12.2]
	at org.junit.platform.engine.support.hierarchical.HierarchicalTestExecutor.execute(HierarchicalTestExecutor.java:57) ~[junit-platform-engine-1.12.2.jar:1.12.2]
	at org.junit.platform.engine.support.hierarchical.HierarchicalTestEngine.execute(HierarchicalTestEngine.java:54) ~[junit-platform-engine-1.12.2.jar:1.12.2]
	at org.junit.platform.launcher.core.EngineExecutionOrchestrator.execute(EngineExecutionOrchestrator.java:201) ~[junit-platform-launcher-1.12.2.jar:1.12.2]
	at org.junit.platform.launcher.core.EngineExecutionOrchestrator.execute(EngineExecutionOrchestrator.java:170) ~[junit-platform-launcher-1.12.2.jar:1.12.2]
	at org.junit.platform.launcher.core.EngineExecutionOrchestrator.execute(EngineExecutionOrchestrator.java:94) ~[junit-platform-launcher-1.12.2.jar:1.12.2]
	at org.junit.platform.launcher.core.EngineExecutionOrchestrator.lambda$execute$0(EngineExecutionOrchestrator.java:59) ~[junit-platform-launcher-1.12.2.jar:1.12.2]
	at org.junit.platform.launcher.core.EngineExecutionOrchestrator.withInterceptedStreams(EngineExecutionOrchestrator.java:142) ~[junit-platform-launcher-1.12.2.jar:1.12.2]
	at org.junit.platform.launcher.core.EngineExecutionOrchestrator.execute(EngineExecutionOrchestrator.java:58) ~[junit-platform-launcher-1.12.2.jar:1.12.2]
	at org.junit.platform.launcher.core.DefaultLauncher.execute(DefaultLauncher.java:103) ~[junit-platform-launcher-1.12.2.jar:1.12.2]
	at org.junit.platform.launcher.core.DefaultLauncher.execute(DefaultLauncher.java:85) ~[junit-platform-launcher-1.12.2.jar:1.12.2]
	at org.junit.platform.launcher.core.DelegatingLauncher.execute(DelegatingLauncher.java:47) ~[junit-platform-launcher-1.12.2.jar:1.12.2]
	at org.junit.platform.launcher.core.InterceptingLauncher.lambda$execute$1(InterceptingLauncher.java:39) ~[junit-platform-launcher-1.12.2.jar:1.12.2]
	at org.junit.platform.launcher.core.ClasspathAlignmentCheckingLauncherInterceptor.intercept(ClasspathAlignmentCheckingLauncherInterceptor.java:25) ~[junit-platform-launcher-1.12.2.jar:1.12.2]
	at org.junit.platform.launcher.core.InterceptingLauncher.execute(InterceptingLauncher.java:38) ~[junit-platform-launcher-1.12.2.jar:1.12.2]
	at org.junit.platform.launcher.core.DelegatingLauncher.execute(DelegatingLauncher.java:47) ~[junit-platform-launcher-1.12.2.jar:1.12.2]
	at org.junit.platform.launcher.core.SessionPerRequestLauncher.execute(SessionPerRequestLauncher.java:63) ~[junit-platform-launcher-1.12.2.jar:1.12.2]
	at com.intellij.junit5.JUnit5IdeaTestRunner.startRunnerWithArgs(JUnit5IdeaTestRunner.java:66) ~[junit5-rt.jar:?]
	at com.intellij.rt.junit.IdeaTestRunner$Repeater$1.execute(IdeaTestRunner.java:38) ~[junit-rt.jar:?]
	at com.intellij.rt.execution.junit.TestsRepeater.repeat(TestsRepeater.java:11) ~[idea_rt.jar:?]
	at com.intellij.rt.junit.IdeaTestRunner$Repeater.startRunnerWithArgs(IdeaTestRunner.java:35) ~[junit-rt.jar:?]
	at com.intellij.rt.junit.JUnitStarter.prepareStreamsAndStart(JUnitStarter.java:237) ~[junit-rt.jar:?]
	at com.intellij.rt.junit.JUnitStarter.main(JUnitStarter.java:58) ~[junit-rt.jar:?]
[2026-02-26 22:48:47.559] [INFO ][SpringApplicationShutdownHook][FileStorageService] 销毁存储平台 minio-1 成功
[2026-02-26 22:48:47.559] [INFO ][SpringApplicationShutdownHook][FileStorageService] 销毁存储平台 r2-1 成功
[2026-02-26 22:48:47.560] [INFO ][SpringApplicationShutdownHook][DruidDataSource] {dataSource-1} closing ...
[2026-02-26 22:48:47.567] [INFO ][SpringApplicationShutdownHook][DruidDataSource] {dataSource-1} closed
[2026-02-26 22:48:51.925] [INFO ][background-preinit][Version] HV000001: Hibernate Validator 8.0.3.Final
[2026-02-26 22:48:51.958] [INFO ][main][LibraryAdminApplicationTests] Starting LibraryAdminApplicationTests using Java 21.0.6 with PID 27668 (started by shent in E:\library\library\library-admin)
[2026-02-26 22:48:51.961] [INFO ][main][LibraryAdminApplicationTests] The following 1 profile is active: "dev"
[2026-02-26 22:48:53.184] [INFO ][main][DruidDataSourceAutoConfigure] Init DruidDataSource
[2026-02-26 22:48:53.499] [INFO ][main][DruidDataSource] {dataSource-1} inited
[2026-02-26 22:48:53.866] [WARN ][main][FileStorageAutoConfiguration] 没有找到 FileRecorder 的实现类，文件上传之外的部分功能无法正常使用，必须实现该接口才能使用完整功能！
[2026-02-26 22:48:53.885] [INFO ][main][FileStorageServiceBuilder] 加载 MinIO 存储平台：minio-1
[2026-02-26 22:48:53.888] [INFO ][main][FileStorageServiceBuilder] 加载 Amazon S3 存储平台：r2-1
[2026-02-26 22:48:55.094] [INFO ][main][LibraryAdminApplicationTests] Started LibraryAdminApplicationTests in 3.415 seconds (process running for 4.735)
[2026-02-26 22:48:56.844] [ERROR][main][EmailUtil] 邮件发送失败：
org.springframework.mail.MailSendException: Failed messages: org.eclipse.angus.mail.smtp.SMTPSendFailedException: 530-5.7.0 Must issue a STARTTLS command first. For more information, go to
530-5.7.0  https://support.google.com/a/answer/3221692 and review RFC 3207
530 5.7.0 specifications. 41be03b00d2f7-c70fa8302absm2802974a12.29 - gsmtp

	at org.springframework.mail.javamail.JavaMailSenderImpl.doSend(JavaMailSenderImpl.java:453) ~[spring-context-support-6.2.15.jar:6.2.15]
	at org.springframework.mail.javamail.JavaMailSenderImpl.send(JavaMailSenderImpl.java:317) ~[spring-context-support-6.2.15.jar:6.2.15]
	at org.springframework.mail.MailSender.send(MailSender.java:42) ~[spring-context-support-6.2.15.jar:6.2.15]
	at com.library.system.util.EmailUtil.sendFromEmail(EmailUtil.java:41) ~[classes/:?]
	at com.library.admin.LibraryAdminApplicationTests.mailTest(LibraryAdminApplicationTests.java:19) ~[test-classes/:?]
	at jdk.internal.reflect.DirectMethodHandleAccessor.invoke(DirectMethodHandleAccessor.java:103) ~[?:?]
	at java.lang.reflect.Method.invoke(Method.java:580) ~[?:?]
	at org.junit.platform.commons.util.ReflectionUtils.invokeMethod(ReflectionUtils.java:775) ~[junit-platform-commons-1.12.2.jar:1.12.2]
	at org.junit.platform.commons.support.ReflectionSupport.invokeMethod(ReflectionSupport.java:479) ~[junit-platform-commons-1.12.2.jar:1.12.2]
	at org.junit.jupiter.engine.execution.MethodInvocation.proceed(MethodInvocation.java:60) ~[junit-jupiter-engine-5.12.2.jar:5.12.2]
	at org.junit.jupiter.engine.execution.InvocationInterceptorChain$ValidatingInvocation.proceed(InvocationInterceptorChain.java:131) ~[junit-jupiter-engine-5.12.2.jar:5.12.2]
	at org.junit.jupiter.engine.extension.TimeoutExtension.intercept(TimeoutExtension.java:161) ~[junit-jupiter-engine-5.12.2.jar:5.12.2]
	at org.junit.jupiter.engine.extension.TimeoutExtension.interceptTestableMethod(TimeoutExtension.java:152) ~[junit-jupiter-engine-5.12.2.jar:5.12.2]
	at org.junit.jupiter.engine.extension.TimeoutExtension.interceptTestMethod(TimeoutExtension.java:91) ~[junit-jupiter-engine-5.12.2.jar:5.12.2]
	at org.junit.jupiter.engine.execution.InterceptingExecutableInvoker$ReflectiveInterceptorCall.lambda$ofVoidMethod$0(InterceptingExecutableInvoker.java:112) ~[junit-jupiter-engine-5.12.2.jar:5.12.2]
	at org.junit.jupiter.engine.execution.InterceptingExecutableInvoker.lambda$invoke$0(InterceptingExecutableInvoker.java:94) ~[junit-jupiter-engine-5.12.2.jar:5.12.2]
	at org.junit.jupiter.engine.execution.InvocationInterceptorChain$InterceptedInvocation.proceed(InvocationInterceptorChain.java:106) ~[junit-jupiter-engine-5.12.2.jar:5.12.2]
	at org.junit.jupiter.engine.execution.InvocationInterceptorChain.proceed(InvocationInterceptorChain.java:64) ~[junit-jupiter-engine-5.12.2.jar:5.12.2]
	at org.junit.jupiter.engine.execution.InvocationInterceptorChain.chainAndInvoke(InvocationInterceptorChain.java:45) ~[junit-jupiter-engine-5.12.2.jar:5.12.2]
	at org.junit.jupiter.engine.execution.InvocationInterceptorChain.invoke(InvocationInterceptorChain.java:37) ~[junit-jupiter-engine-5.12.2.jar:5.12.2]
	at org.junit.jupiter.engine.execution.InterceptingExecutableInvoker.invoke(InterceptingExecutableInvoker.java:93) ~[junit-jupiter-engine-5.12.2.jar:5.12.2]
	at org.junit.jupiter.engine.execution.InterceptingExecutableInvoker.invoke(InterceptingExecutableInvoker.java:87) ~[junit-jupiter-engine-5.12.2.jar:5.12.2]
	at org.junit.jupiter.engine.descriptor.TestMethodTestDescriptor.lambda$invokeTestMethod$7(TestMethodTestDescriptor.java:216) ~[junit-jupiter-engine-5.12.2.jar:5.12.2]
	at org.junit.platform.engine.support.hierarchical.ThrowableCollector.execute(ThrowableCollector.java:73) ~[junit-platform-engine-1.12.2.jar:1.12.2]
	at org.junit.jupiter.engine.descriptor.TestMethodTestDescriptor.invokeTestMethod(TestMethodTestDescriptor.java:212) ~[junit-jupiter-engine-5.12.2.jar:5.12.2]
	at org.junit.jupiter.engine.descriptor.TestMethodTestDescriptor.execute(TestMethodTestDescriptor.java:137) ~[junit-jupiter-engine-5.12.2.jar:5.12.2]
	at org.junit.jupiter.engine.descriptor.TestMethodTestDescriptor.execute(TestMethodTestDescriptor.java:69) ~[junit-jupiter-engine-5.12.2.jar:5.12.2]
	at org.junit.platform.engine.support.hierarchical.NodeTestTask.lambda$executeRecursively$6(NodeTestTask.java:156) ~[junit-platform-engine-1.12.2.jar:1.12.2]
	at org.junit.platform.engine.support.hierarchical.ThrowableCollector.execute(ThrowableCollector.java:73) ~[junit-platform-engine-1.12.2.jar:1.12.2]
	at org.junit.platform.engine.support.hierarchical.NodeTestTask.lambda$executeRecursively$8(NodeTestTask.java:146) ~[junit-platform-engine-1.12.2.jar:1.12.2]
	at org.junit.platform.engine.support.hierarchical.Node.around(Node.java:137) ~[junit-platform-engine-1.12.2.jar:1.12.2]
	at org.junit.platform.engine.support.hierarchical.NodeTestTask.lambda$executeRecursively$9(NodeTestTask.java:144) ~[junit-platform-engine-1.12.2.jar:1.12.2]
	at org.junit.platform.engine.support.hierarchical.ThrowableCollector.execute(ThrowableCollector.java:73) ~[junit-platform-engine-1.12.2.jar:1.12.2]
	at org.junit.platform.engine.support.hierarchical.NodeTestTask.executeRecursively(NodeTestTask.java:143) ~[junit-platform-engine-1.12.2.jar:1.12.2]
	at org.junit.platform.engine.support.hierarchical.NodeTestTask.execute(NodeTestTask.java:100) ~[junit-platform-engine-1.12.2.jar:1.12.2]
	at java.util.ArrayList.forEach(ArrayList.java:1596) ~[?:?]
	at org.junit.platform.engine.support.hierarchical.SameThreadHierarchicalTestExecutorService.invokeAll(SameThreadHierarchicalTestExecutorService.java:41) ~[junit-platform-engine-1.12.2.jar:1.12.2]
	at org.junit.platform.engine.support.hierarchical.NodeTestTask.lambda$executeRecursively$6(NodeTestTask.java:160) ~[junit-platform-engine-1.12.2.jar:1.12.2]
	at org.junit.platform.engine.support.hierarchical.ThrowableCollector.execute(ThrowableCollector.java:73) ~[junit-platform-engine-1.12.2.jar:1.12.2]
	at org.junit.platform.engine.support.hierarchical.NodeTestTask.lambda$executeRecursively$8(NodeTestTask.java:146) ~[junit-platform-engine-1.12.2.jar:1.12.2]
	at org.junit.platform.engine.support.hierarchical.Node.around(Node.java:137) ~[junit-platform-engine-1.12.2.jar:1.12.2]
	at org.junit.platform.engine.support.hierarchical.NodeTestTask.lambda$executeRecursively$9(NodeTestTask.java:144) ~[junit-platform-engine-1.12.2.jar:1.12.2]
	at org.junit.platform.engine.support.hierarchical.ThrowableCollector.execute(ThrowableCollector.java:73) ~[junit-platform-engine-1.12.2.jar:1.12.2]
	at org.junit.platform.engine.support.hierarchical.NodeTestTask.executeRecursively(NodeTestTask.java:143) ~[junit-platform-engine-1.12.2.jar:1.12.2]
	at org.junit.platform.engine.support.hierarchical.NodeTestTask.execute(NodeTestTask.java:100) ~[junit-platform-engine-1.12.2.jar:1.12.2]
	at java.util.ArrayList.forEach(ArrayList.java:1596) ~[?:?]
	at org.junit.platform.engine.support.hierarchical.SameThreadHierarchicalTestExecutorService.invokeAll(SameThreadHierarchicalTestExecutorService.java:41) ~[junit-platform-engine-1.12.2.jar:1.12.2]
	at org.junit.platform.engine.support.hierarchical.NodeTestTask.lambda$executeRecursively$6(NodeTestTask.java:160) ~[junit-platform-engine-1.12.2.jar:1.12.2]
	at org.junit.platform.engine.support.hierarchical.ThrowableCollector.execute(ThrowableCollector.java:73) ~[junit-platform-engine-1.12.2.jar:1.12.2]
	at org.junit.platform.engine.support.hierarchical.NodeTestTask.lambda$executeRecursively$8(NodeTestTask.java:146) ~[junit-platform-engine-1.12.2.jar:1.12.2]
	at org.junit.platform.engine.support.hierarchical.Node.around(Node.java:137) ~[junit-platform-engine-1.12.2.jar:1.12.2]
	at org.junit.platform.engine.support.hierarchical.NodeTestTask.lambda$executeRecursively$9(NodeTestTask.java:144) ~[junit-platform-engine-1.12.2.jar:1.12.2]
	at org.junit.platform.engine.support.hierarchical.ThrowableCollector.execute(ThrowableCollector.java:73) ~[junit-platform-engine-1.12.2.jar:1.12.2]
	at org.junit.platform.engine.support.hierarchical.NodeTestTask.executeRecursively(NodeTestTask.java:143) ~[junit-platform-engine-1.12.2.jar:1.12.2]
	at org.junit.platform.engine.support.hierarchical.NodeTestTask.execute(NodeTestTask.java:100) ~[junit-platform-engine-1.12.2.jar:1.12.2]
	at org.junit.platform.engine.support.hierarchical.SameThreadHierarchicalTestExecutorService.submit(SameThreadHierarchicalTestExecutorService.java:35) ~[junit-platform-engine-1.12.2.jar:1.12.2]
	at org.junit.platform.engine.support.hierarchical.HierarchicalTestExecutor.execute(HierarchicalTestExecutor.java:57) ~[junit-platform-engine-1.12.2.jar:1.12.2]
	at org.junit.platform.engine.support.hierarchical.HierarchicalTestEngine.execute(HierarchicalTestEngine.java:54) ~[junit-platform-engine-1.12.2.jar:1.12.2]
	at org.junit.platform.launcher.core.EngineExecutionOrchestrator.execute(EngineExecutionOrchestrator.java:201) ~[junit-platform-launcher-1.12.2.jar:1.12.2]
	at org.junit.platform.launcher.core.EngineExecutionOrchestrator.execute(EngineExecutionOrchestrator.java:170) ~[junit-platform-launcher-1.12.2.jar:1.12.2]
	at org.junit.platform.launcher.core.EngineExecutionOrchestrator.execute(EngineExecutionOrchestrator.java:94) ~[junit-platform-launcher-1.12.2.jar:1.12.2]
	at org.junit.platform.launcher.core.EngineExecutionOrchestrator.lambda$execute$0(EngineExecutionOrchestrator.java:59) ~[junit-platform-launcher-1.12.2.jar:1.12.2]
	at org.junit.platform.launcher.core.EngineExecutionOrchestrator.withInterceptedStreams(EngineExecutionOrchestrator.java:142) ~[junit-platform-launcher-1.12.2.jar:1.12.2]
	at org.junit.platform.launcher.core.EngineExecutionOrchestrator.execute(EngineExecutionOrchestrator.java:58) ~[junit-platform-launcher-1.12.2.jar:1.12.2]
	at org.junit.platform.launcher.core.DefaultLauncher.execute(DefaultLauncher.java:103) ~[junit-platform-launcher-1.12.2.jar:1.12.2]
	at org.junit.platform.launcher.core.DefaultLauncher.execute(DefaultLauncher.java:85) ~[junit-platform-launcher-1.12.2.jar:1.12.2]
	at org.junit.platform.launcher.core.DelegatingLauncher.execute(DelegatingLauncher.java:47) ~[junit-platform-launcher-1.12.2.jar:1.12.2]
	at org.junit.platform.launcher.core.InterceptingLauncher.lambda$execute$1(InterceptingLauncher.java:39) ~[junit-platform-launcher-1.12.2.jar:1.12.2]
	at org.junit.platform.launcher.core.ClasspathAlignmentCheckingLauncherInterceptor.intercept(ClasspathAlignmentCheckingLauncherInterceptor.java:25) ~[junit-platform-launcher-1.12.2.jar:1.12.2]
	at org.junit.platform.launcher.core.InterceptingLauncher.execute(InterceptingLauncher.java:38) ~[junit-platform-launcher-1.12.2.jar:1.12.2]
	at org.junit.platform.launcher.core.DelegatingLauncher.execute(DelegatingLauncher.java:47) ~[junit-platform-launcher-1.12.2.jar:1.12.2]
	at org.junit.platform.launcher.core.SessionPerRequestLauncher.execute(SessionPerRequestLauncher.java:63) ~[junit-platform-launcher-1.12.2.jar:1.12.2]
	at com.intellij.junit5.JUnit5IdeaTestRunner.startRunnerWithArgs(JUnit5IdeaTestRunner.java:66) ~[junit5-rt.jar:?]
	at com.intellij.rt.junit.IdeaTestRunner$Repeater$1.execute(IdeaTestRunner.java:38) ~[junit-rt.jar:?]
	at com.intellij.rt.execution.junit.TestsRepeater.repeat(TestsRepeater.java:11) ~[idea_rt.jar:?]
	at com.intellij.rt.junit.IdeaTestRunner$Repeater.startRunnerWithArgs(IdeaTestRunner.java:35) ~[junit-rt.jar:?]
	at com.intellij.rt.junit.JUnitStarter.prepareStreamsAndStart(JUnitStarter.java:237) ~[junit-rt.jar:?]
	at com.intellij.rt.junit.JUnitStarter.main(JUnitStarter.java:58) ~[junit-rt.jar:?]
[2026-02-26 22:48:56.892] [INFO ][SpringApplicationShutdownHook][FileStorageService] 销毁存储平台 minio-1 成功
[2026-02-26 22:48:56.892] [INFO ][SpringApplicationShutdownHook][FileStorageService] 销毁存储平台 r2-1 成功
[2026-02-26 22:48:56.892] [INFO ][SpringApplicationShutdownHook][DruidDataSource] {dataSource-1} closing ...
[2026-02-26 22:48:56.900] [INFO ][SpringApplicationShutdownHook][DruidDataSource] {dataSource-1} closed
[2026-02-26 22:49:30.612] [INFO ][background-preinit][Version] HV000001: Hibernate Validator 8.0.3.Final
[2026-02-26 22:49:30.653] [INFO ][main][LibraryAdminApplication] Starting LibraryAdminApplication using Java 21.0.6 with PID 30300 (E:\library\library\library-admin\target\classes started by shent in E:\library\library)
[2026-02-26 22:49:30.655] [INFO ][main][LibraryAdminApplication] The following 1 profile is active: "dev"
[2026-02-26 22:49:31.755] [INFO ][main][Http11NioProtocol] Initializing ProtocolHandler ["http-nio-8080"]
[2026-02-26 22:49:31.757] [INFO ][main][StandardService] Starting service [Tomcat]
[2026-02-26 22:49:31.757] [INFO ][main][StandardEngine] Starting Servlet engine: [Apache Tomcat/10.1.50]
[2026-02-26 22:49:31.797] [INFO ][main][[/api/library]] Initializing Spring embedded WebApplicationContext
[2026-02-26 22:49:31.900] [INFO ][main][DruidDataSourceAutoConfigure] Init DruidDataSource
[2026-02-26 22:49:32.153] [INFO ][main][DruidDataSource] {dataSource-1} inited
[2026-02-26 22:49:32.434] [WARN ][main][FileStorageAutoConfiguration] 没有找到 FileRecorder 的实现类，文件上传之外的部分功能无法正常使用，必须实现该接口才能使用完整功能！
[2026-02-26 22:49:32.448] [INFO ][main][FileStorageServiceBuilder] 加载 MinIO 存储平台：minio-1
[2026-02-26 22:49:32.452] [INFO ][main][FileStorageServiceBuilder] 加载 Amazon S3 存储平台：r2-1
[2026-02-26 22:49:33.287] [INFO ][main][Http11NioProtocol] Starting ProtocolHandler ["http-nio-8080"]
[2026-02-26 22:49:33.309] [INFO ][main][LibraryAdminApplication] Started LibraryAdminApplication in 3.017 seconds (process running for 3.881)
[2026-02-26 22:50:32.928] [INFO ][http-nio-8080-exec-1][[/api/library]] Initializing Spring DispatcherServlet 'dispatcherServlet'
[2026-02-26 23:02:22.992] [INFO ][SpringApplicationShutdownHook][FileStorageService] 销毁存储平台 minio-1 成功
[2026-02-26 23:02:22.992] [INFO ][SpringApplicationShutdownHook][FileStorageService] 销毁存储平台 r2-1 成功
[2026-02-26 23:02:22.992] [INFO ][SpringApplicationShutdownHook][DruidDataSource] {dataSource-1} closing ...
[2026-02-26 23:02:22.999] [INFO ][SpringApplicationShutdownHook][DruidDataSource] {dataSource-1} closed
n][DruidDataSourceAutoConfigure] Init DruidDataSource
[2026-02-26 22:50:59.030] [INFO ][main][DruidDataSource] {dataSource-1} inited
[2026-02-26 22:50:59.388] [WARN ][main][FileStorageAutoConfiguration] 没有找到 FileRecorder 的实现类，文件上传之外的部分功能无法正常使用，必须实现该接口才能使用完整功能！
[2026-02-26 22:50:59.406] [INFO ][main][FileStorageServiceBuilder] 加载 MinIO 存储平台：minio-1
[2026-02-26 22:50:59.411] [INFO ][main][FileStorageServiceBuilder] 加载 Amazon S3 存储平台：r2-1
[2026-02-26 22:51:00.590] [INFO ][main][LibraryAdminApplicationTests] Started LibraryAdminApplicationTests in 3.387 seconds (process running for 4.698)
[2026-02-26 22:51:02.279] [ERROR][main][EmailUtil] 邮件发送失败：
org.springframework.mail.MailSendException: Failed messages: org.eclipse.angus.mail.smtp.SMTPSendFailedException: 530-5.7.0 Must issue a STARTTLS command first. For more information, go to
530-5.7.0  https://support.google.com/a/answer/3221692 and review RFC 3207
530 5.7.0 specifications. d9443c01a7336-2adfb5b2309sm28567505ad.19 - gsmtp

	at org.springframework.mail.javamail.JavaMailSenderImpl.doSend(JavaMailSenderImpl.java:453) ~[spring-context-support-6.2.15.jar:6.2.15]
	at org.springframework.mail.javamail.JavaMailSenderImpl.send(JavaMailSenderImpl.java:317) ~[spring-context-support-6.2.15.jar:6.2.15]
	at org.springframework.mail.MailSender.send(MailSender.java:42) ~[spring-context-support-6.2.15.jar:6.2.15]
	at com.library.system.util.EmailUtil.sendFromEmail(EmailUtil.java:41) ~[classes/:?]
	at com.library.admin.LibraryAdminApplicationTests.mailTest(LibraryAdminApplicationTests.java:19) ~[test-classes/:?]
	at jdk.internal.reflect.DirectMethodHandleAccessor.invoke(DirectMethodHandleAccessor.java:103) ~[?:?]
	at java.lang.reflect.Method.invoke(Method.java:580) ~[?:?]
	at org.junit.platform.commons.util.ReflectionUtils.invokeMethod(ReflectionUtils.java:775) ~[junit-platform-commons-1.12.2.jar:1.12.2]
	at org.junit.platform.commons.support.ReflectionSupport.invokeMethod(ReflectionSupport.java:479) ~[junit-platform-commons-1.12.2.jar:1.12.2]
	at org.junit.jupiter.engine.execution.MethodInvocation.proceed(MethodInvocation.java:60) ~[junit-jupiter-engine-5.12.2.jar:5.12.2]
	at org.junit.jupiter.engine.execution.InvocationInterceptorChain$ValidatingInvocation.proceed(InvocationInterceptorChain.java:131) ~[junit-jupiter-engine-5.12.2.jar:5.12.2]
	at org.junit.jupiter.engine.extension.TimeoutExtension.intercept(TimeoutExtension.java:161) ~[junit-jupiter-engine-5.12.2.jar:5.12.2]
	at org.junit.jupiter.engine.extension.TimeoutExtension.interceptTestableMethod(TimeoutExtension.java:152) ~[junit-jupiter-engine-5.12.2.jar:5.12.2]
	at org.junit.jupiter.engine.extension.TimeoutExtension.interceptTestMethod(TimeoutExtension.java:91) ~[junit-jupiter-engine-5.12.2.jar:5.12.2]
	at org.junit.jupiter.engine.execution.InterceptingExecutableInvoker$ReflectiveInterceptorCall.lambda$ofVoidMethod$0(InterceptingExecutableInvoker.java:112) ~[junit-jupiter-engine-5.12.2.jar:5.12.2]
	at org.junit.jupiter.engine.execution.InterceptingExecutableInvoker.lambda$invoke$0(InterceptingExecutableInvoker.java:94) ~[junit-jupiter-engine-5.12.2.jar:5.12.2]
	at org.junit.jupiter.engine.execution.InvocationInterceptorChain$InterceptedInvocation.proceed(InvocationInterceptorChain.java:106) ~[junit-jupiter-engine-5.12.2.jar:5.12.2]
	at org.junit.jupiter.engine.execution.InvocationInterceptorChain.proceed(InvocationInterceptorChain.java:64) ~[junit-jupiter-engine-5.12.2.jar:5.12.2]
	at org.junit.jupiter.engine.execution.InvocationInterceptorChain.chainAndInvoke(InvocationInterceptorChain.java:45) ~[junit-jupiter-engine-5.12.2.jar:5.12.2]
	at org.junit.jupiter.engine.execution.InvocationInterceptorChain.invoke(InvocationInterceptorChain.java:37) ~[junit-jupiter-engine-5.12.2.jar:5.12.2]
	at org.junit.jupiter.engine.execution.InterceptingExecutableInvoker.invoke(InterceptingExecutableInvoker.java:93) ~[junit-jupiter-engine-5.12.2.jar:5.12.2]
	at org.junit.jupiter.engine.execution.InterceptingExecutableInvoker.invoke(InterceptingExecutableInvoker.java:87) ~[junit-jupiter-engine-5.12.2.jar:5.12.2]
	at org.junit.jupiter.engine.descriptor.TestMethodTestDescriptor.lambda$invokeTestMethod$7(TestMethodTestDescriptor.java:216) ~[junit-jupiter-engine-5.12.2.jar:5.12.2]
	at org.junit.platform.engine.support.hierarchical.ThrowableCollector.execute(ThrowableCollector.java:73) ~[junit-platform-engine-1.12.2.jar:1.12.2]
	at org.junit.jupiter.engine.descriptor.TestMethodTestDescriptor.invokeTestMethod(TestMethodTestDescriptor.java:212) ~[junit-jupiter-engine-5.12.2.jar:5.12.2]
	at org.junit.jupiter.engine.descriptor.TestMethodTestDescriptor.execute(TestMethodTestDescriptor.java:137) ~[junit-jupiter-engine-5.12.2.jar:5.12.2]
	at org.junit.jupiter.engine.descriptor.TestMethodTestDescriptor.execute(TestMethodTestDescriptor.java:69) ~[junit-jupiter-engine-5.12.2.jar:5.12.2]
	at org.junit.platform.engine.support.hierarchical.NodeTestTask.lambda$executeRecursively$6(NodeTestTask.java:156) ~[junit-platform-engine-1.12.2.jar:1.12.2]
	at org.junit.platform.engine.support.hierarchical.ThrowableCollector.execute(ThrowableCollector.java:73) ~[junit-platform-engine-1.12.2.jar:1.12.2]
	at org.junit.platform.engine.support.hierarchical.NodeTestTask.lambda$executeRecursively$8(NodeTestTask.java:146) ~[junit-platform-engine-1.12.2.jar:1.12.2]
	at org.junit.platform.engine.support.hierarchical.Node.around(Node.java:137) ~[junit-platform-engine-1.12.2.jar:1.12.2]
	at org.junit.platform.engine.support.hierarchical.NodeTestTask.lambda$executeRecursively$9(NodeTestTask.java:144) ~[junit-platform-engine-1.12.2.jar:1.12.2]
	at org.junit.platform.engine.support.hierarchical.ThrowableCollector.execute(ThrowableCollector.java:73) ~[junit-platform-engine-1.12.2.jar:1.12.2]
	at org.junit.platform.engine.support.hierarchical.NodeTestTask.executeRecursively(NodeTestTask.java:143) ~[junit-platform-engine-1.12.2.jar:1.12.2]
	at org.junit.platform.engine.support.hierarchical.NodeTestTask.execute(NodeTestTask.java:100) ~[junit-platform-engine-1.12.2.jar:1.12.2]
	at java.util.ArrayList.forEach(ArrayList.java:1596) ~[?:?]
	at org.junit.platform.engine.support.hierarchical.SameThreadHierarchicalTestExecutorService.invokeAll(SameThreadHierarchicalTestExecutorService.java:41) ~[junit-platform-engine-1.12.2.jar:1.12.2]
	at org.junit.platform.engine.support.hierarchical.NodeTestTask.lambda$executeRecursively$6(NodeTestTask.java:160) ~[junit-platform-engine-1.12.2.jar:1.12.2]
	at org.junit.platform.engine.support.hierarchical.ThrowableCollector.execute(ThrowableCollector.java:73) ~[junit-platform-engine-1.12.2.jar:1.12.2]
	at org.junit.platform.engine.support.hierarchical.NodeTestTask.lambda$executeRecursively$8(NodeTestTask.java:146) ~[junit-platform-engine-1.12.2.jar:1.12.2]
	at org.junit.platform.engine.support.hierarchical.Node.around(Node.java:137) ~[junit-platform-engine-1.12.2.jar:1.12.2]
	at org.junit.platform.engine.support.hierarchical.NodeTestTask.lambda$executeRecursively$9(NodeTestTask.java:144) ~[junit-platform-engine-1.12.2.jar:1.12.2]
	at org.junit.platform.engine.support.hierarchical.ThrowableCollector.execute(ThrowableCollector.java:73) ~[junit-platform-engine-1.12.2.jar:1.12.2]
	at org.junit.platform.engine.support.hierarchical.NodeTestTask.executeRecursively(NodeTestTask.java:143) ~[junit-platform-engine-1.12.2.jar:1.12.2]
	at org.junit.platform.engine.support.hierarchical.NodeTestTask.execute(NodeTestTask.java:100) ~[junit-platform-engine-1.12.2.jar:1.12.2]
	at java.util.ArrayList.forEach(ArrayList.java:1596) ~[?:?]
	at org.junit.platform.engine.support.hierarchical.SameThreadHierarchicalTestExecutorService.invokeAll(SameThreadHierarchicalTestExecutorService.java:41) ~[junit-platform-engine-1.12.2.jar:1.12.2]
	at org.junit.platform.engine.support.hierarchical.NodeTestTask.lambda$executeRecursively$6(NodeTestTask.java:160) ~[junit-platform-engine-1.12.2.jar:1.12.2]
	at org.junit.platform.engine.support.hierarchical.ThrowableCollector.execute(ThrowableCollector.java:73) ~[junit-platform-engine-1.12.2.jar:1.12.2]
	at org.junit.platform.engine.support.hierarchical.NodeTestTask.lambda$executeRecursively$8(NodeTestTask.java:146) ~[junit-platform-engine-1.12.2.jar:1.12.2]
	at org.junit.platform.engine.support.hierarchical.Node.around(Node.java:137) ~[junit-platform-engine-1.12.2.jar:1.12.2]
	at org.junit.platform.engine.support.hierarchical.NodeTestTask.lambda$executeRecursively$9(NodeTestTask.java:144) ~[junit-platform-engine-1.12.2.jar:1.12.2]
	at org.junit.platform.engine.support.hierarchical.ThrowableCollector.execute(ThrowableCollector.java:73) ~[junit-platform-engine-1.12.2.jar:1.12.2]
	at org.junit.platform.engine.support.hierarchical.NodeTestTask.executeRecursively(NodeTestTask.java:143) ~[junit-platform-engine-1.12.2.jar:1.12.2]
	at org.junit.platform.engine.support.hierarchical.NodeTestTask.execute(NodeTestTask.java:100) ~[junit-platform-engine-1.12.2.jar:1.12.2]
	at org.junit.platform.engine.support.hierarchical.SameThreadHierarchicalTestExecutorService.submit(SameThreadHierarchicalTestExecutorService.java:35) ~[junit-platform-engine-1.12.2.jar:1.12.2]
	at org.junit.platform.engine.support.hierarchical.HierarchicalTestExecutor.execute(HierarchicalTestExecutor.java:57) ~[junit-platform-engine-1.12.2.jar:1.12.2]
	at org.junit.platform.engine.support.hierarchical.HierarchicalTestEngine.execute(HierarchicalTestEngine.java:54) ~[junit-platform-engine-1.12.2.jar:1.12.2]
	at org.junit.platform.launcher.core.EngineExecutionOrchestrator.execute(EngineExecutionOrchestrator.java:201) ~[junit-platform-launcher-1.12.2.jar:1.12.2]
	at org.junit.platform.launcher.core.EngineExecutionOrchestrator.execute(EngineExecutionOrchestrator.java:170) ~[junit-platform-launcher-1.12.2.jar:1.12.2]
	at org.junit.platform.launcher.core.EngineExecutionOrchestrator.execute(EngineExecutionOrchestrator.java:94) ~[junit-platform-launcher-1.12.2.jar:1.12.2]
	at org.junit.platform.launcher.core.EngineExecutionOrchestrator.lambda$execute$0(EngineExecutionOrchestrator.java:59) ~[junit-platform-launcher-1.12.2.jar:1.12.2]
	at org.junit.platform.launcher.core.EngineExecutionOrchestrator.withInterceptedStreams(EngineExecutionOrchestrator.java:142) ~[junit-platform-launcher-1.12.2.jar:1.12.2]
	at org.junit.platform.launcher.core.EngineExecutionOrchestrator.execute(EngineExecutionOrchestrator.java:58) ~[junit-platform-launcher-1.12.2.jar:1.12.2]
	at org.junit.platform.launcher.core.DefaultLauncher.execute(DefaultLauncher.java:103) ~[junit-platform-launcher-1.12.2.jar:1.12.2]
	at org.junit.platform.launcher.core.DefaultLauncher.execute(DefaultLauncher.java:85) ~[junit-platform-launcher-1.12.2.jar:1.12.2]
	at org.junit.platform.launcher.core.DelegatingLauncher.execute(DelegatingLauncher.java:47) ~[junit-platform-launcher-1.12.2.jar:1.12.2]
	at org.junit.platform.launcher.core.InterceptingLauncher.lambda$execute$1(InterceptingLauncher.java:39) ~[junit-platform-launcher-1.12.2.jar:1.12.2]
	at org.junit.platform.launcher.core.ClasspathAlignmentCheckingLauncherInterceptor.intercept(ClasspathAlignmentCheckingLauncherInterceptor.java:25) ~[junit-platform-launcher-1.12.2.jar:1.12.2]
	at org.junit.platform.launcher.core.InterceptingLauncher.execute(InterceptingLauncher.java:38) ~[junit-platform-launcher-1.12.2.jar:1.12.2]
	at org.junit.platform.launcher.core.DelegatingLauncher.execute(DelegatingLauncher.java:47) ~[junit-platform-launcher-1.12.2.jar:1.12.2]
	at org.junit.platform.launcher.core.SessionPerRequestLauncher.execute(SessionPerRequestLauncher.java:63) ~[junit-platform-launcher-1.12.2.jar:1.12.2]
	at com.intellij.junit5.JUnit5IdeaTestRunner.startRunnerWithArgs(JUnit5IdeaTestRunner.java:66) ~[junit5-rt.jar:?]
	at com.intellij.rt.junit.IdeaTestRunner$Repeater$1.execute(IdeaTestRunner.java:38) ~[junit-rt.jar:?]
	at com.intellij.rt.execution.junit.TestsRepeater.repeat(TestsRepeater.java:11) ~[idea_rt.jar:?]
	at com.intellij.rt.junit.IdeaTestRunner$Repeater.startRunnerWithArgs(IdeaTestRunner.java:35) ~[junit-rt.jar:?]
	at com.intellij.rt.junit.JUnitStarter.prepareStreamsAndStart(JUnitStarter.java:237) ~[junit-rt.jar:?]
	at com.intellij.rt.junit.JUnitStarter.main(JUnitStarter.java:58) ~[junit-rt.jar:?]
[2026-02-26 22:51:02.319] [INFO ][SpringApplicationShutdownHook][FileStorageService] 销毁存储平台 minio-1 成功
[2026-02-26 22:51:02.319] [INFO ][SpringApplicationShutdownHook][FileStorageService] 销毁存储平台 r2-1 成功
[2026-02-26 22:51:02.320] [INFO ][SpringApplicationShutdownHook][DruidDataSource] {dataSource-1} closing ...
[2026-02-26 22:51:02.326] [INFO ][SpringApplicationShutdownHook][DruidDataSource] {dataSource-1} closed
[2026-02-26 22:57:05.600] [INFO ][background-preinit][Version] HV000001: Hibernate Validator 8.0.3.Final
[2026-02-26 22:57:05.634] [INFO ][main][LibraryAdminApplicationTests] Starting LibraryAdminApplicationTests using Java 21.0.6 with PID 1580 (started by shent in E:\library\library\library-admin)
[2026-02-26 22:57:05.638] [INFO ][main][LibraryAdminApplicationTests] The following 1 profile is active: "dev"
[2026-02-26 22:57:06.872] [INFO ][main][DruidDataSourceAutoConfigure] Init DruidDataSource
[2026-02-26 22:57:07.192] [INFO ][main][DruidDataSource] {dataSource-1} inited
[2026-02-26 22:57:07.548] [WARN ][main][FileStorageAutoConfiguration] 没有找到 FileRecorder 的实现类，文件上传之外的部分功能无法正常使用，必须实现该接口才能使用完整功能！
[2026-02-26 22:57:07.569] [INFO ][main][FileStorageServiceBuilder] 加载 MinIO 存储平台：minio-1
[2026-02-26 22:57:07.573] [INFO ][main][FileStorageServiceBuilder] 加载 Amazon S3 存储平台：r2-1
[2026-02-26 22:57:08.686] [INFO ][main][LibraryAdminApplicationTests] Started LibraryAdminApplicationTests in 3.347 seconds (process running for 4.651)
[2026-02-26 22:57:12.338] [INFO ][main][EmailUtil] 邮件发送成功！
[2026-02-26 22:57:12.370] [INFO ][SpringApplicationShutdownHook][FileStorageService] 销毁存储平台 minio-1 成功
[2026-02-26 22:57:12.370] [INFO ][SpringApplicationShutdownHook][FileStorageService] 销毁存储平台 r2-1 成功
[2026-02-26 22:57:12.370] [INFO ][SpringApplicationShutdownHook][DruidDataSource] {dataSource-1} closing ...
[2026-02-26 22:57:12.378] [INFO ][SpringApplicationShutdownHook][DruidDataSource] {dataSource-1} closed
[2026-02-26 22:59:05.324] [INFO ][background-preinit][Version] HV000001: Hibernate Validator 8.0.3.Final
[2026-02-26 22:59:05.357] [INFO ][main][LibraryAdminApplicationTests] Starting LibraryAdminApplicationTests using Java 21.0.6 with PID 29532 (started by shent in E:\library\library\library-admin)
[2026-02-26 22:59:05.360] [INFO ][main][LibraryAdminApplicationTests] The following 1 profile is active: "dev"
[2026-02-26 22:59:06.620] [INFO ][main][DruidDataSourceAutoConfigure] Init DruidDataSource
[2026-02-26 22:59:06.922] [INFO ][main][DruidDataSource] {dataSource-1} inited
[2026-02-26 22:59:07.292] [WARN ][main][FileStorageAutoConfiguration] 没有找到 FileRecorder 的实现类，文件上传之外的部分功能无法正常使用，必须实现该接口才能使用完整功能！
[2026-02-26 22:59:07.316] [INFO ][main][FileStorageServiceBuilder] 加载 MinIO 存储平台：minio-1
[2026-02-26 22:59:07.320] [INFO ][main][FileStorageServiceBuilder] 加载 Amazon S3 存储平台：r2-1
[2026-02-26 22:59:08.469] [INFO ][main][LibraryAdminApplicationTests] Started LibraryAdminApplicationTests in 3.413 seconds (process running for 4.693)
[2026-02-26 22:59:12.321] [INFO ][main][EmailUtil] 邮件发送成功！
[2026-02-26 22:59:12.349] [INFO ][SpringApplicationShutdownHook][FileStorageService] 销毁存储平台 minio-1 成功
[2026-02-26 22:59:12.349] [INFO ][SpringApplicationShutdownHook][FileStorageService] 销毁存储平台 r2-1 成功
[2026-02-26 22:59:12.350] [INFO ][SpringApplicationShutdownHook][DruidDataSource] {dataSource-1} closing ...
[2026-02-26 22:59:12.356] [INFO ][SpringApplicationShutdownHook][DruidDataSource] {dataSource-1} closed
[2026-02-26 22:59:30.911] [INFO ][background-preinit][Version] HV000001: Hibernate Validator 8.0.3.Final
[2026-02-26 22:59:30.942] [INFO ][main][LibraryAdminApplicationTests] Starting LibraryAdminApplicationTests using Java 21.0.6 with PID 30316 (started by shent in E:\library\library\library-admin)
[2026-02-26 22:59:30.947] [INFO ][main][LibraryAdminApplicationTests] The following 1 profile is active: "dev"
[2026-02-26 22:59:32.302] [INFO ][main][DruidDataSourceAutoConfigure] Init DruidDataSource
[2026-02-26 22:59:32.661] [INFO ][main][DruidDataSource] {dataSource-1} inited
[2026-02-26 22:59:33.076] [WARN ][main][FileStorageAutoConfiguration] 没有找到 FileRecorder 的实现类，文件上传之外的部分功能无法正常使用，必须实现该接口才能使用完整功能！
[2026-02-26 22:59:33.099] [INFO ][main][FileStorageServiceBuilder] 加载 MinIO 存储平台：minio-1
[2026-02-26 22:59:33.103] [INFO ][main][FileStorageServiceBuilder] 加载 Amazon S3 存储平台：r2-1
[2026-02-26 22:59:34.505] [INFO ][main][LibraryAdminApplicationTests] Started LibraryAdminApplicationTests in 3.939 seconds (process running for 5.338)
[2026-02-26 22:59:38.328] [INFO ][main][EmailUtil] 邮件发送成功！
[2026-02-26 22:59:38.368] [INFO ][SpringApplicationShutdownHook][FileStorageService] 销毁存储平台 minio-1 成功
[2026-02-26 22:59:38.368] [INFO ][SpringApplicationShutdownHook][FileStorageService] 销毁存储平台 r2-1 成功
[2026-02-26 22:59:38.368] [INFO ][SpringApplicationShutdownHook][DruidDataSource] {dataSource-1} closing ...
[2026-02-26 22:59:38.375] [INFO ][SpringApplicationShutdownHook][DruidDataSource] {dataSource-1} closed
[2026-02-26 23:00:06.625] [INFO ][background-preinit][Version] HV000001: Hibernate Validator 8.0.3.Final
[2026-02-26 23:00:06.658] [INFO ][main][LibraryAdminApplicationTests] Starting LibraryAdminApplicationTests using Java 21.0.6 with PID 29436 (started by shent in E:\library\library\library-admin)
[2026-02-26 23:00:06.660] [INFO ][main][LibraryAdminApplicationTests] The following 1 profile is active: "dev"
[2026-02-26 23:00:07.966] [INFO ][main][DruidDataSourceAutoConfigure] Init DruidDataSource
[2026-02-26 23:00:08.283] [INFO ][main][DruidDataSource] {dataSource-1} inited
[2026-02-26 23:00:08.680] [WARN ][main][FileStorageAutoConfiguration] 没有找到 FileRecorder 的实现类，文件上传之外的部分功能无法正常使用，必须实现该接口才能使用完整功能！
[2026-02-26 23:00:08.699] [INFO ][main][FileStorageServiceBuilder] 加载 MinIO 存储平台：minio-1
[2026-02-26 23:00:08.704] [INFO ][main][FileStorageServiceBuilder] 加载 Amazon S3 存储平台：r2-1
[2026-02-26 23:00:09.967] [INFO ][main][LibraryAdminApplicationTests] Started LibraryAdminApplicationTests in 3.619 seconds (process running for 4.917)
[2026-02-26 23:00:13.985] [INFO ][main][EmailUtil] 邮件发送成功！
[2026-02-26 23:00:14.014] [INFO ][SpringApplicationShutdownHook][FileStorageService] 销毁存储平台 minio-1 成功
[2026-02-26 23:00:14.014] [INFO ][SpringApplicationShutdownHook][FileStorageService] 销毁存储平台 r2-1 成功
[2026-02-26 23:00:14.014] [INFO ][SpringApplicationShutdownHook][DruidDataSource] {dataSource-1} closing ...
[2026-02-26 23:00:14.021] [INFO ][SpringApplicationShutdownHook][DruidDataSource] {dataSource-1} closed
[2026-02-26 23:02:28.139] [INFO ][background-preinit][Version] HV000001: Hibernate Validator 8.0.3.Final
[2026-02-26 23:02:28.174] [INFO ][main][LibraryAdminApplicationTests] Starting LibraryAdminApplicationTests using Java 21.0.6 with PID 31652 (started by shent in E:\library\library\library-admin)
[2026-02-26 23:02:28.177] [INFO ][main][LibraryAdminApplicationTests] The following 1 profile is active: "dev"
[2026-02-26 23:02:29.540] [INFO ][main][DruidDataSourceAutoConfigure] Init DruidDataSource
[2026-02-26 23:02:29.850] [INFO ][main][DruidDataSource] {dataSource-1} inited
[2026-02-26 23:02:30.189] [WARN ][main][FileStorageAutoConfiguration] 没有找到 FileRecorder 的实现类，文件上传之外的部分功能无法正常使用，必须实现该接口才能使用完整功能！
[2026-02-26 23:02:30.208] [INFO ][main][FileStorageServiceBuilder] 加载 MinIO 存储平台：minio-1
[2026-02-26 23:02:30.213] [INFO ][main][FileStorageServiceBuilder] 加载 Amazon S3 存储平台：r2-1
[2026-02-26 23:02:31.507] [INFO ][main][LibraryAdminApplicationTests] Started LibraryAdminApplicationTests in 3.657 seconds (process running for 4.978)
[2026-02-26 23:02:44.112] [ERROR][main][EmailUtil] 邮件发送失败：
org.springframework.mail.MailSendException: Failed messages: jakarta.mail.MessagingException: Exception reading response;
  nested exception is:
	java.net.SocketTimeoutException: Read timed out
	at org.springframework.mail.javamail.JavaMailSenderImpl.doSend(JavaMailSenderImpl.java:453) ~[spring-context-support-6.2.15.jar:6.2.15]
	at org.springframework.mail.javamail.JavaMailSenderImpl.send(JavaMailSenderImpl.java:317) ~[spring-context-support-6.2.15.jar:6.2.15]
	at org.springframework.mail.MailSender.send(MailSender.java:42) ~[spring-context-support-6.2.15.jar:6.2.15]
	at com.library.system.util.EmailUtil.sendFromEmail(EmailUtil.java:41) ~[classes/:?]
	at com.library.admin.LibraryAdminApplicationTests.mailTest(LibraryAdminApplicationTests.java:19) ~[test-classes/:?]
	at jdk.internal.reflect.DirectMethodHandleAccessor.invoke(DirectMethodHandleAccessor.java:103) ~[?:?]
	at java.lang.reflect.Method.invoke(Method.java:580) ~[?:?]
	at org.junit.platform.commons.util.ReflectionUtils.invokeMethod(ReflectionUtils.java:775) ~[junit-platform-commons-1.12.2.jar:1.12.2]
	at org.junit.platform.commons.support.ReflectionSupport.invokeMethod(ReflectionSupport.java:479) ~[junit-platform-commons-1.12.2.jar:1.12.2]
	at org.junit.jupiter.engine.execution.MethodInvocation.proceed(MethodInvocation.java:60) ~[junit-jupiter-engine-5.12.2.jar:5.12.2]
	at org.junit.jupiter.engine.execution.InvocationInterceptorChain$ValidatingInvocation.proceed(InvocationInterceptorChain.java:131) ~[junit-jupiter-engine-5.12.2.jar:5.12.2]
	at org.junit.jupiter.engine.extension.TimeoutExtension.intercept(TimeoutExtension.java:161) ~[junit-jupiter-engine-5.12.2.jar:5.12.2]
	at org.junit.jupiter.engine.extension.TimeoutExtension.interceptTestableMethod(TimeoutExtension.java:152) ~[junit-jupiter-engine-5.12.2.jar:5.12.2]
	at org.junit.jupiter.engine.extension.TimeoutExtension.interceptTestMethod(TimeoutExtension.java:91) ~[junit-jupiter-engine-5.12.2.jar:5.12.2]
	at org.junit.jupiter.engine.execution.InterceptingExecutableInvoker$ReflectiveInterceptorCall.lambda$ofVoidMethod$0(InterceptingExecutableInvoker.java:112) ~[junit-jupiter-engine-5.12.2.jar:5.12.2]
	at org.junit.jupiter.engine.execution.InterceptingExecutableInvoker.lambda$invoke$0(InterceptingExecutableInvoker.java:94) ~[junit-jupiter-engine-5.12.2.jar:5.12.2]
	at org.junit.jupiter.engine.execution.InvocationInterceptorChain$InterceptedInvocation.proceed(InvocationInterceptorChain.java:106) ~[junit-jupiter-engine-5.12.2.jar:5.12.2]
	at org.junit.jupiter.engine.execution.InvocationInterceptorChain.proceed(InvocationInterceptorChain.java:64) ~[junit-jupiter-engine-5.12.2.jar:5.12.2]
	at org.junit.jupiter.engine.execution.InvocationInterceptorChain.chainAndInvoke(InvocationInterceptorChain.java:45) ~[junit-jupiter-engine-5.12.2.jar:5.12.2]
	at org.junit.jupiter.engine.execution.InvocationInterceptorChain.invoke(InvocationInterceptorChain.java:37) ~[junit-jupiter-engine-5.12.2.jar:5.12.2]
	at org.junit.jupiter.engine.execution.InterceptingExecutableInvoker.invoke(InterceptingExecutableInvoker.java:93) ~[junit-jupiter-engine-5.12.2.jar:5.12.2]
	at org.junit.jupiter.engine.execution.InterceptingExecutableInvoker.invoke(InterceptingExecutableInvoker.java:87) ~[junit-jupiter-engine-5.12.2.jar:5.12.2]
	at org.junit.jupiter.engine.descriptor.TestMethodTestDescriptor.lambda$invokeTestMethod$7(TestMethodTestDescriptor.java:216) ~[junit-jupiter-engine-5.12.2.jar:5.12.2]
	at org.junit.platform.engine.support.hierarchical.ThrowableCollector.execute(ThrowableCollector.java:73) ~[junit-platform-engine-1.12.2.jar:1.12.2]
	at org.junit.jupiter.engine.descriptor.TestMethodTestDescriptor.invokeTestMethod(TestMethodTestDescriptor.java:212) ~[junit-jupiter-engine-5.12.2.jar:5.12.2]
	at org.junit.jupiter.engine.descriptor.TestMethodTestDescriptor.execute(TestMethodTestDescriptor.java:137) ~[junit-jupiter-engine-5.12.2.jar:5.12.2]
	at org.junit.jupiter.engine.descriptor.TestMethodTestDescriptor.execute(TestMethodTestDescriptor.java:69) ~[junit-jupiter-engine-5.12.2.jar:5.12.2]
	at org.junit.platform.engine.support.hierarchical.NodeTestTask.lambda$executeRecursively$6(NodeTestTask.java:156) ~[junit-platform-engine-1.12.2.jar:1.12.2]
	at org.junit.platform.engine.support.hierarchical.ThrowableCollector.execute(ThrowableCollector.java:73) ~[junit-platform-engine-1.12.2.jar:1.12.2]
	at org.junit.platform.engine.support.hierarchical.NodeTestTask.lambda$executeRecursively$8(NodeTestTask.java:146) ~[junit-platform-engine-1.12.2.jar:1.12.2]
	at org.junit.platform.engine.support.hierarchical.Node.around(Node.java:137) ~[junit-platform-engine-1.12.2.jar:1.12.2]
	at org.junit.platform.engine.support.hierarchical.NodeTestTask.lambda$executeRecursively$9(NodeTestTask.java:144) ~[junit-platform-engine-1.12.2.jar:1.12.2]
	at org.junit.platform.engine.support.hierarchical.ThrowableCollector.execute(ThrowableCollector.java:73) ~[junit-platform-engine-1.12.2.jar:1.12.2]
	at org.junit.platform.engine.support.hierarchical.NodeTestTask.executeRecursively(NodeTestTask.java:143) ~[junit-platform-engine-1.12.2.jar:1.12.2]
	at org.junit.platform.engine.support.hierarchical.NodeTestTask.execute(NodeTestTask.java:100) ~[junit-platform-engine-1.12.2.jar:1.12.2]
	at java.util.ArrayList.forEach(ArrayList.java:1596) ~[?:?]
	at org.junit.platform.engine.support.hierarchical.SameThreadHierarchicalTestExecutorService.invokeAll(SameThreadHierarchicalTestExecutorService.java:41) ~[junit-platform-engine-1.12.2.jar:1.12.2]
	at org.junit.platform.engine.support.hierarchical.NodeTestTask.lambda$executeRecursively$6(NodeTestTask.java:160) ~[junit-platform-engine-1.12.2.jar:1.12.2]
	at org.junit.platform.engine.support.hierarchical.ThrowableCollector.execute(ThrowableCollector.java:73) ~[junit-platform-engine-1.12.2.jar:1.12.2]
	at org.junit.platform.engine.support.hierarchical.NodeTestTask.lambda$executeRecursively$8(NodeTestTask.java:146) ~[junit-platform-engine-1.12.2.jar:1.12.2]
	at org.junit.platform.engine.support.hierarchical.Node.around(Node.java:137) ~[junit-platform-engine-1.12.2.jar:1.12.2]
	at org.junit.platform.engine.support.hierarchical.NodeTestTask.lambda$executeRecursively$9(NodeTestTask.java:144) ~[junit-platform-engine-1.12.2.jar:1.12.2]
	at org.junit.platform.engine.support.hierarchical.ThrowableCollector.execute(ThrowableCollector.java:73) ~[junit-platform-engine-1.12.2.jar:1.12.2]
	at org.junit.platform.engine.support.hierarchical.NodeTestTask.executeRecursively(NodeTestTask.java:143) ~[junit-platform-engine-1.12.2.jar:1.12.2]
	at org.junit.platform.engine.support.hierarchical.NodeTestTask.execute(NodeTestTask.java:100) ~[junit-platform-engine-1.12.2.jar:1.12.2]
	at java.util.ArrayList.forEach(ArrayList.java:1596) ~[?:?]
	at org.junit.platform.engine.support.hierarchical.SameThreadHierarchicalTestExecutorService.invokeAll(SameThreadHierarchicalTestExecutorService.java:41) ~[junit-platform-engine-1.12.2.jar:1.12.2]
	at org.junit.platform.engine.support.hierarchical.NodeTestTask.lambda$executeRecursively$6(NodeTestTask.java:160) ~[junit-platform-engine-1.12.2.jar:1.12.2]
	at org.junit.platform.engine.support.hierarchical.ThrowableCollector.execute(ThrowableCollector.java:73) ~[junit-platform-engine-1.12.2.jar:1.12.2]
	at org.junit.platform.engine.support.hierarchical.NodeTestTask.lambda$executeRecursively$8(NodeTestTask.java:146) ~[junit-platform-engine-1.12.2.jar:1.12.2]
	at org.junit.platform.engine.support.hierarchical.Node.around(Node.java:137) ~[junit-platform-engine-1.12.2.jar:1.12.2]
	at org.junit.platform.engine.support.hierarchical.NodeTestTask.lambda$executeRecursively$9(NodeTestTask.java:144) ~[junit-platform-engine-1.12.2.jar:1.12.2]
	at org.junit.platform.engine.support.hierarchical.ThrowableCollector.execute(ThrowableCollector.java:73) ~[junit-platform-engine-1.12.2.jar:1.12.2]
	at org.junit.platform.engine.support.hierarchical.NodeTestTask.executeRecursively(NodeTestTask.java:143) ~[junit-platform-engine-1.12.2.jar:1.12.2]
	at org.junit.platform.engine.support.hierarchical.NodeTestTask.execute(NodeTestTask.java:100) ~[junit-platform-engine-1.12.2.jar:1.12.2]
	at org.junit.platform.engine.support.hierarchical.SameThreadHierarchicalTestExecutorService.submit(SameThreadHierarchicalTestExecutorService.java:35) ~[junit-platform-engine-1.12.2.jar:1.12.2]
	at org.junit.platform.engine.support.hierarchical.HierarchicalTestExecutor.execute(HierarchicalTestExecutor.java:57) ~[junit-platform-engine-1.12.2.jar:1.12.2]
	at org.junit.platform.engine.support.hierarchical.HierarchicalTestEngine.execute(HierarchicalTestEngine.java:54) ~[junit-platform-engine-1.12.2.jar:1.12.2]
	at org.junit.platform.launcher.core.EngineExecutionOrchestrator.execute(EngineExecutionOrchestrator.java:201) ~[junit-platform-launcher-1.12.2.jar:1.12.2]
	at org.junit.platform.launcher.core.EngineExecutionOrchestrator.execute(EngineExecutionOrchestrator.java:170) ~[junit-platform-launcher-1.12.2.jar:1.12.2]
	at org.junit.platform.launcher.core.EngineExecutionOrchestrator.execute(EngineExecutionOrchestrator.java:94) ~[junit-platform-launcher-1.12.2.jar:1.12.2]
	at org.junit.platform.launcher.core.EngineExecutionOrchestrator.lambda$execute$0(EngineExecutionOrchestrator.java:59) ~[junit-platform-launcher-1.12.2.jar:1.12.2]
	at org.junit.platform.launcher.core.EngineExecutionOrchestrator.withInterceptedStreams(EngineExecutionOrchestrator.java:142) ~[junit-platform-launcher-1.12.2.jar:1.12.2]
	at org.junit.platform.launcher.core.EngineExecutionOrchestrator.execute(EngineExecutionOrchestrator.java:58) ~[junit-platform-launcher-1.12.2.jar:1.12.2]
	at org.junit.platform.launcher.core.DefaultLauncher.execute(DefaultLauncher.java:103) ~[junit-platform-launcher-1.12.2.jar:1.12.2]
	at org.junit.platform.launcher.core.DefaultLauncher.execute(DefaultLauncher.java:85) ~[junit-platform-launcher-1.12.2.jar:1.12.2]
	at org.junit.platform.launcher.core.DelegatingLauncher.execute(DelegatingLauncher.java:47) ~[junit-platform-launcher-1.12.2.jar:1.12.2]
	at org.junit.platform.launcher.core.InterceptingLauncher.lambda$execute$1(InterceptingLauncher.java:39) ~[junit-platform-launcher-1.12.2.jar:1.12.2]
	at org.junit.platform.launcher.core.ClasspathAlignmentCheckingLauncherInterceptor.intercept(ClasspathAlignmentCheckingLauncherInterceptor.java:25) ~[junit-platform-launcher-1.12.2.jar:1.12.2]
	at org.junit.platform.launcher.core.InterceptingLauncher.execute(InterceptingLauncher.java:38) ~[junit-platform-launcher-1.12.2.jar:1.12.2]
	at org.junit.platform.launcher.core.DelegatingLauncher.execute(DelegatingLauncher.java:47) ~[junit-platform-launcher-1.12.2.jar:1.12.2]
	at org.junit.platform.launcher.core.SessionPerRequestLauncher.execute(SessionPerRequestLauncher.java:63) ~[junit-platform-launcher-1.12.2.jar:1.12.2]
	at com.intellij.junit5.JUnit5IdeaTestRunner.startRunnerWithArgs(JUnit5IdeaTestRunner.java:66) ~[junit5-rt.jar:?]
	at com.intellij.rt.junit.IdeaTestRunner$Repeater$1.execute(IdeaTestRunner.java:38) ~[junit-rt.jar:?]
	at com.intellij.rt.execution.junit.TestsRepeater.repeat(TestsRepeater.java:11) ~[idea_rt.jar:?]
	at com.intellij.rt.junit.IdeaTestRunner$Repeater.startRunnerWithArgs(IdeaTestRunner.java:35) ~[junit-rt.jar:?]
	at com.intellij.rt.junit.JUnitStarter.prepareStreamsAndStart(JUnitStarter.java:237) ~[junit-rt.jar:?]
	at com.intellij.rt.junit.JUnitStarter.main(JUnitStarter.java:58) ~[junit-rt.jar:?]
[2026-02-26 23:02:44.154] [INFO ][SpringApplicationShutdownHook][FileStorageService] 销毁存储平台 minio-1 成功
[2026-02-26 23:02:44.154] [INFO ][SpringApplicationShutdownHook][FileStorageService] 销毁存储平台 r2-1 成功
[2026-02-26 23:02:44.155] [INFO ][SpringApplicationShutdownHook][DruidDataSource] {dataSource-1} closing ...
[2026-02-26 23:02:44.163] [INFO ][SpringApplicationShutdownHook][DruidDataSource] {dataSource-1} closed
[2026-02-26 23:03:00.782] [INFO ][background-preinit][Version] HV000001: Hibernate Validator 8.0.3.Final
[2026-02-26 23:03:00.821] [INFO ][main][LibraryAdminApplication] Starting LibraryAdminApplication using Java 21.0.6 with PID 30540 (E:\library\library\library-admin\target\classes started by shent in E:\library\library)
[2026-02-26 23:03:00.824] [INFO ][main][LibraryAdminApplication] The following 1 profile is active: "dev"
[2026-02-26 23:03:01.982] [INFO ][main][Http11NioProtocol] Initializing ProtocolHandler ["http-nio-8080"]
[2026-02-26 23:03:01.984] [INFO ][main][StandardService] Starting service [Tomcat]
[2026-02-26 23:03:01.984] [INFO ][main][StandardEngine] Starting Servlet engine: [Apache Tomcat/10.1.50]
[2026-02-26 23:03:02.038] [INFO ][main][[/api/library]] Initializing Spring embedded WebApplicationContext
[2026-02-26 23:03:02.137] [INFO ][main][DruidDataSourceAutoConfigure] Init DruidDataSource
[2026-02-26 23:03:02.382] [INFO ][main][DruidDataSource] {dataSource-1} inited
[2026-02-26 23:03:02.640] [WARN ][main][FileStorageAutoConfiguration] 没有找到 FileRecorder 的实现类，文件上传之外的部分功能无法正常使用，必须实现该接口才能使用完整功能！
[2026-02-26 23:03:02.654] [INFO ][main][FileStorageServiceBuilder] 加载 MinIO 存储平台：minio-1
[2026-02-26 23:03:02.657] [INFO ][main][FileStorageServiceBuilder] 加载 Amazon S3 存储平台：r2-1
[2026-02-26 23:03:03.512] [INFO ][main][Http11NioProtocol] Starting ProtocolHandler ["http-nio-8080"]
[2026-02-26 23:03:03.539] [INFO ][main][LibraryAdminApplication] Started LibraryAdminApplication in 3.072 seconds (process running for 3.967)
[2026-02-26 23:04:38.743] [INFO ][SpringApplicationShutdownHook][FileStorageService] 销毁存储平台 minio-1 成功
[2026-02-26 23:04:38.744] [INFO ][SpringApplicationShutdownHook][FileStorageService] 销毁存储平台 r2-1 成功
[2026-02-26 23:04:38.744] [INFO ][SpringApplicationShutdownHook][DruidDataSource] {dataSource-1} closing ...
[2026-02-26 23:04:38.750] [INFO ][SpringApplicationShutdownHook][DruidDataSource] {dataSource-1} closed
n][DruidDataSourceAutoConfigure] Init DruidDataSource
[2026-02-26 23:03:12.425] [INFO ][main][DruidDataSource] {dataSource-1} inited
[2026-02-26 23:03:12.794] [WARN ][main][FileStorageAutoConfiguration] 没有找到 FileRecorder 的实现类，文件上传之外的部分功能无法正常使用，必须实现该接口才能使用完整功能！
[2026-02-26 23:03:12.812] [INFO ][main][FileStorageServiceBuilder] 加载 MinIO 存储平台：minio-1
[2026-02-26 23:03:12.817] [INFO ][main][FileStorageServiceBuilder] 加载 Amazon S3 存储平台：r2-1
[2026-02-26 23:03:13.978] [INFO ][main][LibraryAdminApplicationTests] Started LibraryAdminApplicationTests in 3.483 seconds (process running for 4.904)
[2026-02-26 23:03:21.559] [INFO ][main][EmailUtil] 邮件发送成功！
[2026-02-26 23:03:21.587] [INFO ][SpringApplicationShutdownHook][FileStorageService] 销毁存储平台 minio-1 成功
[2026-02-26 23:03:21.587] [INFO ][SpringApplicationShutdownHook][FileStorageService] 销毁存储平台 r2-1 成功
[2026-02-26 23:03:21.588] [INFO ][SpringApplicationShutdownHook][DruidDataSource] {dataSource-1} closing ...
[2026-02-26 23:03:21.593] [INFO ][SpringApplicationShutdownHook][DruidDataSource] {dataSource-1} closed
